"id","create_at","status","update_at","area_level","city_code","city_name","county_code","county_name","province_code","province_name","short_name","sort","SOURCE_TABLE_NAME","SOURCE_DATA_ID","timestamp"
"116155",,"ACTIVE",,"state",,,,,"root_dept","中华人民共和国","中华人民共和国","1","rt_dim_area","116155","4/1/2018"
"116156",,"ACTIVE",,"province",,,,,"110000000000","北京市","北京市","1","rt_dim_area","116156","4/1/2018"
"116157",,"ACTIVE",,"city","110100000000","市辖区",,,"110000000000","北京市","市辖区","1","rt_dim_area","116157","4/1/2018"
"116158",,"ACTIVE",,"county","110100000000","市辖区","110101000000","东城区","110000000000","北京市","东城区","1","rt_dim_area","116158","4/1/2018"
"116159",,"ACTIVE",,"county","110100000000","市辖区","110102000000","西城区","110000000000","北京市","西城区","1","rt_dim_area","116159","4/1/2018"
"116160",,"ACTIVE",,"county","110100000000","市辖区","110105000000","朝阳区","110000000000","北京市","朝阳区","1","rt_dim_area","116160","4/1/2018"
"116161",,"ACTIVE",,"county","110100000000","市辖区","110106000000","丰台区","110000000000","北京市","丰台区","1","rt_dim_area","116161","4/1/2018"
"116162",,"ACTIVE",,"county","110100000000","市辖区","110107000000","石景山区","110000000000","北京市","石景山区","1","rt_dim_area","116162","4/1/2018"
"116163",,"ACTIVE",,"county","110100000000","市辖区","110108000000","海淀区","110000000000","北京市","海淀区","1","rt_dim_area","116163","4/1/2018"
"116164",,"ACTIVE",,"county","110100000000","市辖区","110109000000","门头沟区","110000000000","北京市","门头沟区","1","rt_dim_area","116164","4/1/2018"
"116165",,"ACTIVE",,"county","110100000000","市辖区","110111000000","房山区","110000000000","北京市","房山区","1","rt_dim_area","116165","4/1/2018"
"116166",,"ACTIVE",,"county","110100000000","市辖区","110112000000","通州区","110000000000","北京市","通州区","1","rt_dim_area","116166","4/1/2018"
"116167",,"ACTIVE",,"county","110100000000","市辖区","110113000000","顺义区","110000000000","北京市","顺义区","1","rt_dim_area","116167","4/1/2018"
"116168",,"ACTIVE",,"county","110100000000","市辖区","110114000000","昌平区","110000000000","北京市","昌平区","1","rt_dim_area","116168","4/1/2018"
"116169",,"ACTIVE",,"county","110100000000","市辖区","110115000000","大兴区","110000000000","北京市","大兴区","1","rt_dim_area","116169","4/1/2018"
"116170",,"ACTIVE",,"county","110100000000","市辖区","110116000000","怀柔区","110000000000","北京市","怀柔区","1","rt_dim_area","116170","4/1/2018"
"116171",,"ACTIVE",,"county","110100000000","市辖区","110117000000","平谷区","110000000000","北京市","平谷区","1","rt_dim_area","116171","4/1/2018"
"116172",,"ACTIVE",,"county","110100000000","市辖区","110161000000","北京经济技术开发区","110000000000","北京市","北京经济技术开发区","1","rt_dim_area","116172","4/1/2018"
"116173",,"ACTIVE",,"county","110100000000","市辖区","110228000000","密云区","110000000000","北京市","密云区","1","rt_dim_area","116173","4/1/2018"
"116174",,"ACTIVE",,"county","110100000000","市辖区","110229000000","延庆区","110000000000","北京市","延庆区","1","rt_dim_area","116174","4/1/2018"
"116175",,"ACTIVE",,"province",,,,,"120000000000","天津市","天津市","1","rt_dim_area","116175","4/1/2018"
"116176",,"ACTIVE",,"city","120100000000","市辖区",,,"120000000000","天津市","市辖区","1","rt_dim_area","116176","4/1/2018"
"116177",,"ACTIVE",,"county","120100000000","市辖区","120101000000","和平区","120000000000","天津市","和平区","1","rt_dim_area","116177","4/1/2018"
"116178",,"ACTIVE",,"county","120100000000","市辖区","120102000000","河东区","120000000000","天津市","河东区","1","rt_dim_area","116178","4/1/2018"
"116179",,"ACTIVE",,"county","120100000000","市辖区","120103000000","河西区","120000000000","天津市","河西区","1","rt_dim_area","116179","4/1/2018"
"116180",,"ACTIVE",,"county","120100000000","市辖区","120104000000","南开区","120000000000","天津市","南开区","1","rt_dim_area","116180","4/1/2018"
"116181",,"ACTIVE",,"county","120100000000","市辖区","120105000000","河北区","120000000000","天津市","河北区","1","rt_dim_area","116181","4/1/2018"
"116182",,"ACTIVE",,"county","120100000000","市辖区","120106000000","红桥区","120000000000","天津市","红桥区","1","rt_dim_area","116182","4/1/2018"
"116183",,"ACTIVE",,"county","120100000000","市辖区","120110000000","东丽区","120000000000","天津市","东丽区","1","rt_dim_area","116183","4/1/2018"
"116184",,"ACTIVE",,"county","120100000000","市辖区","120111000000","西青区","120000000000","天津市","西青区","1","rt_dim_area","116184","4/1/2018"
"116185",,"ACTIVE",,"county","120100000000","市辖区","120112000000","津南区","120000000000","天津市","津南区","1","rt_dim_area","116185","4/1/2018"
"116186",,"ACTIVE",,"county","120100000000","市辖区","120112010000","海河教育园","120000000000","天津市","海河教育园","1","rt_dim_area","116186","4/1/2018"
"116187",,"ACTIVE",,"county","120100000000","市辖区","120113000000","北辰区","120000000000","天津市","北辰区","1","rt_dim_area","116187","4/1/2018"
"116188",,"ACTIVE",,"county","120100000000","市辖区","120114000000","武清区","120000000000","天津市","武清区","1","rt_dim_area","116188","4/1/2018"
"116189",,"ACTIVE",,"county","120100000000","市辖区","120115000000","宝坻区","120000000000","天津市","宝坻区","1","rt_dim_area","116189","4/1/2018"
"116190",,"ACTIVE",,"county","120100000000","市辖区","120116000000","滨海新区","120000000000","天津市","滨海新区","1","rt_dim_area","116190","4/1/2018"
"116191",,"ACTIVE",,"county","120100000000","市辖区","120117000000","宁河区","120000000000","天津市","宁河区","1","rt_dim_area","116191","4/1/2018"
"116192",,"ACTIVE",,"county","120100000000","市辖区","120118000000","静海区","120000000000","天津市","静海区","1","rt_dim_area","116192","4/1/2018"
"116193",,"ACTIVE",,"county","120100000000","市辖区","120225000000","蓟州区","120000000000","天津市","蓟州区","1","rt_dim_area","116193","4/1/2018"
"116194",,"ACTIVE",,"province",,,,,"130000000000","河北省","河北省","1","rt_dim_area","116194","4/1/2018"
"116195",,"ACTIVE",,"city","130100000000","石家庄市",,,"130000000000","河北省","石家庄市","1","rt_dim_area","116195","4/1/2018"
"116196",,"DEL",,"county","130100000000","石家庄市","130101000000","市辖区","130000000000","河北省","市辖区","1","rt_dim_area","116196","4/1/2018"
"116197",,"ACTIVE",,"county","130100000000","石家庄市","130102000000","长安区","130000000000","河北省","长安区","1","rt_dim_area","116197","4/1/2018"
"116198",,"ACTIVE",,"county","130100000000","石家庄市","130104000000","桥西区","130000000000","河北省","桥西区","1","rt_dim_area","116198","4/1/2018"
"116199",,"ACTIVE",,"county","130100000000","石家庄市","130105000000","新华区","130000000000","河北省","新华区","1","rt_dim_area","116199","4/1/2018"
"116200",,"ACTIVE",,"county","130100000000","石家庄市","130107000000","井陉矿区","130000000000","河北省","井陉矿区","1","rt_dim_area","116200","4/1/2018"
"116201",,"ACTIVE",,"county","130100000000","石家庄市","130108000000","裕华区","130000000000","河北省","裕华区","1","rt_dim_area","116201","4/1/2018"
"116202",,"ACTIVE",,"county","130100000000","石家庄市","130109000000","藁城区","130000000000","河北省","藁城区","1","rt_dim_area","116202","4/1/2018"
"116203",,"ACTIVE",,"county","130100000000","石家庄市","130110000000","鹿泉区","130000000000","河北省","鹿泉区","1","rt_dim_area","116203","4/1/2018"
"116204",,"ACTIVE",,"county","130100000000","石家庄市","130111000000","栾城区","130000000000","河北省","栾城区","1","rt_dim_area","116204","4/1/2018"
"116205",,"ACTIVE",,"county","130100000000","石家庄市","130121000000","井陉县","130000000000","河北省","井陉县","1","rt_dim_area","116205","4/1/2018"
"116206",,"ACTIVE",,"county","130100000000","石家庄市","130123000000","正定县","130000000000","河北省","正定县","1","rt_dim_area","116206","4/1/2018"
"116207",,"ACTIVE",,"county","130100000000","石家庄市","130125000000","行唐县","130000000000","河北省","行唐县","1","rt_dim_area","116207","4/1/2018"
"116208",,"ACTIVE",,"county","130100000000","石家庄市","130126000000","灵寿县","130000000000","河北省","灵寿县","1","rt_dim_area","116208","4/1/2018"
"116209",,"ACTIVE",,"county","130100000000","石家庄市","130127000000","高邑县","130000000000","河北省","高邑县","1","rt_dim_area","116209","4/1/2018"
"116210",,"ACTIVE",,"county","130100000000","石家庄市","130128000000","深泽县","130000000000","河北省","深泽县","1","rt_dim_area","116210","4/1/2018"
"116211",,"ACTIVE",,"county","130100000000","石家庄市","130129000000","赞皇县","130000000000","河北省","赞皇县","1","rt_dim_area","116211","4/1/2018"
"116212",,"ACTIVE",,"county","130100000000","石家庄市","130130000000","无极县","130000000000","河北省","无极县","1","rt_dim_area","116212","4/1/2018"
"116213",,"ACTIVE",,"county","130100000000","石家庄市","130131000000","平山县","130000000000","河北省","平山县","1","rt_dim_area","116213","4/1/2018"
"116214",,"ACTIVE",,"county","130100000000","石家庄市","130132000000","元氏县","130000000000","河北省","元氏县","1","rt_dim_area","116214","4/1/2018"
"116215",,"ACTIVE",,"county","130100000000","石家庄市","130133000000","赵县","130000000000","河北省","赵县","1","rt_dim_area","116215","4/1/2018"
"116216",,"ACTIVE",,"county","130100000000","石家庄市","130183000000","晋州市","130000000000","河北省","晋州市","1","rt_dim_area","116216","4/1/2018"
"116217",,"ACTIVE",,"county","130100000000","石家庄市","130184000000","新乐市","130000000000","河北省","新乐市","1","rt_dim_area","116217","4/1/2018"
"116218",,"ACTIVE",,"city","130200000000","唐山市",,,"130000000000","河北省","唐山市","1","rt_dim_area","116218","4/1/2018"
"116219",,"DEL",,"county","130200000000","唐山市","130201000000","市辖区","130000000000","河北省","市辖区","1","rt_dim_area","116219","4/1/2018"
"116220",,"ACTIVE",,"county","130200000000","唐山市","130202000000","路南区","130000000000","河北省","路南区","1","rt_dim_area","116220","4/1/2018"
"116221",,"ACTIVE",,"county","130200000000","唐山市","130203000000","路北区","130000000000","河北省","路北区","1","rt_dim_area","116221","4/1/2018"
"116222",,"ACTIVE",,"county","130200000000","唐山市","130204000000","古冶区","130000000000","河北省","古冶区","1","rt_dim_area","116222","4/1/2018"
"116223",,"ACTIVE",,"county","130200000000","唐山市","130205000000","开平区","130000000000","河北省","开平区","1","rt_dim_area","116223","4/1/2018"
"116224",,"ACTIVE",,"county","130200000000","唐山市","130207000000","丰南区","130000000000","河北省","丰南区","1","rt_dim_area","116224","4/1/2018"
"116225",,"ACTIVE",,"county","130200000000","唐山市","130208000000","丰润区","130000000000","河北省","丰润区","1","rt_dim_area","116225","4/1/2018"
"116226",,"ACTIVE",,"county","130200000000","唐山市","130209000000","曹妃甸区","130000000000","河北省","曹妃甸区","1","rt_dim_area","116226","4/1/2018"
"116227",,"ACTIVE",,"county","130200000000","唐山市","130223000000","滦县","130000000000","河北省","滦县","1","rt_dim_area","116227","4/1/2018"
"116228",,"ACTIVE",,"county","130200000000","唐山市","130224000000","滦南县","130000000000","河北省","滦南县","1","rt_dim_area","116228","4/1/2018"
"116229",,"ACTIVE",,"county","130200000000","唐山市","130225000000","乐亭县","130000000000","河北省","乐亭县","1","rt_dim_area","116229","4/1/2018"
"116230",,"ACTIVE",,"county","130200000000","唐山市","130227000000","迁西县","130000000000","河北省","迁西县","1","rt_dim_area","116230","4/1/2018"
"116231",,"ACTIVE",,"county","130200000000","唐山市","130229000000","玉田县","130000000000","河北省","玉田县","1","rt_dim_area","116231","4/1/2018"
"116232",,"ACTIVE",,"county","130200000000","唐山市","130281000000","遵化市","130000000000","河北省","遵化市","1","rt_dim_area","116232","4/1/2018"
"116233",,"ACTIVE",,"county","130200000000","唐山市","130283000000","迁安市","130000000000","河北省","迁安市","1","rt_dim_area","116233","4/1/2018"
"116234",,"ACTIVE",,"city","130300000000","秦皇岛市",,,"130000000000","河北省","秦皇岛市","1","rt_dim_area","116234","4/1/2018"
"116235",,"DEL",,"county","130300000000","秦皇岛市","130301000000","市辖区","130000000000","河北省","市辖区","1","rt_dim_area","116235","4/1/2018"
"116236",,"ACTIVE",,"county","130300000000","秦皇岛市","130302000000","海港区","130000000000","河北省","海港区","1","rt_dim_area","116236","4/1/2018"
"116237",,"ACTIVE",,"county","130300000000","秦皇岛市","130303000000","山海关区","130000000000","河北省","山海关区","1","rt_dim_area","116237","4/1/2018"
"116238",,"ACTIVE",,"county","130300000000","秦皇岛市","130304000000","北戴河区","130000000000","河北省","北戴河区","1","rt_dim_area","116238","4/1/2018"
"116239",,"ACTIVE",,"county","130300000000","秦皇岛市","130306000000","抚宁区","130000000000","河北省","抚宁区","1","rt_dim_area","116239","4/1/2018"
"116240",,"ACTIVE",,"county","130300000000","秦皇岛市","130321000000","青龙满族自治县","130000000000","河北省","青龙满族自治县","1","rt_dim_area","116240","4/1/2018"
"116241",,"ACTIVE",,"county","130300000000","秦皇岛市","130322000000","昌黎县","130000000000","河北省","昌黎县","1","rt_dim_area","116241","4/1/2018"
"116242",,"ACTIVE",,"county","130300000000","秦皇岛市","130324000000","卢龙县","130000000000","河北省","卢龙县","1","rt_dim_area","116242","4/1/2018"
"116243",,"ACTIVE",,"city","130400000000","邯郸市",,,"130000000000","河北省","邯郸市","1","rt_dim_area","116243","4/1/2018"
"116244",,"DEL",,"county","130400000000","邯郸市","130401000000","市辖区","130000000000","河北省","市辖区","1","rt_dim_area","116244","4/1/2018"
"116245",,"ACTIVE",,"county","130400000000","邯郸市","130402000000","邯山区","130000000000","河北省","邯山区","1","rt_dim_area","116245","4/1/2018"
"116246",,"ACTIVE",,"county","130400000000","邯郸市","130403000000","丛台区","130000000000","河北省","丛台区","1","rt_dim_area","116246","4/1/2018"
"116247",,"ACTIVE",,"county","130400000000","邯郸市","130404000000","复兴区","130000000000","河北省","复兴区","1","rt_dim_area","116247","4/1/2018"
"116248",,"ACTIVE",,"county","130400000000","邯郸市","130406000000","峰峰矿区","130000000000","河北省","峰峰矿区","1","rt_dim_area","116248","4/1/2018"
"116249",,"ACTIVE",,"county","130400000000","邯郸市","130421000000","邯郸县","130000000000","河北省","邯郸县","1","rt_dim_area","116249","4/1/2018"
"116250",,"ACTIVE",,"county","130400000000","邯郸市","130423000000","临漳县","130000000000","河北省","临漳县","1","rt_dim_area","116250","4/1/2018"
"116251",,"ACTIVE",,"county","130400000000","邯郸市","130424000000","成安县","130000000000","河北省","成安县","1","rt_dim_area","116251","4/1/2018"
"116252",,"ACTIVE",,"county","130400000000","邯郸市","130425000000","大名县","130000000000","河北省","大名县","1","rt_dim_area","116252","4/1/2018"
"116253",,"ACTIVE",,"county","130400000000","邯郸市","130426000000","涉县","130000000000","河北省","涉县","1","rt_dim_area","116253","4/1/2018"
"116254",,"ACTIVE",,"county","130400000000","邯郸市","130427000000","磁县","130000000000","河北省","磁县","1","rt_dim_area","116254","4/1/2018"
"116255",,"ACTIVE",,"county","130400000000","邯郸市","130428000000","肥乡县","130000000000","河北省","肥乡县","1","rt_dim_area","116255","4/1/2018"
"116256",,"ACTIVE",,"county","130400000000","邯郸市","130429000000","永年县","130000000000","河北省","永年县","1","rt_dim_area","116256","4/1/2018"
"116257",,"ACTIVE",,"county","130400000000","邯郸市","130430000000","邱县","130000000000","河北省","邱县","1","rt_dim_area","116257","4/1/2018"
"116258",,"ACTIVE",,"county","130400000000","邯郸市","130431000000","鸡泽县","130000000000","河北省","鸡泽县","1","rt_dim_area","116258","4/1/2018"
"116259",,"ACTIVE",,"county","130400000000","邯郸市","130432000000","广平县","130000000000","河北省","广平县","1","rt_dim_area","116259","4/1/2018"
"116260",,"ACTIVE",,"county","130400000000","邯郸市","130433000000","馆陶县","130000000000","河北省","馆陶县","1","rt_dim_area","116260","4/1/2018"
"116261",,"ACTIVE",,"county","130400000000","邯郸市","130434000000","魏县","130000000000","河北省","魏县","1","rt_dim_area","116261","4/1/2018"
"116262",,"ACTIVE",,"county","130400000000","邯郸市","130435000000","曲周县","130000000000","河北省","曲周县","1","rt_dim_area","116262","4/1/2018"
"116263",,"ACTIVE",,"county","130400000000","邯郸市","130481000000","武安市","130000000000","河北省","武安市","1","rt_dim_area","116263","4/1/2018"
"116264",,"ACTIVE",,"city","130500000000","邢台市",,,"130000000000","河北省","邢台市","1","rt_dim_area","116264","4/1/2018"
"116265",,"DEL",,"county","130500000000","邢台市","130501000000","市辖区","130000000000","河北省","市辖区","1","rt_dim_area","116265","4/1/2018"
"116266",,"ACTIVE",,"county","130500000000","邢台市","130502000000","桥东区","130000000000","河北省","桥东区","1","rt_dim_area","116266","4/1/2018"
"116267",,"ACTIVE",,"county","130500000000","邢台市","130503000000","桥西区","130000000000","河北省","桥西区","1","rt_dim_area","116267","4/1/2018"
"116268",,"ACTIVE",,"county","130500000000","邢台市","130521000000","邢台县","130000000000","河北省","邢台县","1","rt_dim_area","116268","4/1/2018"
"116269",,"ACTIVE",,"county","130500000000","邢台市","130522000000","临城县","130000000000","河北省","临城县","1","rt_dim_area","116269","4/1/2018"
"116270",,"ACTIVE",,"county","130500000000","邢台市","130523000000","内丘县","130000000000","河北省","内丘县","1","rt_dim_area","116270","4/1/2018"
"116271",,"ACTIVE",,"county","130500000000","邢台市","130524000000","柏乡县","130000000000","河北省","柏乡县","1","rt_dim_area","116271","4/1/2018"
"116272",,"ACTIVE",,"county","130500000000","邢台市","130525000000","隆尧县","130000000000","河北省","隆尧县","1","rt_dim_area","116272","4/1/2018"
"116273",,"ACTIVE",,"county","130500000000","邢台市","130526000000","任县","130000000000","河北省","任县","1","rt_dim_area","116273","4/1/2018"
"116274",,"ACTIVE",,"county","130500000000","邢台市","130527000000","南和县","130000000000","河北省","南和县","1","rt_dim_area","116274","4/1/2018"
"116275",,"ACTIVE",,"county","130500000000","邢台市","130528000000","宁晋县","130000000000","河北省","宁晋县","1","rt_dim_area","116275","4/1/2018"
"116276",,"ACTIVE",,"county","130500000000","邢台市","130529000000","巨鹿县","130000000000","河北省","巨鹿县","1","rt_dim_area","116276","4/1/2018"
"116277",,"ACTIVE",,"county","130500000000","邢台市","130530000000","新河县","130000000000","河北省","新河县","1","rt_dim_area","116277","4/1/2018"
"116278",,"ACTIVE",,"county","130500000000","邢台市","130531000000","广宗县","130000000000","河北省","广宗县","1","rt_dim_area","116278","4/1/2018"
"116279",,"ACTIVE",,"county","130500000000","邢台市","130532000000","平乡县","130000000000","河北省","平乡县","1","rt_dim_area","116279","4/1/2018"
"116280",,"ACTIVE",,"county","130500000000","邢台市","130533000000","威县","130000000000","河北省","威县","1","rt_dim_area","116280","4/1/2018"
"116281",,"ACTIVE",,"county","130500000000","邢台市","130534000000","清河县","130000000000","河北省","清河县","1","rt_dim_area","116281","4/1/2018"
"116282",,"ACTIVE",,"county","130500000000","邢台市","130535000000","临西县","130000000000","河北省","临西县","1","rt_dim_area","116282","4/1/2018"
"116283",,"ACTIVE",,"county","130500000000","邢台市","130581000000","南宫市","130000000000","河北省","南宫市","1","rt_dim_area","116283","4/1/2018"
"116284",,"ACTIVE",,"county","130500000000","邢台市","130582000000","沙河市","130000000000","河北省","沙河市","1","rt_dim_area","116284","4/1/2018"
"116285",,"ACTIVE",,"city","130600000000","保定市",,,"130000000000","河北省","保定市","1","rt_dim_area","116285","4/1/2018"
"116286",,"DEL",,"county","130600000000","保定市","130601000000","市辖区","130000000000","河北省","市辖区","1","rt_dim_area","116286","4/1/2018"
"116287",,"ACTIVE",,"county","130600000000","保定市","130602000000","竞秀区","130000000000","河北省","竞秀区","1","rt_dim_area","116287","4/1/2018"
"116288",,"ACTIVE",,"county","130600000000","保定市","130606000000","莲池区","130000000000","河北省","莲池区","1","rt_dim_area","116288","4/1/2018"
"116289",,"ACTIVE",,"county","130600000000","保定市","130607000000","满城区","130000000000","河北省","满城区","1","rt_dim_area","116289","4/1/2018"
"116290",,"ACTIVE",,"county","130600000000","保定市","130608000000","清苑区","130000000000","河北省","清苑区","1","rt_dim_area","116290","4/1/2018"
"116291",,"ACTIVE",,"county","130600000000","保定市","130609000000","徐水区","130000000000","河北省","徐水区","1","rt_dim_area","116291","4/1/2018"
"116292",,"ACTIVE",,"county","130600000000","保定市","130623000000","涞水县","130000000000","河北省","涞水县","1","rt_dim_area","116292","4/1/2018"
"116293",,"ACTIVE",,"county","130600000000","保定市","130624000000","阜平县","130000000000","河北省","阜平县","1","rt_dim_area","116293","4/1/2018"
"116294",,"ACTIVE",,"county","130600000000","保定市","130626000000","定兴县","130000000000","河北省","定兴县","1","rt_dim_area","116294","4/1/2018"
"116295",,"ACTIVE",,"county","130600000000","保定市","130627000000","唐县","130000000000","河北省","唐县","1","rt_dim_area","116295","4/1/2018"
"116296",,"ACTIVE",,"county","130600000000","保定市","130628000000","高阳县","130000000000","河北省","高阳县","1","rt_dim_area","116296","4/1/2018"
"116297",,"ACTIVE",,"county","130600000000","保定市","130629000000","容城县","130000000000","河北省","容城县","1","rt_dim_area","116297","4/1/2018"
"116298",,"ACTIVE",,"county","130600000000","保定市","130630000000","涞源县","130000000000","河北省","涞源县","1","rt_dim_area","116298","4/1/2018"
"116299",,"ACTIVE",,"county","130600000000","保定市","130631000000","望都县","130000000000","河北省","望都县","1","rt_dim_area","116299","4/1/2018"
"116300",,"ACTIVE",,"county","130600000000","保定市","130632000000","安新县","130000000000","河北省","安新县","1","rt_dim_area","116300","4/1/2018"
"116301",,"ACTIVE",,"county","130600000000","保定市","130633000000","易县","130000000000","河北省","易县","1","rt_dim_area","116301","4/1/2018"
"116302",,"ACTIVE",,"county","130600000000","保定市","130634000000","曲阳县","130000000000","河北省","曲阳县","1","rt_dim_area","116302","4/1/2018"
"116303",,"ACTIVE",,"county","130600000000","保定市","130635000000","蠡县","130000000000","河北省","蠡县","1","rt_dim_area","116303","4/1/2018"
"116304",,"ACTIVE",,"county","130600000000","保定市","130636000000","顺平县","130000000000","河北省","顺平县","1","rt_dim_area","116304","4/1/2018"
"116305",,"ACTIVE",,"county","130600000000","保定市","130637000000","博野县","130000000000","河北省","博野县","1","rt_dim_area","116305","4/1/2018"
"116306",,"ACTIVE",,"county","130600000000","保定市","130638000000","雄县","130000000000","河北省","雄县","1","rt_dim_area","116306","4/1/2018"
"116307",,"ACTIVE",,"county","130600000000","保定市","130681000000","涿州市","130000000000","河北省","涿州市","1","rt_dim_area","116307","4/1/2018"
"116308",,"ACTIVE",,"county","130600000000","保定市","130683000000","安国市","130000000000","河北省","安国市","1","rt_dim_area","116308","4/1/2018"
"116309",,"ACTIVE",,"county","130600000000","保定市","130684000000","高碑店市","130000000000","河北省","高碑店市","1","rt_dim_area","116309","4/1/2018"
"116310",,"ACTIVE",,"city","130700000000","张家口市",,,"130000000000","河北省","张家口市","1","rt_dim_area","116310","4/1/2018"
"116311",,"DEL",,"county","130700000000","张家口市","130701000000","市辖区","130000000000","河北省","市辖区","1","rt_dim_area","116311","4/1/2018"
"116312",,"ACTIVE",,"county","130700000000","张家口市","130702000000","桥东区","130000000000","河北省","桥东区","1","rt_dim_area","116312","4/1/2018"
"116313",,"ACTIVE",,"county","130700000000","张家口市","130703000000","桥西区","130000000000","河北省","桥西区","1","rt_dim_area","116313","4/1/2018"
"116314",,"ACTIVE",,"county","130700000000","张家口市","130705000000","宣化区","130000000000","河北省","宣化区","1","rt_dim_area","116314","4/1/2018"
"116315",,"ACTIVE",,"county","130700000000","张家口市","130706000000","下花园区","130000000000","河北省","下花园区","1","rt_dim_area","116315","4/1/2018"
"116316",,"ACTIVE",,"county","130700000000","张家口市","130721000000","宣化县","130000000000","河北省","宣化县","1","rt_dim_area","116316","4/1/2018"
"116317",,"ACTIVE",,"county","130700000000","张家口市","130722000000","张北县","130000000000","河北省","张北县","1","rt_dim_area","116317","4/1/2018"
"116318",,"ACTIVE",,"county","130700000000","张家口市","130723000000","康保县","130000000000","河北省","康保县","1","rt_dim_area","116318","4/1/2018"
"116319",,"ACTIVE",,"county","130700000000","张家口市","130724000000","沽源县","130000000000","河北省","沽源县","1","rt_dim_area","116319","4/1/2018"
"116320",,"ACTIVE",,"county","130700000000","张家口市","130725000000","尚义县","130000000000","河北省","尚义县","1","rt_dim_area","116320","4/1/2018"
"116321",,"ACTIVE",,"county","130700000000","张家口市","130726000000","蔚县","130000000000","河北省","蔚县","1","rt_dim_area","116321","4/1/2018"
"116322",,"ACTIVE",,"county","130700000000","张家口市","130727000000","阳原县","130000000000","河北省","阳原县","1","rt_dim_area","116322","4/1/2018"
"116323",,"ACTIVE",,"county","130700000000","张家口市","130728000000","怀安县","130000000000","河北省","怀安县","1","rt_dim_area","116323","4/1/2018"
"116324",,"ACTIVE",,"county","130700000000","张家口市","130729000000","万全县","130000000000","河北省","万全县","1","rt_dim_area","116324","4/1/2018"
"116325",,"ACTIVE",,"county","130700000000","张家口市","130730000000","怀来县","130000000000","河北省","怀来县","1","rt_dim_area","116325","4/1/2018"
"116326",,"ACTIVE",,"county","130700000000","张家口市","130731000000","涿鹿县","130000000000","河北省","涿鹿县","1","rt_dim_area","116326","4/1/2018"
"116327",,"ACTIVE",,"county","130700000000","张家口市","130732000000","赤城县","130000000000","河北省","赤城县","1","rt_dim_area","116327","4/1/2018"
"116328",,"ACTIVE",,"county","130700000000","张家口市","130733000000","崇礼县","130000000000","河北省","崇礼县","1","rt_dim_area","116328","4/1/2018"
"116329",,"ACTIVE",,"city","130800000000","承德市",,,"130000000000","河北省","承德市","1","rt_dim_area","116329","4/1/2018"
"116330",,"DEL",,"county","130800000000","承德市","130801000000","市辖区","130000000000","河北省","市辖区","1","rt_dim_area","116330","4/1/2018"
"116331",,"ACTIVE",,"county","130800000000","承德市","130802000000","双桥区","130000000000","河北省","双桥区","1","rt_dim_area","116331","4/1/2018"
"116332",,"ACTIVE",,"county","130800000000","承德市","130803000000","双滦区","130000000000","河北省","双滦区","1","rt_dim_area","116332","4/1/2018"
"116333",,"ACTIVE",,"county","130800000000","承德市","130804000000","鹰手营子矿区","130000000000","河北省","鹰手营子矿区","1","rt_dim_area","116333","4/1/2018"
"116334",,"ACTIVE",,"county","130800000000","承德市","130821000000","承德县","130000000000","河北省","承德县","1","rt_dim_area","116334","4/1/2018"
"116335",,"ACTIVE",,"county","130800000000","承德市","130822000000","兴隆县","130000000000","河北省","兴隆县","1","rt_dim_area","116335","4/1/2018"
"116336",,"ACTIVE",,"county","130800000000","承德市","130823000000","平泉县","130000000000","河北省","平泉县","1","rt_dim_area","116336","4/1/2018"
"116337",,"ACTIVE",,"county","130800000000","承德市","130824000000","滦平县","130000000000","河北省","滦平县","1","rt_dim_area","116337","4/1/2018"
"116338",,"ACTIVE",,"county","130800000000","承德市","130825000000","隆化县","130000000000","河北省","隆化县","1","rt_dim_area","116338","4/1/2018"
"116339",,"ACTIVE",,"county","130800000000","承德市","130826000000","丰宁满族自治县","130000000000","河北省","丰宁满族自治县","1","rt_dim_area","116339","4/1/2018"
"116340",,"ACTIVE",,"county","130800000000","承德市","130827000000","宽城满族自治县","130000000000","河北省","宽城满族自治县","1","rt_dim_area","116340","4/1/2018"
"116341",,"ACTIVE",,"county","130800000000","承德市","130828000000","围场满族蒙古族自治县","130000000000","河北省","围场满族蒙古族自治县","1","rt_dim_area","116341","4/1/2018"
"116342",,"ACTIVE",,"city","130900000000","沧州市",,,"130000000000","河北省","沧州市","1","rt_dim_area","116342","4/1/2018"
"116343",,"DEL",,"county","130900000000","沧州市","130901000000","市辖区","130000000000","河北省","市辖区","1","rt_dim_area","116343","4/1/2018"
"116344",,"ACTIVE",,"county","130900000000","沧州市","130902000000","新华区","130000000000","河北省","新华区","1","rt_dim_area","116344","4/1/2018"
"116345",,"ACTIVE",,"county","130900000000","沧州市","130903000000","运河区","130000000000","河北省","运河区","1","rt_dim_area","116345","4/1/2018"
"116346",,"ACTIVE",,"county","130900000000","沧州市","130921000000","沧县","130000000000","河北省","沧县","1","rt_dim_area","116346","4/1/2018"
"116347",,"ACTIVE",,"county","130900000000","沧州市","130922000000","青县","130000000000","河北省","青县","1","rt_dim_area","116347","4/1/2018"
"116348",,"ACTIVE",,"county","130900000000","沧州市","130923000000","东光县","130000000000","河北省","东光县","1","rt_dim_area","116348","4/1/2018"
"116349",,"ACTIVE",,"county","130900000000","沧州市","130924000000","海兴县","130000000000","河北省","海兴县","1","rt_dim_area","116349","4/1/2018"
"116350",,"ACTIVE",,"county","130900000000","沧州市","130925000000","盐山县","130000000000","河北省","盐山县","1","rt_dim_area","116350","4/1/2018"
"116351",,"ACTIVE",,"county","130900000000","沧州市","130926000000","肃宁县","130000000000","河北省","肃宁县","1","rt_dim_area","116351","4/1/2018"
"116352",,"ACTIVE",,"county","130900000000","沧州市","130927000000","南皮县","130000000000","河北省","南皮县","1","rt_dim_area","116352","4/1/2018"
"116353",,"ACTIVE",,"county","130900000000","沧州市","130928000000","吴桥县","130000000000","河北省","吴桥县","1","rt_dim_area","116353","4/1/2018"
"116354",,"ACTIVE",,"county","130900000000","沧州市","130929000000","献县","130000000000","河北省","献县","1","rt_dim_area","116354","4/1/2018"
"116355",,"ACTIVE",,"county","130900000000","沧州市","130930000000","孟村回族自治县","130000000000","河北省","孟村回族自治县","1","rt_dim_area","116355","4/1/2018"
"116356",,"ACTIVE",,"county","130900000000","沧州市","130981000000","泊头市","130000000000","河北省","泊头市","1","rt_dim_area","116356","4/1/2018"
"116357",,"ACTIVE",,"county","130900000000","沧州市","130982000000","任丘市","130000000000","河北省","任丘市","1","rt_dim_area","116357","4/1/2018"
"116358",,"ACTIVE",,"county","130900000000","沧州市","130983000000","黄骅市","130000000000","河北省","黄骅市","1","rt_dim_area","116358","4/1/2018"
"116359",,"ACTIVE",,"county","130900000000","沧州市","130984000000","河间市","130000000000","河北省","河间市","1","rt_dim_area","116359","4/1/2018"
"116360",,"ACTIVE",,"city","131000000000","廊坊市",,,"130000000000","河北省","廊坊市","1","rt_dim_area","116360","4/1/2018"
"116361",,"ACTIVE",,"county","131000000000","廊坊市","131002000000","安次区","130000000000","河北省","安次区","1","rt_dim_area","116361","4/1/2018"
"116362",,"ACTIVE",,"county","131000000000","廊坊市","131003000000","广阳区","130000000000","河北省","广阳区","1","rt_dim_area","116362","4/1/2018"
"116363",,"ACTIVE",,"county","131000000000","廊坊市","131022000000","固安县","130000000000","河北省","固安县","1","rt_dim_area","116363","4/1/2018"
"116364",,"ACTIVE",,"county","131000000000","廊坊市","131023000000","永清县","130000000000","河北省","永清县","1","rt_dim_area","116364","4/1/2018"
"116365",,"ACTIVE",,"county","131000000000","廊坊市","131024000000","香河县","130000000000","河北省","香河县","1","rt_dim_area","116365","4/1/2018"
"116366",,"ACTIVE",,"county","131000000000","廊坊市","131025000000","大城县","130000000000","河北省","大城县","1","rt_dim_area","116366","4/1/2018"
"116367",,"ACTIVE",,"county","131000000000","廊坊市","131026000000","文安县","130000000000","河北省","文安县","1","rt_dim_area","116367","4/1/2018"
"116368",,"ACTIVE",,"county","131000000000","廊坊市","131028000000","大厂回族自治县","130000000000","河北省","大厂回族自治县","1","rt_dim_area","116368","4/1/2018"
"116369",,"ACTIVE",,"county","131000000000","廊坊市","131081000000","霸州市","130000000000","河北省","霸州市","1","rt_dim_area","116369","4/1/2018"
"116370",,"ACTIVE",,"county","131000000000","廊坊市","131082000000","三河市","130000000000","河北省","三河市","1","rt_dim_area","116370","4/1/2018"
"116371",,"ACTIVE",,"city","131100000000","衡水市",,,"130000000000","河北省","衡水市","1","rt_dim_area","116371","4/1/2018"
"116372",,"DEL",,"county","131100000000","衡水市","131101000000","市辖区","130000000000","河北省","市辖区","1","rt_dim_area","116372","4/1/2018"
"116373",,"ACTIVE",,"county","131100000000","衡水市","131102000000","桃城区","130000000000","河北省","桃城区","1","rt_dim_area","116373","4/1/2018"
"116374",,"ACTIVE",,"county","131100000000","衡水市","131121000000","枣强县","130000000000","河北省","枣强县","1","rt_dim_area","116374","4/1/2018"
"116375",,"ACTIVE",,"county","131100000000","衡水市","131122000000","武邑县","130000000000","河北省","武邑县","1","rt_dim_area","116375","4/1/2018"
"116376",,"ACTIVE",,"county","131100000000","衡水市","131123000000","武强县","130000000000","河北省","武强县","1","rt_dim_area","116376","4/1/2018"
"116377",,"ACTIVE",,"county","131100000000","衡水市","131124000000","饶阳县","130000000000","河北省","饶阳县","1","rt_dim_area","116377","4/1/2018"
"116378",,"ACTIVE",,"county","131100000000","衡水市","131125000000","安平县","130000000000","河北省","安平县","1","rt_dim_area","116378","4/1/2018"
"116379",,"ACTIVE",,"county","131100000000","衡水市","131126000000","故城县","130000000000","河北省","故城县","1","rt_dim_area","116379","4/1/2018"
"116380",,"ACTIVE",,"county","131100000000","衡水市","131127000000","景县","130000000000","河北省","景县","1","rt_dim_area","116380","4/1/2018"
"116381",,"ACTIVE",,"county","131100000000","衡水市","131128000000","阜城县","130000000000","河北省","阜城县","1","rt_dim_area","116381","4/1/2018"
"116382",,"ACTIVE",,"county","131100000000","衡水市","131181000000","冀州市","130000000000","河北省","冀州市","1","rt_dim_area","116382","4/1/2018"
"116383",,"ACTIVE",,"county","131100000000","衡水市","131182000000","深州市","130000000000","河北省","深州市","1","rt_dim_area","116383","4/1/2018"
"116384",,"ACTIVE",,"city","139001000000","定州市",,,"130000000000","河北省","定州市","1","rt_dim_area","116384","4/1/2018"
"116385",,"ACTIVE",,"county","139001000000","定州市","139001100000","定州市","130000000000","河北省","定州市","1","rt_dim_area","116385","4/1/2018"
"116386",,"ACTIVE",,"city","139002000000","辛集市",,,"130000000000","河北省","辛集市","1","rt_dim_area","116386","4/1/2018"
"116387",,"ACTIVE",,"county","139002000000","辛集市","139002100000","辛集市","130000000000","河北省","辛集市","1","rt_dim_area","116387","4/1/2018"
"116388",,"ACTIVE",,"province",,,,,"140000000000","山西省","山西省","1","rt_dim_area","116388","4/1/2018"
"116389",,"ACTIVE",,"city","140100000000","太原市",,,"140000000000","山西省","太原市","1","rt_dim_area","116389","4/1/2018"
"116390",,"DEL",,"county","140100000000","太原市","140101000000","市辖区","140000000000","山西省","市辖区","1","rt_dim_area","116390","4/1/2018"
"116391",,"ACTIVE",,"county","140100000000","太原市","140105000000","小店区","140000000000","山西省","小店区","1","rt_dim_area","116391","4/1/2018"
"116392",,"ACTIVE",,"county","140100000000","太原市","140106000000","迎泽区","140000000000","山西省","迎泽区","1","rt_dim_area","116392","4/1/2018"
"116393",,"ACTIVE",,"county","140100000000","太原市","140107000000","杏花岭区","140000000000","山西省","杏花岭区","1","rt_dim_area","116393","4/1/2018"
"116394",,"ACTIVE",,"county","140100000000","太原市","140108000000","尖草坪区","140000000000","山西省","尖草坪区","1","rt_dim_area","116394","4/1/2018"
"116395",,"ACTIVE",,"county","140100000000","太原市","140109000000","万柏林区","140000000000","山西省","万柏林区","1","rt_dim_area","116395","4/1/2018"
"116396",,"ACTIVE",,"county","140100000000","太原市","140110000000","晋源区","140000000000","山西省","晋源区","1","rt_dim_area","116396","4/1/2018"
"116397",,"ACTIVE",,"county","140100000000","太原市","140121000000","清徐县","140000000000","山西省","清徐县","1","rt_dim_area","116397","4/1/2018"
"116398",,"ACTIVE",,"county","140100000000","太原市","140122000000","阳曲县","140000000000","山西省","阳曲县","1","rt_dim_area","116398","4/1/2018"
"116399",,"ACTIVE",,"county","140100000000","太原市","140123000000","娄烦县","140000000000","山西省","娄烦县","1","rt_dim_area","116399","4/1/2018"
"116400",,"ACTIVE",,"county","140100000000","太原市","140161000000","高新技术产业开发区","140000000000","山西省","高新技术产业开发区","1","rt_dim_area","116400","4/1/2018"
"116401",,"ACTIVE",,"county","140100000000","太原市","140162000000","经济技术开发区","140000000000","山西省","经济技术开发区","1","rt_dim_area","116401","4/1/2018"
"116402",,"ACTIVE",,"county","140100000000","太原市","140163000000","太原工业园区（民营经济开发区）","140000000000","山西省","太原工业园区（民营经济开发区）","1","rt_dim_area","116402","4/1/2018"
"116403",,"ACTIVE",,"county","140100000000","太原市","140164000000","不锈钢产业园区","140000000000","山西省","不锈钢产业园区","1","rt_dim_area","116403","4/1/2018"
"116404",,"ACTIVE",,"county","140100000000","太原市","140181000000","古交市","140000000000","山西省","古交市","1","rt_dim_area","116404","4/1/2018"
"116405",,"ACTIVE",,"city","140200000000","大同市",,,"140000000000","山西省","大同市","1","rt_dim_area","116405","4/1/2018"
"116406",,"DEL",,"county","140200000000","大同市","140201000000","市辖区","140000000000","山西省","市辖区","1","rt_dim_area","116406","4/1/2018"
"116407",,"ACTIVE",,"county","140200000000","大同市","140202000000","城区","140000000000","山西省","城区","1","rt_dim_area","116407","4/1/2018"
"116408",,"ACTIVE",,"county","140200000000","大同市","140203000000","矿区","140000000000","山西省","矿区","1","rt_dim_area","116408","4/1/2018"
"116409",,"ACTIVE",,"county","140200000000","大同市","140211000000","南郊区","140000000000","山西省","南郊区","1","rt_dim_area","116409","4/1/2018"
"116410",,"ACTIVE",,"county","140200000000","大同市","140212000000","新荣区","140000000000","山西省","新荣区","1","rt_dim_area","116410","4/1/2018"
"116411",,"ACTIVE",,"county","140200000000","大同市","140213000000","大同市经济技术开发区","140000000000","山西省","大同市经济技术开发区","1","rt_dim_area","116411","4/1/2018"
"116412",,"ACTIVE",,"county","140200000000","大同市","140221000000","阳高县","140000000000","山西省","阳高县","1","rt_dim_area","116412","4/1/2018"
"116413",,"ACTIVE",,"county","140200000000","大同市","140222000000","天镇县","140000000000","山西省","天镇县","1","rt_dim_area","116413","4/1/2018"
"116414",,"ACTIVE",,"county","140200000000","大同市","140223000000","广灵县","140000000000","山西省","广灵县","1","rt_dim_area","116414","4/1/2018"
"116415",,"ACTIVE",,"county","140200000000","大同市","140224000000","灵丘县","140000000000","山西省","灵丘县","1","rt_dim_area","116415","4/1/2018"
"116416",,"ACTIVE",,"county","140200000000","大同市","140225000000","浑源县","140000000000","山西省","浑源县","1","rt_dim_area","116416","4/1/2018"
"116417",,"ACTIVE",,"county","140200000000","大同市","140226000000","左云县","140000000000","山西省","左云县","1","rt_dim_area","116417","4/1/2018"
"116418",,"ACTIVE",,"county","140200000000","大同市","140227000000","大同县","140000000000","山西省","大同县","1","rt_dim_area","116418","4/1/2018"
"116419",,"ACTIVE",,"city","140300000000","阳泉市",,,"140000000000","山西省","阳泉市","1","rt_dim_area","116419","4/1/2018"
"116420",,"DEL",,"county","140300000000","阳泉市","140301000000","市辖区","140000000000","山西省","市辖区","1","rt_dim_area","116420","4/1/2018"
"116421",,"ACTIVE",,"county","140300000000","阳泉市","140302000000","城区","140000000000","山西省","城区","1","rt_dim_area","116421","4/1/2018"
"116422",,"ACTIVE",,"county","140300000000","阳泉市","140303000000","矿区","140000000000","山西省","矿区","1","rt_dim_area","116422","4/1/2018"
"116423",,"ACTIVE",,"county","140300000000","阳泉市","140311000000","郊区","140000000000","山西省","郊区","1","rt_dim_area","116423","4/1/2018"
"116424",,"ACTIVE",,"county","140300000000","阳泉市","140321000000","平定县","140000000000","山西省","平定县","1","rt_dim_area","116424","4/1/2018"
"116425",,"ACTIVE",,"county","140300000000","阳泉市","140322000000","盂县","140000000000","山西省","盂县","1","rt_dim_area","116425","4/1/2018"
"116426",,"ACTIVE",,"city","140400000000","长治市",,,"140000000000","山西省","长治市","1","rt_dim_area","116426","4/1/2018"
"116427",,"DEL",,"county","140400000000","长治市","140401000000","市辖区","140000000000","山西省","市辖区","1","rt_dim_area","116427","4/1/2018"
"116428",,"ACTIVE",,"county","140400000000","长治市","140402000000","城区","140000000000","山西省","城区","1","rt_dim_area","116428","4/1/2018"
"116429",,"ACTIVE",,"county","140400000000","长治市","140411000000","郊区","140000000000","山西省","郊区","1","rt_dim_area","116429","4/1/2018"
"116430",,"ACTIVE",,"county","140400000000","长治市","140421000000","长治县","140000000000","山西省","长治县","1","rt_dim_area","116430","4/1/2018"
"116431",,"ACTIVE",,"county","140400000000","长治市","140423000000","襄垣县","140000000000","山西省","襄垣县","1","rt_dim_area","116431","4/1/2018"
"116432",,"ACTIVE",,"county","140400000000","长治市","140424000000","屯留县","140000000000","山西省","屯留县","1","rt_dim_area","116432","4/1/2018"
"116433",,"ACTIVE",,"county","140400000000","长治市","140425000000","平顺县","140000000000","山西省","平顺县","1","rt_dim_area","116433","4/1/2018"
"116434",,"ACTIVE",,"county","140400000000","长治市","140426000000","黎城县","140000000000","山西省","黎城县","1","rt_dim_area","116434","4/1/2018"
"116435",,"ACTIVE",,"county","140400000000","长治市","140427000000","壶关县","140000000000","山西省","壶关县","1","rt_dim_area","116435","4/1/2018"
"116436",,"ACTIVE",,"county","140400000000","长治市","140428000000","长子县","140000000000","山西省","长子县","1","rt_dim_area","116436","4/1/2018"
"116437",,"ACTIVE",,"county","140400000000","长治市","140429000000","武乡县","140000000000","山西省","武乡县","1","rt_dim_area","116437","4/1/2018"
"116438",,"ACTIVE",,"county","140400000000","长治市","140430000000","沁县","140000000000","山西省","沁县","1","rt_dim_area","116438","4/1/2018"
"116439",,"ACTIVE",,"county","140400000000","长治市","140431000000","沁源县","140000000000","山西省","沁源县","1","rt_dim_area","116439","4/1/2018"
"116440",,"ACTIVE",,"county","140400000000","长治市","140481000000","潞城市","140000000000","山西省","潞城市","1","rt_dim_area","116440","4/1/2018"
"116441",,"ACTIVE",,"county","140400000000","长治市","140491000000","长治国家高新技术产业开发区","140000000000","山西省","长治国家高新技术产业开发区","1","rt_dim_area","116441","4/1/2018"
"116442",,"ACTIVE",,"city","140500000000","晋城市",,,"140000000000","山西省","晋城市","1","rt_dim_area","116442","4/1/2018"
"116443",,"DEL",,"county","140500000000","晋城市","140501000000","市辖区","140000000000","山西省","市辖区","1","rt_dim_area","116443","4/1/2018"
"116444",,"ACTIVE",,"county","140500000000","晋城市","140502000000","城区","140000000000","山西省","城区","1","rt_dim_area","116444","4/1/2018"
"116445",,"ACTIVE",,"county","140500000000","晋城市","140521000000","沁水县","140000000000","山西省","沁水县","1","rt_dim_area","116445","4/1/2018"
"116446",,"ACTIVE",,"county","140500000000","晋城市","140522000000","阳城县","140000000000","山西省","阳城县","1","rt_dim_area","116446","4/1/2018"
"116447",,"ACTIVE",,"county","140500000000","晋城市","140524000000","陵川县","140000000000","山西省","陵川县","1","rt_dim_area","116447","4/1/2018"
"116448",,"ACTIVE",,"county","140500000000","晋城市","140525000000","泽州县","140000000000","山西省","泽州县","1","rt_dim_area","116448","4/1/2018"
"116449",,"ACTIVE",,"county","140500000000","晋城市","140581000000","高平市","140000000000","山西省","高平市","1","rt_dim_area","116449","4/1/2018"
"116450",,"ACTIVE",,"city","140600000000","朔州市",,,"140000000000","山西省","朔州市","1","rt_dim_area","116450","4/1/2018"
"116451",,"DEL",,"county","140600000000","朔州市","140601000000","市辖区","140000000000","山西省","市辖区","1","rt_dim_area","116451","4/1/2018"
"116452",,"ACTIVE",,"county","140600000000","朔州市","140602000000","朔城区","140000000000","山西省","朔城区","1","rt_dim_area","116452","4/1/2018"
"116453",,"ACTIVE",,"county","140600000000","朔州市","140603000000","平鲁区","140000000000","山西省","平鲁区","1","rt_dim_area","116453","4/1/2018"
"116454",,"ACTIVE",,"county","140600000000","朔州市","140621000000","山阴县","140000000000","山西省","山阴县","1","rt_dim_area","116454","4/1/2018"
"116455",,"ACTIVE",,"county","140600000000","朔州市","140622000000","应县","140000000000","山西省","应县","1","rt_dim_area","116455","4/1/2018"
"116456",,"ACTIVE",,"county","140600000000","朔州市","140623000000","右玉县","140000000000","山西省","右玉县","1","rt_dim_area","116456","4/1/2018"
"116457",,"ACTIVE",,"county","140600000000","朔州市","140624000000","怀仁县","140000000000","山西省","怀仁县","1","rt_dim_area","116457","4/1/2018"
"116458",,"ACTIVE",,"city","140700000000","晋中市",,,"140000000000","山西省","晋中市","1","rt_dim_area","116458","4/1/2018"
"116459",,"DEL",,"county","140700000000","晋中市","140701000000","市辖区","140000000000","山西省","市辖区","1","rt_dim_area","116459","4/1/2018"
"116460",,"ACTIVE",,"county","140700000000","晋中市","140702000000","榆次区","140000000000","山西省","榆次区","1","rt_dim_area","116460","4/1/2018"
"116461",,"ACTIVE",,"county","140700000000","晋中市","140721000000","榆社县","140000000000","山西省","榆社县","1","rt_dim_area","116461","4/1/2018"
"116462",,"ACTIVE",,"county","140700000000","晋中市","140722000000","左权县","140000000000","山西省","左权县","1","rt_dim_area","116462","4/1/2018"
"116463",,"ACTIVE",,"county","140700000000","晋中市","140723000000","和顺县","140000000000","山西省","和顺县","1","rt_dim_area","116463","4/1/2018"
"116464",,"ACTIVE",,"county","140700000000","晋中市","140724000000","昔阳县","140000000000","山西省","昔阳县","1","rt_dim_area","116464","4/1/2018"
"116465",,"ACTIVE",,"county","140700000000","晋中市","140725000000","寿阳县","140000000000","山西省","寿阳县","1","rt_dim_area","116465","4/1/2018"
"116466",,"ACTIVE",,"county","140700000000","晋中市","140726000000","太谷县","140000000000","山西省","太谷县","1","rt_dim_area","116466","4/1/2018"
"116467",,"ACTIVE",,"county","140700000000","晋中市","140727000000","祁县","140000000000","山西省","祁县","1","rt_dim_area","116467","4/1/2018"
"116468",,"ACTIVE",,"county","140700000000","晋中市","140728000000","平遥县","140000000000","山西省","平遥县","1","rt_dim_area","116468","4/1/2018"
"116469",,"ACTIVE",,"county","140700000000","晋中市","140729000000","灵石县","140000000000","山西省","灵石县","1","rt_dim_area","116469","4/1/2018"
"116470",,"ACTIVE",,"county","140700000000","晋中市","140781000000","介休市","140000000000","山西省","介休市","1","rt_dim_area","116470","4/1/2018"
"116471",,"ACTIVE",,"city","140800000000","运城市",,,"140000000000","山西省","运城市","1","rt_dim_area","116471","4/1/2018"
"116472",,"DEL",,"county","140800000000","运城市","140801000000","市辖区","140000000000","山西省","市辖区","1","rt_dim_area","116472","4/1/2018"
"116473",,"ACTIVE",,"county","140800000000","运城市","140802000000","盐湖区","140000000000","山西省","盐湖区","1","rt_dim_area","116473","4/1/2018"
"116474",,"ACTIVE",,"county","140800000000","运城市","140821000000","临猗县","140000000000","山西省","临猗县","1","rt_dim_area","116474","4/1/2018"
"116475",,"ACTIVE",,"county","140800000000","运城市","140822000000","万荣县","140000000000","山西省","万荣县","1","rt_dim_area","116475","4/1/2018"
"116476",,"ACTIVE",,"county","140800000000","运城市","140823000000","闻喜县","140000000000","山西省","闻喜县","1","rt_dim_area","116476","4/1/2018"
"116477",,"ACTIVE",,"county","140800000000","运城市","140824000000","稷山县","140000000000","山西省","稷山县","1","rt_dim_area","116477","4/1/2018"
"116478",,"ACTIVE",,"county","140800000000","运城市","140825000000","新绛县","140000000000","山西省","新绛县","1","rt_dim_area","116478","4/1/2018"
"116479",,"ACTIVE",,"county","140800000000","运城市","140826000000","绛县","140000000000","山西省","绛县","1","rt_dim_area","116479","4/1/2018"
"116480",,"ACTIVE",,"county","140800000000","运城市","140827000000","垣曲县","140000000000","山西省","垣曲县","1","rt_dim_area","116480","4/1/2018"
"116481",,"ACTIVE",,"county","140800000000","运城市","140828000000","夏县","140000000000","山西省","夏县","1","rt_dim_area","116481","4/1/2018"
"116482",,"ACTIVE",,"county","140800000000","运城市","140829000000","平陆县","140000000000","山西省","平陆县","1","rt_dim_area","116482","4/1/2018"
"116483",,"ACTIVE",,"county","140800000000","运城市","140830000000","芮城县","140000000000","山西省","芮城县","1","rt_dim_area","116483","4/1/2018"
"116484",,"ACTIVE",,"county","140800000000","运城市","140831000000","运城经济开发区","140000000000","山西省","运城经济开发区","1","rt_dim_area","116484","4/1/2018"
"116485",,"ACTIVE",,"county","140800000000","运城市","140832000000","空港经济开发区","140000000000","山西省","空港经济开发区","1","rt_dim_area","116485","4/1/2018"
"116486",,"ACTIVE",,"county","140800000000","运城市","140833000000","绛县经济开发区","140000000000","山西省","绛县经济开发区","1","rt_dim_area","116486","4/1/2018"
"116487",,"ACTIVE",,"county","140800000000","运城市","140834000000","风陵渡经济开发区","140000000000","山西省","风陵渡经济开发区","1","rt_dim_area","116487","4/1/2018"
"116488",,"ACTIVE",,"county","140800000000","运城市","140881000000","永济市","140000000000","山西省","永济市","1","rt_dim_area","116488","4/1/2018"
"116489",,"ACTIVE",,"county","140800000000","运城市","140882000000","河津市","140000000000","山西省","河津市","1","rt_dim_area","116489","4/1/2018"
"116490",,"ACTIVE",,"city","140900000000","忻州市",,,"140000000000","山西省","忻州市","1","rt_dim_area","116490","4/1/2018"
"116491",,"DEL",,"county","140900000000","忻州市","140901000000","市辖区","140000000000","山西省","市辖区","1","rt_dim_area","116491","4/1/2018"
"116492",,"ACTIVE",,"county","140900000000","忻州市","140902000000","忻府区","140000000000","山西省","忻府区","1","rt_dim_area","116492","4/1/2018"
"116493",,"ACTIVE",,"county","140900000000","忻州市","140921000000","定襄县","140000000000","山西省","定襄县","1","rt_dim_area","116493","4/1/2018"
"116494",,"ACTIVE",,"county","140900000000","忻州市","140922000000","五台县","140000000000","山西省","五台县","1","rt_dim_area","116494","4/1/2018"
"116495",,"ACTIVE",,"county","140900000000","忻州市","140923000000","代县","140000000000","山西省","代县","1","rt_dim_area","116495","4/1/2018"
"116496",,"ACTIVE",,"county","140900000000","忻州市","140924000000","繁峙县","140000000000","山西省","繁峙县","1","rt_dim_area","116496","4/1/2018"
"116497",,"ACTIVE",,"county","140900000000","忻州市","140925000000","宁武县","140000000000","山西省","宁武县","1","rt_dim_area","116497","4/1/2018"
"116498",,"ACTIVE",,"county","140900000000","忻州市","140926000000","静乐县","140000000000","山西省","静乐县","1","rt_dim_area","116498","4/1/2018"
"116499",,"ACTIVE",,"county","140900000000","忻州市","140927000000","神池县","140000000000","山西省","神池县","1","rt_dim_area","116499","4/1/2018"
"116500",,"ACTIVE",,"county","140900000000","忻州市","140928000000","五寨县","140000000000","山西省","五寨县","1","rt_dim_area","116500","4/1/2018"
"116501",,"ACTIVE",,"county","140900000000","忻州市","140929000000","岢岚县","140000000000","山西省","岢岚县","1","rt_dim_area","116501","4/1/2018"
"116502",,"ACTIVE",,"county","140900000000","忻州市","140930000000","河曲县","140000000000","山西省","河曲县","1","rt_dim_area","116502","4/1/2018"
"116503",,"ACTIVE",,"county","140900000000","忻州市","140931000000","保德县","140000000000","山西省","保德县","1","rt_dim_area","116503","4/1/2018"
"116504",,"ACTIVE",,"county","140900000000","忻州市","140932000000","偏关县","140000000000","山西省","偏关县","1","rt_dim_area","116504","4/1/2018"
"116505",,"ACTIVE",,"county","140900000000","忻州市","140933000000","忻州市经济技术开发区","140000000000","山西省","忻州市经济技术开发区","1","rt_dim_area","116505","4/1/2018"
"116506",,"ACTIVE",,"county","140900000000","忻州市","140934000000","五台山风景名胜区","140000000000","山西省","五台山风景名胜区","1","rt_dim_area","116506","4/1/2018"
"116507",,"ACTIVE",,"county","140900000000","忻州市","140981000000","原平市","140000000000","山西省","原平市","1","rt_dim_area","116507","4/1/2018"
"116508",,"ACTIVE",,"city","141000000000","临汾市",,,"140000000000","山西省","临汾市","1","rt_dim_area","116508","4/1/2018"
"116509",,"DEL",,"county","141000000000","临汾市","141001000000","市辖区","140000000000","山西省","市辖区","1","rt_dim_area","116509","4/1/2018"
"116510",,"ACTIVE",,"county","141000000000","临汾市","141002000000","尧都区","140000000000","山西省","尧都区","1","rt_dim_area","116510","4/1/2018"
"116511",,"ACTIVE",,"county","141000000000","临汾市","141021000000","曲沃县","140000000000","山西省","曲沃县","1","rt_dim_area","116511","4/1/2018"
"116512",,"ACTIVE",,"county","141000000000","临汾市","141022000000","翼城县","140000000000","山西省","翼城县","1","rt_dim_area","116512","4/1/2018"
"116513",,"ACTIVE",,"county","141000000000","临汾市","141023000000","襄汾县","140000000000","山西省","襄汾县","1","rt_dim_area","116513","4/1/2018"
"116514",,"ACTIVE",,"county","141000000000","临汾市","141024000000","洪洞县","140000000000","山西省","洪洞县","1","rt_dim_area","116514","4/1/2018"
"116515",,"ACTIVE",,"county","141000000000","临汾市","141025000000","古县","140000000000","山西省","古县","1","rt_dim_area","116515","4/1/2018"
"116516",,"ACTIVE",,"county","141000000000","临汾市","141026000000","安泽县","140000000000","山西省","安泽县","1","rt_dim_area","116516","4/1/2018"
"116517",,"ACTIVE",,"county","141000000000","临汾市","141027000000","浮山县","140000000000","山西省","浮山县","1","rt_dim_area","116517","4/1/2018"
"116518",,"ACTIVE",,"county","141000000000","临汾市","141028000000","吉县","140000000000","山西省","吉县","1","rt_dim_area","116518","4/1/2018"
"116519",,"ACTIVE",,"county","141000000000","临汾市","141029000000","乡宁县","140000000000","山西省","乡宁县","1","rt_dim_area","116519","4/1/2018"
"116520",,"ACTIVE",,"county","141000000000","临汾市","141030000000","大宁县","140000000000","山西省","大宁县","1","rt_dim_area","116520","4/1/2018"
"116521",,"ACTIVE",,"county","141000000000","临汾市","141031000000","隰县","140000000000","山西省","隰县","1","rt_dim_area","116521","4/1/2018"
"116522",,"ACTIVE",,"county","141000000000","临汾市","141032000000","永和县","140000000000","山西省","永和县","1","rt_dim_area","116522","4/1/2018"
"116523",,"ACTIVE",,"county","141000000000","临汾市","141033000000","蒲县","140000000000","山西省","蒲县","1","rt_dim_area","116523","4/1/2018"
"116524",,"ACTIVE",,"county","141000000000","临汾市","141034000000","汾西县","140000000000","山西省","汾西县","1","rt_dim_area","116524","4/1/2018"
"116525",,"ACTIVE",,"county","141000000000","临汾市","141081000000","侯马市","140000000000","山西省","侯马市","1","rt_dim_area","116525","4/1/2018"
"116526",,"ACTIVE",,"county","141000000000","临汾市","141082000000","霍州市","140000000000","山西省","霍州市","1","rt_dim_area","116526","4/1/2018"
"116527",,"ACTIVE",,"county","141000000000","临汾市","141091000000","临汾经济开发区","140000000000","山西省","临汾经济开发区","1","rt_dim_area","116527","4/1/2018"
"116528",,"ACTIVE",,"county","141000000000","临汾市","141092000000","侯马经济开发区","140000000000","山西省","侯马经济开发区","1","rt_dim_area","116528","4/1/2018"
"116529",,"ACTIVE",,"city","141100000000","吕梁市",,,"140000000000","山西省","吕梁市","1","rt_dim_area","116529","4/1/2018"
"116530",,"DEL",,"county","141100000000","吕梁市","141101000000","市辖区","140000000000","山西省","市辖区","1","rt_dim_area","116530","4/1/2018"
"116531",,"ACTIVE",,"county","141100000000","吕梁市","141102000000","离石区","140000000000","山西省","离石区","1","rt_dim_area","116531","4/1/2018"
"116532",,"ACTIVE",,"county","141100000000","吕梁市","141121000000","文水县","140000000000","山西省","文水县","1","rt_dim_area","116532","4/1/2018"
"116533",,"ACTIVE",,"county","141100000000","吕梁市","141122000000","交城县","140000000000","山西省","交城县","1","rt_dim_area","116533","4/1/2018"
"116534",,"ACTIVE",,"county","141100000000","吕梁市","141123000000","兴县","140000000000","山西省","兴县","1","rt_dim_area","116534","4/1/2018"
"116535",,"ACTIVE",,"county","141100000000","吕梁市","141124000000","临县","140000000000","山西省","临县","1","rt_dim_area","116535","4/1/2018"
"116536",,"ACTIVE",,"county","141100000000","吕梁市","141125000000","柳林县","140000000000","山西省","柳林县","1","rt_dim_area","116536","4/1/2018"
"116537",,"ACTIVE",,"county","141100000000","吕梁市","141126000000","石楼县","140000000000","山西省","石楼县","1","rt_dim_area","116537","4/1/2018"
"116538",,"ACTIVE",,"county","141100000000","吕梁市","141127000000","岚县","140000000000","山西省","岚县","1","rt_dim_area","116538","4/1/2018"
"116539",,"ACTIVE",,"county","141100000000","吕梁市","141128000000","方山县","140000000000","山西省","方山县","1","rt_dim_area","116539","4/1/2018"
"116540",,"ACTIVE",,"county","141100000000","吕梁市","141129000000","中阳县","140000000000","山西省","中阳县","1","rt_dim_area","116540","4/1/2018"
"116541",,"ACTIVE",,"county","141100000000","吕梁市","141130000000","交口县","140000000000","山西省","交口县","1","rt_dim_area","116541","4/1/2018"
"116542",,"ACTIVE",,"county","141100000000","吕梁市","141181000000","孝义市","140000000000","山西省","孝义市","1","rt_dim_area","116542","4/1/2018"
"116543",,"ACTIVE",,"county","141100000000","吕梁市","141182000000","汾阳市","140000000000","山西省","汾阳市","1","rt_dim_area","116543","4/1/2018"
"116544",,"ACTIVE",,"province",,,,,"150000000000","内蒙古自治区","内蒙古自治区","1","rt_dim_area","116544","4/1/2018"
"116545",,"ACTIVE",,"city","150100000000","呼和浩特市",,,"150000000000","内蒙古自治区","呼和浩特市","1","rt_dim_area","116545","4/1/2018"
"116546",,"ACTIVE",,"county","150100000000","呼和浩特市","150101000000","市辖区","150000000000","内蒙古自治区","市辖区","1","rt_dim_area","116546","4/1/2018"
"116547",,"ACTIVE",,"county","150100000000","呼和浩特市","150102000000","新城区","150000000000","内蒙古自治区","新城区","1","rt_dim_area","116547","4/1/2018"
"116548",,"ACTIVE",,"county","150100000000","呼和浩特市","150103000000","回民区","150000000000","内蒙古自治区","回民区","1","rt_dim_area","116548","4/1/2018"
"116549",,"ACTIVE",,"county","150100000000","呼和浩特市","150104000000","玉泉区","150000000000","内蒙古自治区","玉泉区","1","rt_dim_area","116549","4/1/2018"
"116550",,"ACTIVE",,"county","150100000000","呼和浩特市","150105000000","赛罕区","150000000000","内蒙古自治区","赛罕区","1","rt_dim_area","116550","4/1/2018"
"116551",,"ACTIVE",,"county","150100000000","呼和浩特市","150121000000","土默特左旗","150000000000","内蒙古自治区","土默特左旗","1","rt_dim_area","116551","4/1/2018"
"116552",,"ACTIVE",,"county","150100000000","呼和浩特市","150122000000","托克托县","150000000000","内蒙古自治区","托克托县","1","rt_dim_area","116552","4/1/2018"
"116553",,"ACTIVE",,"county","150100000000","呼和浩特市","150123000000","和林格尔县","150000000000","内蒙古自治区","和林格尔县","1","rt_dim_area","116553","4/1/2018"
"116554",,"ACTIVE",,"county","150100000000","呼和浩特市","150124000000","清水河县","150000000000","内蒙古自治区","清水河县","1","rt_dim_area","116554","4/1/2018"
"116555",,"ACTIVE",,"county","150100000000","呼和浩特市","150125000000","武川县","150000000000","内蒙古自治区","武川县","1","rt_dim_area","116555","4/1/2018"
"116556",,"ACTIVE",,"city","150200000000","包头市",,,"150000000000","内蒙古自治区","包头市","1","rt_dim_area","116556","4/1/2018"
"116557",,"ACTIVE",,"county","150200000000","包头市","150201000000","市辖区","150000000000","内蒙古自治区","市辖区","1","rt_dim_area","116557","4/1/2018"
"116558",,"ACTIVE",,"county","150200000000","包头市","150202000000","东河区","150000000000","内蒙古自治区","东河区","1","rt_dim_area","116558","4/1/2018"
"116559",,"ACTIVE",,"county","150200000000","包头市","150203000000","昆都仑区","150000000000","内蒙古自治区","昆都仑区","1","rt_dim_area","116559","4/1/2018"
"116560",,"ACTIVE",,"county","150200000000","包头市","150204000000","青山区","150000000000","内蒙古自治区","青山区","1","rt_dim_area","116560","4/1/2018"
"116561",,"ACTIVE",,"county","150200000000","包头市","150205000000","石拐区","150000000000","内蒙古自治区","石拐区","1","rt_dim_area","116561","4/1/2018"
"116562",,"ACTIVE",,"county","150200000000","包头市","150206000000","白云鄂博矿区","150000000000","内蒙古自治区","白云鄂博矿区","1","rt_dim_area","116562","4/1/2018"
"116563",,"ACTIVE",,"county","150200000000","包头市","150207000000","九原区","150000000000","内蒙古自治区","九原区","1","rt_dim_area","116563","4/1/2018"
"116564",,"ACTIVE",,"county","150200000000","包头市","150221000000","土默特右旗","150000000000","内蒙古自治区","土默特右旗","1","rt_dim_area","116564","4/1/2018"
"116565",,"ACTIVE",,"county","150200000000","包头市","150222000000","固阳县","150000000000","内蒙古自治区","固阳县","1","rt_dim_area","116565","4/1/2018"
"116566",,"ACTIVE",,"county","150200000000","包头市","150223000000","达尔罕茂明安联合旗","150000000000","内蒙古自治区","达尔罕茂明安联合旗","1","rt_dim_area","116566","4/1/2018"
"116567",,"ACTIVE",,"city","150300000000","乌海市",,,"150000000000","内蒙古自治区","乌海市","1","rt_dim_area","116567","4/1/2018"
"116568",,"ACTIVE",,"county","150300000000","乌海市","150301000000","市辖区","150000000000","内蒙古自治区","市辖区","1","rt_dim_area","116568","4/1/2018"
"116569",,"ACTIVE",,"county","150300000000","乌海市","150302000000","海勃湾区","150000000000","内蒙古自治区","海勃湾区","1","rt_dim_area","116569","4/1/2018"
"116570",,"ACTIVE",,"county","150300000000","乌海市","150303000000","海南区","150000000000","内蒙古自治区","海南区","1","rt_dim_area","116570","4/1/2018"
"116571",,"ACTIVE",,"county","150300000000","乌海市","150304000000","乌达区","150000000000","内蒙古自治区","乌达区","1","rt_dim_area","116571","4/1/2018"
"116572",,"ACTIVE",,"city","150400000000","赤峰市",,,"150000000000","内蒙古自治区","赤峰市","1","rt_dim_area","116572","4/1/2018"
"116573",,"ACTIVE",,"county","150400000000","赤峰市","150401000000","市辖区","150000000000","内蒙古自治区","市辖区","1","rt_dim_area","116573","4/1/2018"
"116574",,"ACTIVE",,"county","150400000000","赤峰市","150402000000","红山区","150000000000","内蒙古自治区","红山区","1","rt_dim_area","116574","4/1/2018"
"116575",,"ACTIVE",,"county","150400000000","赤峰市","150403000000","元宝山区","150000000000","内蒙古自治区","元宝山区","1","rt_dim_area","116575","4/1/2018"
"116576",,"ACTIVE",,"county","150400000000","赤峰市","150404000000","松山区","150000000000","内蒙古自治区","松山区","1","rt_dim_area","116576","4/1/2018"
"116577",,"ACTIVE",,"county","150400000000","赤峰市","150421000000","阿鲁科尔沁旗","150000000000","内蒙古自治区","阿鲁科尔沁旗","1","rt_dim_area","116577","4/1/2018"
"116578",,"ACTIVE",,"county","150400000000","赤峰市","150422000000","巴林左旗","150000000000","内蒙古自治区","巴林左旗","1","rt_dim_area","116578","4/1/2018"
"116579",,"ACTIVE",,"county","150400000000","赤峰市","150423000000","巴林右旗","150000000000","内蒙古自治区","巴林右旗","1","rt_dim_area","116579","4/1/2018"
"116580",,"ACTIVE",,"county","150400000000","赤峰市","150424000000","林西县","150000000000","内蒙古自治区","林西县","1","rt_dim_area","116580","4/1/2018"
"116581",,"ACTIVE",,"county","150400000000","赤峰市","150425000000","克什克腾旗","150000000000","内蒙古自治区","克什克腾旗","1","rt_dim_area","116581","4/1/2018"
"116582",,"ACTIVE",,"county","150400000000","赤峰市","150426000000","翁牛特旗","150000000000","内蒙古自治区","翁牛特旗","1","rt_dim_area","116582","4/1/2018"
"116583",,"ACTIVE",,"county","150400000000","赤峰市","150428000000","喀喇沁旗","150000000000","内蒙古自治区","喀喇沁旗","1","rt_dim_area","116583","4/1/2018"
"116584",,"ACTIVE",,"county","150400000000","赤峰市","150429000000","宁城县","150000000000","内蒙古自治区","宁城县","1","rt_dim_area","116584","4/1/2018"
"116585",,"ACTIVE",,"county","150400000000","赤峰市","150430000000","敖汉旗","150000000000","内蒙古自治区","敖汉旗","1","rt_dim_area","116585","4/1/2018"
"116586",,"ACTIVE",,"city","150500000000","通辽市",,,"150000000000","内蒙古自治区","通辽市","1","rt_dim_area","116586","4/1/2018"
"116587",,"ACTIVE",,"county","150500000000","通辽市","150501000000","市辖区","150000000000","内蒙古自治区","市辖区","1","rt_dim_area","116587","4/1/2018"
"116588",,"ACTIVE",,"county","150500000000","通辽市","150502000000","科尔沁区","150000000000","内蒙古自治区","科尔沁区","1","rt_dim_area","116588","4/1/2018"
"116589",,"ACTIVE",,"county","150500000000","通辽市","150521000000","科尔沁左翼中旗","150000000000","内蒙古自治区","科尔沁左翼中旗","1","rt_dim_area","116589","4/1/2018"
"116590",,"ACTIVE",,"county","150500000000","通辽市","150522000000","科尔沁左翼后旗","150000000000","内蒙古自治区","科尔沁左翼后旗","1","rt_dim_area","116590","4/1/2018"
"116591",,"ACTIVE",,"county","150500000000","通辽市","150523000000","开鲁县","150000000000","内蒙古自治区","开鲁县","1","rt_dim_area","116591","4/1/2018"
"116592",,"ACTIVE",,"county","150500000000","通辽市","150524000000","库伦旗","150000000000","内蒙古自治区","库伦旗","1","rt_dim_area","116592","4/1/2018"
"116593",,"ACTIVE",,"county","150500000000","通辽市","150525000000","奈曼旗","150000000000","内蒙古自治区","奈曼旗","1","rt_dim_area","116593","4/1/2018"
"116594",,"ACTIVE",,"county","150500000000","通辽市","150526000000","扎鲁特旗","150000000000","内蒙古自治区","扎鲁特旗","1","rt_dim_area","116594","4/1/2018"
"116595",,"ACTIVE",,"county","150500000000","通辽市","150581000000","霍林郭勒市","150000000000","内蒙古自治区","霍林郭勒市","1","rt_dim_area","116595","4/1/2018"
"116596",,"ACTIVE",,"city","150600000000","鄂尔多斯市",,,"150000000000","内蒙古自治区","鄂尔多斯市","1","rt_dim_area","116596","4/1/2018"
"116597",,"ACTIVE",,"county","150600000000","鄂尔多斯市","150601000000","市辖区","150000000000","内蒙古自治区","市辖区","1","rt_dim_area","116597","4/1/2018"
"116598",,"ACTIVE",,"county","150600000000","鄂尔多斯市","150602000000","东胜区","150000000000","内蒙古自治区","东胜区","1","rt_dim_area","116598","4/1/2018"
"116599",,"ACTIVE",,"county","150600000000","鄂尔多斯市","150603000000","康巴什区","150000000000","内蒙古自治区","康巴什区","1","rt_dim_area","116599","4/1/2018"
"116600",,"ACTIVE",,"county","150600000000","鄂尔多斯市","150621000000","达拉特旗","150000000000","内蒙古自治区","达拉特旗","1","rt_dim_area","116600","4/1/2018"
"116601",,"ACTIVE",,"county","150600000000","鄂尔多斯市","150622000000","准格尔旗","150000000000","内蒙古自治区","准格尔旗","1","rt_dim_area","116601","4/1/2018"
"116602",,"ACTIVE",,"county","150600000000","鄂尔多斯市","150623000000","鄂托克前旗","150000000000","内蒙古自治区","鄂托克前旗","1","rt_dim_area","116602","4/1/2018"
"116603",,"ACTIVE",,"county","150600000000","鄂尔多斯市","150624000000","鄂托克旗","150000000000","内蒙古自治区","鄂托克旗","1","rt_dim_area","116603","4/1/2018"
"116604",,"ACTIVE",,"county","150600000000","鄂尔多斯市","150625000000","杭锦旗","150000000000","内蒙古自治区","杭锦旗","1","rt_dim_area","116604","4/1/2018"
"116605",,"ACTIVE",,"county","150600000000","鄂尔多斯市","150626000000","乌审旗","150000000000","内蒙古自治区","乌审旗","1","rt_dim_area","116605","4/1/2018"
"116606",,"ACTIVE",,"county","150600000000","鄂尔多斯市","150627000000","伊金霍洛旗","150000000000","内蒙古自治区","伊金霍洛旗","1","rt_dim_area","116606","4/1/2018"
"116607",,"ACTIVE",,"city","150700000000","呼伦贝尔市",,,"150000000000","内蒙古自治区","呼伦贝尔市","1","rt_dim_area","116607","4/1/2018"
"116608",,"ACTIVE",,"county","150700000000","呼伦贝尔市","150701000000","市辖区","150000000000","内蒙古自治区","市辖区","1","rt_dim_area","116608","4/1/2018"
"116609",,"ACTIVE",,"county","150700000000","呼伦贝尔市","150702000000","海拉尔区","150000000000","内蒙古自治区","海拉尔区","1","rt_dim_area","116609","4/1/2018"
"116610",,"ACTIVE",,"county","150700000000","呼伦贝尔市","150703000000","扎赉诺尔区","150000000000","内蒙古自治区","扎赉诺尔区","1","rt_dim_area","116610","4/1/2018"
"116611",,"ACTIVE",,"county","150700000000","呼伦贝尔市","150721000000","阿荣旗","150000000000","内蒙古自治区","阿荣旗","1","rt_dim_area","116611","4/1/2018"
"116612",,"ACTIVE",,"county","150700000000","呼伦贝尔市","150722000000","莫力达瓦达斡尔族自治旗","150000000000","内蒙古自治区","莫力达瓦达斡尔族自治旗","1","rt_dim_area","116612","4/1/2018"
"116613",,"ACTIVE",,"county","150700000000","呼伦贝尔市","150723000000","鄂伦春自治旗","150000000000","内蒙古自治区","鄂伦春自治旗","1","rt_dim_area","116613","4/1/2018"
"116614",,"ACTIVE",,"county","150700000000","呼伦贝尔市","150724000000","鄂温克族自治旗","150000000000","内蒙古自治区","鄂温克族自治旗","1","rt_dim_area","116614","4/1/2018"
"116615",,"ACTIVE",,"county","150700000000","呼伦贝尔市","150725000000","陈巴尔虎旗镇","150000000000","内蒙古自治区","陈巴尔虎旗镇","1","rt_dim_area","116615","4/1/2018"
"116616",,"ACTIVE",,"county","150700000000","呼伦贝尔市","150726000000","新巴尔虎左旗","150000000000","内蒙古自治区","新巴尔虎左旗","1","rt_dim_area","116616","4/1/2018"
"116617",,"ACTIVE",,"county","150700000000","呼伦贝尔市","150727000000","新巴尔虎右旗","150000000000","内蒙古自治区","新巴尔虎右旗","1","rt_dim_area","116617","4/1/2018"
"116618",,"ACTIVE",,"county","150700000000","呼伦贝尔市","150781000000","满洲里市","150000000000","内蒙古自治区","满洲里市","1","rt_dim_area","116618","4/1/2018"
"116619",,"ACTIVE",,"county","150700000000","呼伦贝尔市","150782000000","牙克石市","150000000000","内蒙古自治区","牙克石市","1","rt_dim_area","116619","4/1/2018"
"116620",,"ACTIVE",,"county","150700000000","呼伦贝尔市","150783000000","扎兰屯市","150000000000","内蒙古自治区","扎兰屯市","1","rt_dim_area","116620","4/1/2018"
"116621",,"ACTIVE",,"county","150700000000","呼伦贝尔市","150784000000","额尔古纳市","150000000000","内蒙古自治区","额尔古纳市","1","rt_dim_area","116621","4/1/2018"
"116622",,"ACTIVE",,"county","150700000000","呼伦贝尔市","150785000000","根河市","150000000000","内蒙古自治区","根河市","1","rt_dim_area","116622","4/1/2018"
"116623",,"ACTIVE",,"city","150800000000","巴彦淖尔市",,,"150000000000","内蒙古自治区","巴彦淖尔市","1","rt_dim_area","116623","4/1/2018"
"116624",,"ACTIVE",,"county","150800000000","巴彦淖尔市","150801000000","市辖区","150000000000","内蒙古自治区","市辖区","1","rt_dim_area","116624","4/1/2018"
"116625",,"ACTIVE",,"county","150800000000","巴彦淖尔市","150802000000","临河区","150000000000","内蒙古自治区","临河区","1","rt_dim_area","116625","4/1/2018"
"116626",,"ACTIVE",,"county","150800000000","巴彦淖尔市","150821000000","五原县","150000000000","内蒙古自治区","五原县","1","rt_dim_area","116626","4/1/2018"
"116627",,"ACTIVE",,"county","150800000000","巴彦淖尔市","150822000000","磴口县","150000000000","内蒙古自治区","磴口县","1","rt_dim_area","116627","4/1/2018"
"116628",,"ACTIVE",,"county","150800000000","巴彦淖尔市","150823000000","乌拉特前旗","150000000000","内蒙古自治区","乌拉特前旗","1","rt_dim_area","116628","4/1/2018"
"116629",,"ACTIVE",,"county","150800000000","巴彦淖尔市","150824000000","乌拉特中旗","150000000000","内蒙古自治区","乌拉特中旗","1","rt_dim_area","116629","4/1/2018"
"116630",,"ACTIVE",,"county","150800000000","巴彦淖尔市","150825000000","乌拉特后旗","150000000000","内蒙古自治区","乌拉特后旗","1","rt_dim_area","116630","4/1/2018"
"116631",,"ACTIVE",,"county","150800000000","巴彦淖尔市","150826000000","杭锦后旗","150000000000","内蒙古自治区","杭锦后旗","1","rt_dim_area","116631","4/1/2018"
"116632",,"ACTIVE",,"city","150900000000","乌兰察布市",,,"150000000000","内蒙古自治区","乌兰察布市","1","rt_dim_area","116632","4/1/2018"
"116633",,"ACTIVE",,"county","150900000000","乌兰察布市","150901000000","市辖区","150000000000","内蒙古自治区","市辖区","1","rt_dim_area","116633","4/1/2018"
"116634",,"ACTIVE",,"county","150900000000","乌兰察布市","150902000000","集宁区","150000000000","内蒙古自治区","集宁区","1","rt_dim_area","116634","4/1/2018"
"116635",,"ACTIVE",,"county","150900000000","乌兰察布市","150921000000","卓资县","150000000000","内蒙古自治区","卓资县","1","rt_dim_area","116635","4/1/2018"
"116636",,"ACTIVE",,"county","150900000000","乌兰察布市","150922000000","化德县","150000000000","内蒙古自治区","化德县","1","rt_dim_area","116636","4/1/2018"
"116637",,"ACTIVE",,"county","150900000000","乌兰察布市","150923000000","商都县","150000000000","内蒙古自治区","商都县","1","rt_dim_area","116637","4/1/2018"
"116638",,"ACTIVE",,"county","150900000000","乌兰察布市","150924000000","兴和县","150000000000","内蒙古自治区","兴和县","1","rt_dim_area","116638","4/1/2018"
"116639",,"ACTIVE",,"county","150900000000","乌兰察布市","150925000000","凉城县","150000000000","内蒙古自治区","凉城县","1","rt_dim_area","116639","4/1/2018"
"116640",,"ACTIVE",,"county","150900000000","乌兰察布市","150926000000","察哈尔右翼前旗","150000000000","内蒙古自治区","察哈尔右翼前旗","1","rt_dim_area","116640","4/1/2018"
"116641",,"ACTIVE",,"county","150900000000","乌兰察布市","150927000000","察哈尔右翼中旗","150000000000","内蒙古自治区","察哈尔右翼中旗","1","rt_dim_area","116641","4/1/2018"
"116642",,"ACTIVE",,"county","150900000000","乌兰察布市","150928000000","察哈尔右翼后旗","150000000000","内蒙古自治区","察哈尔右翼后旗","1","rt_dim_area","116642","4/1/2018"
"116643",,"ACTIVE",,"county","150900000000","乌兰察布市","150929000000","四子王旗","150000000000","内蒙古自治区","四子王旗","1","rt_dim_area","116643","4/1/2018"
"116644",,"ACTIVE",,"county","150900000000","乌兰察布市","150981000000","丰镇市","150000000000","内蒙古自治区","丰镇市","1","rt_dim_area","116644","4/1/2018"
"116645",,"ACTIVE",,"city","152200000000","兴安盟",,,"150000000000","内蒙古自治区","兴安盟","1","rt_dim_area","116645","4/1/2018"
"116646",,"ACTIVE",,"county","152200000000","兴安盟","152201000000","乌兰浩特市","150000000000","内蒙古自治区","乌兰浩特市","1","rt_dim_area","116646","4/1/2018"
"116647",,"ACTIVE",,"county","152200000000","兴安盟","152202000000","阿尔山市","150000000000","内蒙古自治区","阿尔山市","1","rt_dim_area","116647","4/1/2018"
"116648",,"ACTIVE",,"county","152200000000","兴安盟","152221000000","科尔沁右翼前旗","150000000000","内蒙古自治区","科尔沁右翼前旗","1","rt_dim_area","116648","4/1/2018"
"116649",,"ACTIVE",,"county","152200000000","兴安盟","152222000000","科尔沁右翼中旗","150000000000","内蒙古自治区","科尔沁右翼中旗","1","rt_dim_area","116649","4/1/2018"
"116650",,"ACTIVE",,"county","152200000000","兴安盟","152223000000","扎赉特旗","150000000000","内蒙古自治区","扎赉特旗","1","rt_dim_area","116650","4/1/2018"
"116651",,"ACTIVE",,"county","152200000000","兴安盟","152224000000","突泉县","150000000000","内蒙古自治区","突泉县","1","rt_dim_area","116651","4/1/2018"
"116652",,"ACTIVE",,"city","152500000000","锡林郭勒盟",,,"150000000000","内蒙古自治区","锡林郭勒盟","1","rt_dim_area","116652","4/1/2018"
"116653",,"ACTIVE",,"county","152500000000","锡林郭勒盟","152501000000","二连浩特市","150000000000","内蒙古自治区","二连浩特市","1","rt_dim_area","116653","4/1/2018"
"116654",,"ACTIVE",,"county","152500000000","锡林郭勒盟","152502000000","锡林浩特市","150000000000","内蒙古自治区","锡林浩特市","1","rt_dim_area","116654","4/1/2018"
"116655",,"ACTIVE",,"county","152500000000","锡林郭勒盟","152522000000","阿巴嘎旗","150000000000","内蒙古自治区","阿巴嘎旗","1","rt_dim_area","116655","4/1/2018"
"116656",,"ACTIVE",,"county","152500000000","锡林郭勒盟","152523000000","苏尼特左旗","150000000000","内蒙古自治区","苏尼特左旗","1","rt_dim_area","116656","4/1/2018"
"116657",,"ACTIVE",,"county","152500000000","锡林郭勒盟","152524000000","苏尼特右旗","150000000000","内蒙古自治区","苏尼特右旗","1","rt_dim_area","116657","4/1/2018"
"116658",,"ACTIVE",,"county","152500000000","锡林郭勒盟","152525000000","东乌珠穆沁旗","150000000000","内蒙古自治区","东乌珠穆沁旗","1","rt_dim_area","116658","4/1/2018"
"116659",,"ACTIVE",,"county","152500000000","锡林郭勒盟","152526000000","西乌珠穆沁旗","150000000000","内蒙古自治区","西乌珠穆沁旗","1","rt_dim_area","116659","4/1/2018"
"116660",,"ACTIVE",,"county","152500000000","锡林郭勒盟","152527000000","太仆寺旗","150000000000","内蒙古自治区","太仆寺旗","1","rt_dim_area","116660","4/1/2018"
"116661",,"ACTIVE",,"county","152500000000","锡林郭勒盟","152528000000","镶黄旗","150000000000","内蒙古自治区","镶黄旗","1","rt_dim_area","116661","4/1/2018"
"116662",,"ACTIVE",,"county","152500000000","锡林郭勒盟","152529000000","正镶白旗","150000000000","内蒙古自治区","正镶白旗","1","rt_dim_area","116662","4/1/2018"
"116663",,"ACTIVE",,"county","152500000000","锡林郭勒盟","152530000000","正蓝旗","150000000000","内蒙古自治区","正蓝旗","1","rt_dim_area","116663","4/1/2018"
"116664",,"ACTIVE",,"county","152500000000","锡林郭勒盟","152531000000","多伦县","150000000000","内蒙古自治区","多伦县","1","rt_dim_area","116664","4/1/2018"
"116665",,"ACTIVE",,"city","152900000000","阿拉善盟",,,"150000000000","内蒙古自治区","阿拉善盟","1","rt_dim_area","116665","4/1/2018"
"116666",,"ACTIVE",,"county","152900000000","阿拉善盟","152921000000","阿拉善左旗","150000000000","内蒙古自治区","阿拉善左旗","1","rt_dim_area","116666","4/1/2018"
"116667",,"ACTIVE",,"county","152900000000","阿拉善盟","152922000000","阿拉善右旗","150000000000","内蒙古自治区","阿拉善右旗","1","rt_dim_area","116667","4/1/2018"
"116668",,"ACTIVE",,"county","152900000000","阿拉善盟","152923000000","额济纳旗","150000000000","内蒙古自治区","额济纳旗","1","rt_dim_area","116668","4/1/2018"
"116669",,"ACTIVE",,"province",,,,,"210000000000","辽宁省","辽宁省","1","rt_dim_area","116669","4/1/2018"
"116670",,"ACTIVE",,"city","210100000000","沈阳市",,,"210000000000","辽宁省","沈阳市","1","rt_dim_area","116670","4/1/2018"
"116671",,"ACTIVE",,"county","210100000000","沈阳市","210100010000","沈阳经济技术开发区","210000000000","辽宁省","沈阳经济技术开发区","1","rt_dim_area","116671","4/1/2018"
"116672",,"ACTIVE",,"county","210100000000","沈阳市","210100020000","沈抚新城","210000000000","辽宁省","沈抚新城","1","rt_dim_area","116672","4/1/2018"
"116673",,"ACTIVE",,"county","210100000000","沈阳市","210100030000","蒲河新城","210000000000","辽宁省","蒲河新城","1","rt_dim_area","116673","4/1/2018"
"116674",,"DEL",,"county","210100000000","沈阳市","210101000000","市辖区","210000000000","辽宁省","市辖区","1","rt_dim_area","116674","4/1/2018"
"116675",,"ACTIVE",,"county","210100000000","沈阳市","210102000000","和平区","210000000000","辽宁省","和平区","1","rt_dim_area","116675","4/1/2018"
"116676",,"ACTIVE",,"county","210100000000","沈阳市","210103000000","沈河区","210000000000","辽宁省","沈河区","1","rt_dim_area","116676","4/1/2018"
"116677",,"ACTIVE",,"county","210100000000","沈阳市","210104000000","大东区","210000000000","辽宁省","大东区","1","rt_dim_area","116677","4/1/2018"
"116678",,"ACTIVE",,"county","210100000000","沈阳市","210105000000","皇姑区","210000000000","辽宁省","皇姑区","1","rt_dim_area","116678","4/1/2018"
"116679",,"ACTIVE",,"county","210100000000","沈阳市","210106000000","铁西区","210000000000","辽宁省","铁西区","1","rt_dim_area","116679","4/1/2018"
"116680",,"ACTIVE",,"county","210100000000","沈阳市","210111000000","苏家屯区","210000000000","辽宁省","苏家屯区","1","rt_dim_area","116680","4/1/2018"
"116681",,"ACTIVE",,"county","210100000000","沈阳市","210112000000","浑南区","210000000000","辽宁省","浑南区","1","rt_dim_area","116681","4/1/2018"
"116682",,"ACTIVE",,"county","210100000000","沈阳市","210113000000","沈北新区","210000000000","辽宁省","沈北新区","1","rt_dim_area","116682","4/1/2018"
"116683",,"ACTIVE",,"county","210100000000","沈阳市","210114000000","于洪区","210000000000","辽宁省","于洪区","1","rt_dim_area","116683","4/1/2018"
"116684",,"ACTIVE",,"county","210100000000","沈阳市","210122000000","辽中县","210000000000","辽宁省","辽中县","1","rt_dim_area","116684","4/1/2018"
"116685",,"ACTIVE",,"county","210100000000","沈阳市","210123000000","康平县","210000000000","辽宁省","康平县","1","rt_dim_area","116685","4/1/2018"
"116686",,"ACTIVE",,"county","210100000000","沈阳市","210124000000","法库县","210000000000","辽宁省","法库县","1","rt_dim_area","116686","4/1/2018"
"116687",,"ACTIVE",,"county","210100000000","沈阳市","210181000000","新民市","210000000000","辽宁省","新民市","1","rt_dim_area","116687","4/1/2018"
"116688",,"ACTIVE",,"city","210200000000","大连市",,,"210000000000","辽宁省","大连市","1","rt_dim_area","116688","4/1/2018"
"116689",,"ACTIVE",,"county","210200000000","大连市","210200010000","长兴岛经济区","210000000000","辽宁省","长兴岛经济区","1","rt_dim_area","116689","4/1/2018"
"116690",,"ACTIVE",,"county","210200000000","大连市","210200020000","花园口经济区","210000000000","辽宁省","花园口经济区","1","rt_dim_area","116690","4/1/2018"
"116691",,"ACTIVE",,"county","210200000000","大连市","210200030000","保税区","210000000000","辽宁省","保税区","1","rt_dim_area","116691","4/1/2018"
"116692",,"DEL",,"county","210200000000","大连市","210201000000","市辖区","210000000000","辽宁省","市辖区","1","rt_dim_area","116692","4/1/2018"
"116693",,"ACTIVE",,"county","210200000000","大连市","210202000000","中山区","210000000000","辽宁省","中山区","1","rt_dim_area","116693","4/1/2018"
"116694",,"ACTIVE",,"county","210200000000","大连市","210203000000","西岗区","210000000000","辽宁省","西岗区","1","rt_dim_area","116694","4/1/2018"
"116695",,"ACTIVE",,"county","210200000000","大连市","210204000000","沙河口区","210000000000","辽宁省","沙河口区","1","rt_dim_area","116695","4/1/2018"
"116696",,"ACTIVE",,"county","210200000000","大连市","210211000000","甘井子区","210000000000","辽宁省","甘井子区","1","rt_dim_area","116696","4/1/2018"
"116697",,"ACTIVE",,"county","210200000000","大连市","210212000000","旅顺口区","210000000000","辽宁省","旅顺口区","1","rt_dim_area","116697","4/1/2018"
"116698",,"ACTIVE",,"county","210200000000","大连市","210213000000","金州区","210000000000","辽宁省","金州区","1","rt_dim_area","116698","4/1/2018"
"116699",,"ACTIVE",,"county","210200000000","大连市","210224000000","长海县","210000000000","辽宁省","长海县","1","rt_dim_area","116699","4/1/2018"
"116700",,"ACTIVE",,"county","210200000000","大连市","210261000000","高新园区","210000000000","辽宁省","高新园区","1","rt_dim_area","116700","4/1/2018"
"116701",,"ACTIVE",,"county","210200000000","大连市","210281000000","瓦房店市","210000000000","辽宁省","瓦房店市","1","rt_dim_area","116701","4/1/2018"
"116702",,"ACTIVE",,"county","210200000000","大连市","210282000000","普兰店市","210000000000","辽宁省","普兰店市","1","rt_dim_area","116702","4/1/2018"
"116703",,"ACTIVE",,"county","210200000000","大连市","210283000000","庄河市","210000000000","辽宁省","庄河市","1","rt_dim_area","116703","4/1/2018"
"116704",,"ACTIVE",,"city","210300000000","鞍山市",,,"210000000000","辽宁省","鞍山市","1","rt_dim_area","116704","4/1/2018"
"116705",,"ACTIVE",,"county","210300000000","鞍山市","210300010000","鞍山市经济开发区","210000000000","辽宁省","鞍山市经济开发区","1","rt_dim_area","116705","4/1/2018"
"116706",,"ACTIVE",,"county","210300000000","鞍山市","210300020000","鞍山市高新区","210000000000","辽宁省","鞍山市高新区","1","rt_dim_area","116706","4/1/2018"
"116707",,"ACTIVE",,"county","210300000000","鞍山市","210300030000","鞍山市千山风景区","210000000000","辽宁省","鞍山市千山风景区","1","rt_dim_area","116707","4/1/2018"
"116708",,"DEL",,"county","210300000000","鞍山市","210301000000","市辖区","210000000000","辽宁省","市辖区","1","rt_dim_area","116708","4/1/2018"
"116709",,"ACTIVE",,"county","210300000000","鞍山市","210302000000","铁东区","210000000000","辽宁省","铁东区","1","rt_dim_area","116709","4/1/2018"
"116710",,"ACTIVE",,"county","210300000000","鞍山市","210303000000","铁西区","210000000000","辽宁省","铁西区","1","rt_dim_area","116710","4/1/2018"
"116711",,"ACTIVE",,"county","210300000000","鞍山市","210304000000","立山区","210000000000","辽宁省","立山区","1","rt_dim_area","116711","4/1/2018"
"116712",,"ACTIVE",,"county","210300000000","鞍山市","210311000000","千山区","210000000000","辽宁省","千山区","1","rt_dim_area","116712","4/1/2018"
"116713",,"ACTIVE",,"county","210300000000","鞍山市","210321000000","台安县","210000000000","辽宁省","台安县","1","rt_dim_area","116713","4/1/2018"
"116714",,"ACTIVE",,"county","210300000000","鞍山市","210323000000","岫岩满族自治县","210000000000","辽宁省","岫岩满族自治县","1","rt_dim_area","116714","4/1/2018"
"116715",,"ACTIVE",,"county","210300000000","鞍山市","210381000000","海城市","210000000000","辽宁省","海城市","1","rt_dim_area","116715","4/1/2018"
"116716",,"ACTIVE",,"city","210400000000","抚顺市",,,"210000000000","辽宁省","抚顺市","1","rt_dim_area","116716","4/1/2018"
"116717",,"DEL",,"county","210400000000","抚顺市","210401000000","市辖区","210000000000","辽宁省","市辖区","1","rt_dim_area","116717","4/1/2018"
"116718",,"ACTIVE",,"county","210400000000","抚顺市","210402000000","新抚区","210000000000","辽宁省","新抚区","1","rt_dim_area","116718","4/1/2018"
"116719",,"ACTIVE",,"county","210400000000","抚顺市","210403000000","东洲区","210000000000","辽宁省","东洲区","1","rt_dim_area","116719","4/1/2018"
"116720",,"ACTIVE",,"county","210400000000","抚顺市","210404000000","望花区","210000000000","辽宁省","望花区","1","rt_dim_area","116720","4/1/2018"
"116721",,"ACTIVE",,"county","210400000000","抚顺市","210411000000","顺城区","210000000000","辽宁省","顺城区","1","rt_dim_area","116721","4/1/2018"
"116722",,"ACTIVE",,"county","210400000000","抚顺市","210421000000","抚顺县","210000000000","辽宁省","抚顺县","1","rt_dim_area","116722","4/1/2018"
"116723",,"ACTIVE",,"county","210400000000","抚顺市","210422000000","新宾满族自治县","210000000000","辽宁省","新宾满族自治县","1","rt_dim_area","116723","4/1/2018"
"116724",,"ACTIVE",,"county","210400000000","抚顺市","210423000000","清原满族自治县","210000000000","辽宁省","清原满族自治县","1","rt_dim_area","116724","4/1/2018"
"116725",,"ACTIVE",,"city","210500000000","本溪市",,,"210000000000","辽宁省","本溪市","1","rt_dim_area","116725","4/1/2018"
"116726",,"ACTIVE",,"county","210500000000","本溪市","210500010000","高新区","210000000000","辽宁省","高新区","1","rt_dim_area","116726","4/1/2018"
"116727",,"DEL",,"county","210500000000","本溪市","210501000000","市辖区","210000000000","辽宁省","市辖区","1","rt_dim_area","116727","4/1/2018"
"116728",,"ACTIVE",,"county","210500000000","本溪市","210502000000","平山区","210000000000","辽宁省","平山区","1","rt_dim_area","116728","4/1/2018"
"116729",,"ACTIVE",,"county","210500000000","本溪市","210503000000","溪湖区","210000000000","辽宁省","溪湖区","1","rt_dim_area","116729","4/1/2018"
"116730",,"ACTIVE",,"county","210500000000","本溪市","210504000000","明山区","210000000000","辽宁省","明山区","1","rt_dim_area","116730","4/1/2018"
"116731",,"ACTIVE",,"county","210500000000","本溪市","210505000000","南芬区","210000000000","辽宁省","南芬区","1","rt_dim_area","116731","4/1/2018"
"116732",,"ACTIVE",,"county","210500000000","本溪市","210521000000","本溪满族自治县","210000000000","辽宁省","本溪满族自治县","1","rt_dim_area","116732","4/1/2018"
"116733",,"ACTIVE",,"county","210500000000","本溪市","210522000000","桓仁满族自治县","210000000000","辽宁省","桓仁满族自治县","1","rt_dim_area","116733","4/1/2018"
"116734",,"ACTIVE",,"city","210600000000","丹东市",,,"210000000000","辽宁省","丹东市","1","rt_dim_area","116734","4/1/2018"
"116735",,"ACTIVE",,"county","210600000000","丹东市","210600010000","丹东市边境经济合作区","210000000000","辽宁省","丹东市边境经济合作区","1","rt_dim_area","116735","4/1/2018"
"116736",,"ACTIVE",,"county","210600000000","丹东市","210600020000","丹东市高新技术产业园区","210000000000","辽宁省","丹东市高新技术产业园区","1","rt_dim_area","116736","4/1/2018"
"116737",,"ACTIVE",,"county","210600000000","丹东市","210600030000","丹东市大孤山经济区","210000000000","辽宁省","丹东市大孤山经济区","1","rt_dim_area","116737","4/1/2018"
"116738",,"DEL",,"county","210600000000","丹东市","210601000000","市辖区","210000000000","辽宁省","市辖区","1","rt_dim_area","116738","4/1/2018"
"116739",,"ACTIVE",,"county","210600000000","丹东市","210602000000","元宝区","210000000000","辽宁省","元宝区","1","rt_dim_area","116739","4/1/2018"
"116740",,"ACTIVE",,"county","210600000000","丹东市","210603000000","振兴区","210000000000","辽宁省","振兴区","1","rt_dim_area","116740","4/1/2018"
"116741",,"ACTIVE",,"county","210600000000","丹东市","210604000000","振安区","210000000000","辽宁省","振安区","1","rt_dim_area","116741","4/1/2018"
"116742",,"ACTIVE",,"county","210600000000","丹东市","210624000000","宽甸满族自治县","210000000000","辽宁省","宽甸满族自治县","1","rt_dim_area","116742","4/1/2018"
"116743",,"ACTIVE",,"county","210600000000","丹东市","210681000000","东港市","210000000000","辽宁省","东港市","1","rt_dim_area","116743","4/1/2018"
"116744",,"ACTIVE",,"county","210600000000","丹东市","210682000000","凤城市","210000000000","辽宁省","凤城市","1","rt_dim_area","116744","4/1/2018"
"116745",,"ACTIVE",,"city","210700000000","锦州市",,,"210000000000","辽宁省","锦州市","1","rt_dim_area","116745","4/1/2018"
"116746",,"ACTIVE",,"county","210700000000","锦州市","210700010000","滨海新区（开发区）","210000000000","辽宁省","滨海新区（开发区）","1","rt_dim_area","116746","4/1/2018"
"116747",,"ACTIVE",,"county","210700000000","锦州市","210700020000","松山新区","210000000000","辽宁省","松山新区","1","rt_dim_area","116747","4/1/2018"
"116748",,"DEL",,"county","210700000000","锦州市","210701000000","市辖区","210000000000","辽宁省","市辖区","1","rt_dim_area","116748","4/1/2018"
"116749",,"ACTIVE",,"county","210700000000","锦州市","210702000000","古塔区","210000000000","辽宁省","古塔区","1","rt_dim_area","116749","4/1/2018"
"116750",,"ACTIVE",,"county","210700000000","锦州市","210703000000","凌河区","210000000000","辽宁省","凌河区","1","rt_dim_area","116750","4/1/2018"
"116751",,"ACTIVE",,"county","210700000000","锦州市","210711000000","太和区","210000000000","辽宁省","太和区","1","rt_dim_area","116751","4/1/2018"
"116752",,"ACTIVE",,"county","210700000000","锦州市","210726000000","黑山县","210000000000","辽宁省","黑山县","1","rt_dim_area","116752","4/1/2018"
"116753",,"ACTIVE",,"county","210700000000","锦州市","210727000000","义县","210000000000","辽宁省","义县","1","rt_dim_area","116753","4/1/2018"
"116754",,"ACTIVE",,"county","210700000000","锦州市","210781000000","凌海市","210000000000","辽宁省","凌海市","1","rt_dim_area","116754","4/1/2018"
"116755",,"ACTIVE",,"county","210700000000","锦州市","210782000000","北镇市","210000000000","辽宁省","北镇市","1","rt_dim_area","116755","4/1/2018"
"116756",,"ACTIVE",,"city","210800000000","营口市",,,"210000000000","辽宁省","营口市","1","rt_dim_area","116756","4/1/2018"
"116757",,"ACTIVE",,"county","210800000000","营口市","210800010000","辽宁（营口）沿海产业基地","210000000000","辽宁省","辽宁（营口）沿海产业基地","1","rt_dim_area","116757","4/1/2018"
"116758",,"ACTIVE",,"county","210800000000","营口市","210800020000","营口仙人岛能源化工区","210000000000","辽宁省","营口仙人岛能源化工区","1","rt_dim_area","116758","4/1/2018"
"116759",,"DEL",,"county","210800000000","营口市","210801000000","市辖区","210000000000","辽宁省","市辖区","1","rt_dim_area","116759","4/1/2018"
"116760",,"ACTIVE",,"county","210800000000","营口市","210802000000","站前区","210000000000","辽宁省","站前区","1","rt_dim_area","116760","4/1/2018"
"116761",,"ACTIVE",,"county","210800000000","营口市","210803000000","西市区","210000000000","辽宁省","西市区","1","rt_dim_area","116761","4/1/2018"
"116762",,"ACTIVE",,"county","210800000000","营口市","210804000000","鲅鱼圈区","210000000000","辽宁省","鲅鱼圈区","1","rt_dim_area","116762","4/1/2018"
"116763",,"ACTIVE",,"county","210800000000","营口市","210811000000","老边区","210000000000","辽宁省","老边区","1","rt_dim_area","116763","4/1/2018"
"116764",,"ACTIVE",,"county","210800000000","营口市","210881000000","盖州市","210000000000","辽宁省","盖州市","1","rt_dim_area","116764","4/1/2018"
"116765",,"ACTIVE",,"county","210800000000","营口市","210882000000","大石桥市","210000000000","辽宁省","大石桥市","1","rt_dim_area","116765","4/1/2018"
"116766",,"ACTIVE",,"city","210900000000","阜新市",,,"210000000000","辽宁省","阜新市","1","rt_dim_area","116766","4/1/2018"
"116767",,"ACTIVE",,"county","210900000000","阜新市","210900010000","科技开发区","210000000000","辽宁省","科技开发区","1","rt_dim_area","116767","4/1/2018"
"116768",,"ACTIVE",,"county","210900000000","阜新市","210900020000","高新区","210000000000","辽宁省","高新区","1","rt_dim_area","116768","4/1/2018"
"116769",,"DEL",,"county","210900000000","阜新市","210901000000","市辖区","210000000000","辽宁省","市辖区","1","rt_dim_area","116769","4/1/2018"
"116770",,"ACTIVE",,"county","210900000000","阜新市","210902000000","海州区","210000000000","辽宁省","海州区","1","rt_dim_area","116770","4/1/2018"
"116771",,"ACTIVE",,"county","210900000000","阜新市","210903000000","新邱区","210000000000","辽宁省","新邱区","1","rt_dim_area","116771","4/1/2018"
"116772",,"ACTIVE",,"county","210900000000","阜新市","210904000000","太平区","210000000000","辽宁省","太平区","1","rt_dim_area","116772","4/1/2018"
"116773",,"ACTIVE",,"county","210900000000","阜新市","210905000000","清河门区","210000000000","辽宁省","清河门区","1","rt_dim_area","116773","4/1/2018"
"116774",,"ACTIVE",,"county","210900000000","阜新市","210911000000","细河区","210000000000","辽宁省","细河区","1","rt_dim_area","116774","4/1/2018"
"116775",,"ACTIVE",,"county","210900000000","阜新市","210921000000","阜新蒙古族自治县","210000000000","辽宁省","阜新蒙古族自治县","1","rt_dim_area","116775","4/1/2018"
"116776",,"ACTIVE",,"county","210900000000","阜新市","210922000000","彰武县","210000000000","辽宁省","彰武县","1","rt_dim_area","116776","4/1/2018"
"116777",,"ACTIVE",,"city","211000000000","辽阳市",,,"210000000000","辽宁省","辽阳市","1","rt_dim_area","116777","4/1/2018"
"116778",,"DEL",,"county","211000000000","辽阳市","211001000000","市辖区","210000000000","辽宁省","市辖区","1","rt_dim_area","116778","4/1/2018"
"116779",,"ACTIVE",,"county","211000000000","辽阳市","211002000000","白塔区","210000000000","辽宁省","白塔区","1","rt_dim_area","116779","4/1/2018"
"116780",,"ACTIVE",,"county","211000000000","辽阳市","211003000000","文圣区","210000000000","辽宁省","文圣区","1","rt_dim_area","116780","4/1/2018"
"116781",,"ACTIVE",,"county","211000000000","辽阳市","211004000000","宏伟区","210000000000","辽宁省","宏伟区","1","rt_dim_area","116781","4/1/2018"
"116782",,"ACTIVE",,"county","211000000000","辽阳市","211005000000","弓长岭区","210000000000","辽宁省","弓长岭区","1","rt_dim_area","116782","4/1/2018"
"116783",,"ACTIVE",,"county","211000000000","辽阳市","211011000000","太子河区","210000000000","辽宁省","太子河区","1","rt_dim_area","116783","4/1/2018"
"116784",,"ACTIVE",,"county","211000000000","辽阳市","211021000000","辽阳县","210000000000","辽宁省","辽阳县","1","rt_dim_area","116784","4/1/2018"
"116785",,"ACTIVE",,"county","211000000000","辽阳市","211081000000","灯塔市","210000000000","辽宁省","灯塔市","1","rt_dim_area","116785","4/1/2018"
"116786",,"ACTIVE",,"city","211100000000","盘锦市",,,"210000000000","辽宁省","盘锦市","1","rt_dim_area","116786","4/1/2018"
"116787",,"ACTIVE",,"county","211100000000","盘锦市","211100010000","盘锦市辽东湾","210000000000","辽宁省","盘锦市辽东湾","1","rt_dim_area","116787","4/1/2018"
"116788",,"ACTIVE",,"county","211100000000","盘锦市","211100020000","盘锦市辽河口生态经济区","210000000000","辽宁省","盘锦市辽河口生态经济区","1","rt_dim_area","116788","4/1/2018"
"116789",,"DEL",,"county","211100000000","盘锦市","211101000000","市辖区","210000000000","辽宁省","市辖区","1","rt_dim_area","116789","4/1/2018"
"116790",,"ACTIVE",,"county","211100000000","盘锦市","211102000000","双台子区","210000000000","辽宁省","双台子区","1","rt_dim_area","116790","4/1/2018"
"116791",,"ACTIVE",,"county","211100000000","盘锦市","211103000000","兴隆台区","210000000000","辽宁省","兴隆台区","1","rt_dim_area","116791","4/1/2018"
"116792",,"ACTIVE",,"county","211100000000","盘锦市","211121000000","大洼县","210000000000","辽宁省","大洼县","1","rt_dim_area","116792","4/1/2018"
"116793",,"ACTIVE",,"county","211100000000","盘锦市","211122000000","盘山县","210000000000","辽宁省","盘山县","1","rt_dim_area","116793","4/1/2018"
"116794",,"ACTIVE",,"city","211200000000","铁岭市",,,"210000000000","辽宁省","铁岭市","1","rt_dim_area","116794","4/1/2018"
"116795",,"ACTIVE",,"county","211200000000","铁岭市","211200010000","铁岭市开发区","210000000000","辽宁省","铁岭市开发区","1","rt_dim_area","116795","4/1/2018"
"116796",,"DEL",,"county","211200000000","铁岭市","211201000000","市辖区","210000000000","辽宁省","市辖区","1","rt_dim_area","116796","4/1/2018"
"116797",,"ACTIVE",,"county","211200000000","铁岭市","211202000000","银州区","210000000000","辽宁省","银州区","1","rt_dim_area","116797","4/1/2018"
"116798",,"ACTIVE",,"county","211200000000","铁岭市","211204000000","清河区","210000000000","辽宁省","清河区","1","rt_dim_area","116798","4/1/2018"
"116799",,"ACTIVE",,"county","211200000000","铁岭市","211221000000","铁岭县","210000000000","辽宁省","铁岭县","1","rt_dim_area","116799","4/1/2018"
"116800",,"ACTIVE",,"county","211200000000","铁岭市","211223000000","西丰县","210000000000","辽宁省","西丰县","1","rt_dim_area","116800","4/1/2018"
"116801",,"ACTIVE",,"county","211200000000","铁岭市","211224000000","昌图县","210000000000","辽宁省","昌图县","1","rt_dim_area","116801","4/1/2018"
"116802",,"ACTIVE",,"county","211200000000","铁岭市","211281000000","调兵山市","210000000000","辽宁省","调兵山市","1","rt_dim_area","116802","4/1/2018"
"116803",,"ACTIVE",,"county","211200000000","铁岭市","211282000000","开原市","210000000000","辽宁省","开原市","1","rt_dim_area","116803","4/1/2018"
"116804",,"ACTIVE",,"city","211300000000","朝阳市",,,"210000000000","辽宁省","朝阳市","1","rt_dim_area","116804","4/1/2018"
"116805",,"ACTIVE",,"county","211300000000","朝阳市","211300010000","朝阳北票经济开发区","210000000000","辽宁省","朝阳北票经济开发区","1","rt_dim_area","116805","4/1/2018"
"116806",,"ACTIVE",,"county","211300000000","朝阳市","211300020000","朝阳凌源经济开发区","210000000000","辽宁省","朝阳凌源经济开发区","1","rt_dim_area","116806","4/1/2018"
"116807",,"ACTIVE",,"county","211300000000","朝阳市","211300030000","朝阳柳城经济开发区","210000000000","辽宁省","朝阳柳城经济开发区","1","rt_dim_area","116807","4/1/2018"
"116808",,"ACTIVE",,"county","211300000000","朝阳市","211300040000","朝阳建平经济开发区","210000000000","辽宁省","朝阳建平经济开发区","1","rt_dim_area","116808","4/1/2018"
"116809",,"ACTIVE",,"county","211300000000","朝阳市","211300050000","朝阳喀左经济开发区","210000000000","辽宁省","朝阳喀左经济开发区","1","rt_dim_area","116809","4/1/2018"
"116810",,"ACTIVE",,"county","211300000000","朝阳市","211300060000","朝阳经济技术开发区（燕都新区）","210000000000","辽宁省","朝阳经济技术开发区（燕都新区）","1","rt_dim_area","116810","4/1/2018"
"116811",,"ACTIVE",,"county","211300000000","朝阳市","211300070000","朝阳高新技术产业开发区","210000000000","辽宁省","朝阳高新技术产业开发区","1","rt_dim_area","116811","4/1/2018"
"116812",,"DEL",,"county","211300000000","朝阳市","211301000000","市辖区","210000000000","辽宁省","市辖区","1","rt_dim_area","116812","4/1/2018"
"116813",,"ACTIVE",,"county","211300000000","朝阳市","211302000000","双塔区","210000000000","辽宁省","双塔区","1","rt_dim_area","116813","4/1/2018"
"116814",,"ACTIVE",,"county","211300000000","朝阳市","211303000000","龙城区","210000000000","辽宁省","龙城区","1","rt_dim_area","116814","4/1/2018"
"116815",,"ACTIVE",,"county","211300000000","朝阳市","211321000000","朝阳县","210000000000","辽宁省","朝阳县","1","rt_dim_area","116815","4/1/2018"
"116816",,"ACTIVE",,"county","211300000000","朝阳市","211322000000","建平县","210000000000","辽宁省","建平县","1","rt_dim_area","116816","4/1/2018"
"116817",,"ACTIVE",,"county","211300000000","朝阳市","211324000000","喀喇沁左翼蒙古族自治县","210000000000","辽宁省","喀喇沁左翼蒙古族自治县","1","rt_dim_area","116817","4/1/2018"
"116818",,"ACTIVE",,"county","211300000000","朝阳市","211381000000","北票市","210000000000","辽宁省","北票市","1","rt_dim_area","116818","4/1/2018"
"116819",,"ACTIVE",,"county","211300000000","朝阳市","211382000000","凌源市","210000000000","辽宁省","凌源市","1","rt_dim_area","116819","4/1/2018"
"116820",,"ACTIVE",,"city","211400000000","葫芦岛市",,,"210000000000","辽宁省","葫芦岛市","1","rt_dim_area","116820","4/1/2018"
"116821",,"DEL",,"county","211400000000","葫芦岛市","211401000000","市辖区","210000000000","辽宁省","市辖区","1","rt_dim_area","116821","4/1/2018"
"116822",,"ACTIVE",,"county","211400000000","葫芦岛市","211402000000","连山区","210000000000","辽宁省","连山区","1","rt_dim_area","116822","4/1/2018"
"116823",,"ACTIVE",,"county","211400000000","葫芦岛市","211403000000","龙港区","210000000000","辽宁省","龙港区","1","rt_dim_area","116823","4/1/2018"
"116824",,"ACTIVE",,"county","211400000000","葫芦岛市","211404000000","南票区","210000000000","辽宁省","南票区","1","rt_dim_area","116824","4/1/2018"
"116825",,"ACTIVE",,"county","211400000000","葫芦岛市","211421000000","绥中县","210000000000","辽宁省","绥中县","1","rt_dim_area","116825","4/1/2018"
"116826",,"ACTIVE",,"county","211400000000","葫芦岛市","211422000000","建昌县","210000000000","辽宁省","建昌县","1","rt_dim_area","116826","4/1/2018"
"116827",,"ACTIVE",,"county","211400000000","葫芦岛市","211481000000","兴城市","210000000000","辽宁省","兴城市","1","rt_dim_area","116827","4/1/2018"
"116828",,"ACTIVE",,"province",,,,,"220000000000","吉林省","吉林省","1","rt_dim_area","116828","4/1/2018"
"116829",,"ACTIVE",,"city","220100000000","长春市",,,"220000000000","吉林省","长春市","1","rt_dim_area","116829","4/1/2018"
"116830",,"ACTIVE",,"county","220100000000","长春市","220100010000","长春新区","220000000000","吉林省","长春新区","1","rt_dim_area","116830","4/1/2018"
"116831",,"ACTIVE",,"county","220100000000","长春市","220100020000","长春经济技术开发区","220000000000","吉林省","长春经济技术开发区","1","rt_dim_area","116831","4/1/2018"
"116832",,"ACTIVE",,"county","220100000000","长春市","220100030000","长春净月国家高新技术产业开发区","220000000000","吉林省","长春净月国家高新技术产业开发区","1","rt_dim_area","116832","4/1/2018"
"116833",,"ACTIVE",,"county","220100000000","长春市","220100040000","长春汽车经济技术开发区","220000000000","吉林省","长春汽车经济技术开发区","1","rt_dim_area","116833","4/1/2018"
"116834",,"ACTIVE",,"county","220100000000","长春市","220100050000","长春莲花山生态旅游度假区","220000000000","吉林省","长春莲花山生态旅游度假区","1","rt_dim_area","116834","4/1/2018"
"116835",,"DEL",,"county","220100000000","长春市","220101000000","市辖区","220000000000","吉林省","市辖区","1","rt_dim_area","116835","4/1/2018"
"116836",,"ACTIVE",,"county","220100000000","长春市","220102000000","南关区","220000000000","吉林省","南关区","1","rt_dim_area","116836","4/1/2018"
"116837",,"ACTIVE",,"county","220100000000","长春市","220103000000","宽城区","220000000000","吉林省","宽城区","1","rt_dim_area","116837","4/1/2018"
"116838",,"ACTIVE",,"county","220100000000","长春市","220104000000","朝阳区","220000000000","吉林省","朝阳区","1","rt_dim_area","116838","4/1/2018"
"116839",,"ACTIVE",,"county","220100000000","长春市","220105000000","二道区","220000000000","吉林省","二道区","1","rt_dim_area","116839","4/1/2018"
"116840",,"ACTIVE",,"county","220100000000","长春市","220106000000","绿园区","220000000000","吉林省","绿园区","1","rt_dim_area","116840","4/1/2018"
"116841",,"ACTIVE",,"county","220100000000","长春市","220112000000","双阳区","220000000000","吉林省","双阳区","1","rt_dim_area","116841","4/1/2018"
"116842",,"ACTIVE",,"county","220100000000","长春市","220113000000","九台区","220000000000","吉林省","九台区","1","rt_dim_area","116842","4/1/2018"
"116843",,"ACTIVE",,"county","220100000000","长春市","220122000000","农安县","220000000000","吉林省","农安县","1","rt_dim_area","116843","4/1/2018"
"116844",,"ACTIVE",,"county","220100000000","长春市","220182000000","榆树市","220000000000","吉林省","榆树市","1","rt_dim_area","116844","4/1/2018"
"116845",,"ACTIVE",,"county","220100000000","长春市","220183000000","德惠市","220000000000","吉林省","德惠市","1","rt_dim_area","116845","4/1/2018"
"116846",,"ACTIVE",,"city","220200000000","吉林市",,,"220000000000","吉林省","吉林市","1","rt_dim_area","116846","4/1/2018"
"116847",,"ACTIVE",,"county","220200000000","吉林市","220200010000","吉林经济技术开发区","220000000000","吉林省","吉林经济技术开发区","1","rt_dim_area","116847","4/1/2018"
"116848",,"ACTIVE",,"county","220200000000","吉林市","220200020000","吉林高新区","220000000000","吉林省","吉林高新区","1","rt_dim_area","116848","4/1/2018"
"116849",,"ACTIVE",,"county","220200000000","吉林市","220200030000","吉林松花湖风景名胜区","220000000000","吉林省","吉林松花湖风景名胜区","1","rt_dim_area","116849","4/1/2018"
"116850",,"DEL",,"county","220200000000","吉林市","220201000000","市辖区","220000000000","吉林省","市辖区","1","rt_dim_area","116850","4/1/2018"
"116851",,"ACTIVE",,"county","220200000000","吉林市","220202000000","昌邑区","220000000000","吉林省","昌邑区","1","rt_dim_area","116851","4/1/2018"
"116852",,"ACTIVE",,"county","220200000000","吉林市","220203000000","龙潭区","220000000000","吉林省","龙潭区","1","rt_dim_area","116852","4/1/2018"
"116853",,"ACTIVE",,"county","220200000000","吉林市","220204000000","船营区","220000000000","吉林省","船营区","1","rt_dim_area","116853","4/1/2018"
"116854",,"ACTIVE",,"county","220200000000","吉林市","220211000000","丰满区","220000000000","吉林省","丰满区","1","rt_dim_area","116854","4/1/2018"
"116855",,"ACTIVE",,"county","220200000000","吉林市","220221000000","永吉县","220000000000","吉林省","永吉县","1","rt_dim_area","116855","4/1/2018"
"116856",,"ACTIVE",,"county","220200000000","吉林市","220281000000","蛟河市","220000000000","吉林省","蛟河市","1","rt_dim_area","116856","4/1/2018"
"116857",,"ACTIVE",,"county","220200000000","吉林市","220282000000","桦甸市","220000000000","吉林省","桦甸市","1","rt_dim_area","116857","4/1/2018"
"116858",,"ACTIVE",,"county","220200000000","吉林市","220283000000","舒兰市","220000000000","吉林省","舒兰市","1","rt_dim_area","116858","4/1/2018"
"116859",,"ACTIVE",,"county","220200000000","吉林市","220284000000","磐石市","220000000000","吉林省","磐石市","1","rt_dim_area","116859","4/1/2018"
"116860",,"ACTIVE",,"city","220300000000","四平市",,,"220000000000","吉林省","四平市","1","rt_dim_area","116860","4/1/2018"
"116861",,"DEL",,"county","220300000000","四平市","220301000000","市辖区","220000000000","吉林省","市辖区","1","rt_dim_area","116861","4/1/2018"
"116862",,"ACTIVE",,"county","220300000000","四平市","220302000000","铁西区","220000000000","吉林省","铁西区","1","rt_dim_area","116862","4/1/2018"
"116863",,"ACTIVE",,"county","220300000000","四平市","220303000000","铁东区","220000000000","吉林省","铁东区","1","rt_dim_area","116863","4/1/2018"
"116864",,"ACTIVE",,"county","220300000000","四平市","220322000000","梨树县","220000000000","吉林省","梨树县","1","rt_dim_area","116864","4/1/2018"
"116865",,"ACTIVE",,"county","220300000000","四平市","220323000000","伊通满族自治县","220000000000","吉林省","伊通满族自治县","1","rt_dim_area","116865","4/1/2018"
"116866",,"ACTIVE",,"county","220300000000","四平市","220361000000","辽河农垦管理区","220000000000","吉林省","辽河农垦管理区","1","rt_dim_area","116866","4/1/2018"
"116867",,"ACTIVE",,"city","220381000000","公主岭市",,,"220000000000","吉林省","公主岭市","1","rt_dim_area","116867","4/1/2018"
"116868",,"ACTIVE",,"county","220381000000","公主岭市","220381100000","公主岭市","220000000000","吉林省","公主岭市","1","rt_dim_area","116868","4/1/2018"
"116869",,"ACTIVE",,"county","220300000000","四平市","220382000000","双辽市","220000000000","吉林省","双辽市","1","rt_dim_area","116869","4/1/2018"
"116870",,"ACTIVE",,"city","220400000000","辽源市",,,"220000000000","吉林省","辽源市","1","rt_dim_area","116870","4/1/2018"
"116871",,"ACTIVE",,"county","220400000000","辽源市","220400010000","辽源市民营经济开发区","220000000000","吉林省","辽源市民营经济开发区","1","rt_dim_area","116871","4/1/2018"
"116872",,"DEL",,"county","220400000000","辽源市","220401000000","市辖区","220000000000","吉林省","市辖区","1","rt_dim_area","116872","4/1/2018"
"116873",,"ACTIVE",,"county","220400000000","辽源市","220402000000","龙山区","220000000000","吉林省","龙山区","1","rt_dim_area","116873","4/1/2018"
"116874",,"ACTIVE",,"county","220400000000","辽源市","220403000000","西安区","220000000000","吉林省","西安区","1","rt_dim_area","116874","4/1/2018"
"116875",,"ACTIVE",,"county","220400000000","辽源市","220421000000","东丰县","220000000000","吉林省","东丰县","1","rt_dim_area","116875","4/1/2018"
"116876",,"ACTIVE",,"county","220400000000","辽源市","220422000000","东辽县","220000000000","吉林省","东辽县","1","rt_dim_area","116876","4/1/2018"
"116877",,"ACTIVE",,"city","220500000000","通化市",,,"220000000000","吉林省","通化市","1","rt_dim_area","116877","4/1/2018"
"116878",,"ACTIVE",,"county","220500000000","通化市","220500010000","医药高新区","220000000000","吉林省","医药高新区","1","rt_dim_area","116878","4/1/2018"
"116879",,"DEL",,"county","220500000000","通化市","220501000000","市辖区","220000000000","吉林省","市辖区","1","rt_dim_area","116879","4/1/2018"
"116880",,"ACTIVE",,"county","220500000000","通化市","220502000000","东昌区","220000000000","吉林省","东昌区","1","rt_dim_area","116880","4/1/2018"
"116881",,"ACTIVE",,"county","220500000000","通化市","220503000000","二道江区","220000000000","吉林省","二道江区","1","rt_dim_area","116881","4/1/2018"
"116882",,"ACTIVE",,"county","220500000000","通化市","220521000000","通化县","220000000000","吉林省","通化县","1","rt_dim_area","116882","4/1/2018"
"116883",,"ACTIVE",,"county","220500000000","通化市","220523000000","辉南县","220000000000","吉林省","辉南县","1","rt_dim_area","116883","4/1/2018"
"116884",,"ACTIVE",,"county","220500000000","通化市","220524000000","柳河县","220000000000","吉林省","柳河县","1","rt_dim_area","116884","4/1/2018"
"116885",,"ACTIVE",,"city","220581000000","梅河口市",,,"220000000000","吉林省","梅河口市","1","rt_dim_area","116885","4/1/2018"
"116886",,"ACTIVE",,"county","220581000000","梅河口市","220581100000","梅河口市","220000000000","吉林省","梅河口市","1","rt_dim_area","116886","4/1/2018"
"116887",,"ACTIVE",,"county","220500000000","通化市","220582000000","集安市","220000000000","吉林省","集安市","1","rt_dim_area","116887","4/1/2018"
"116888",,"ACTIVE",,"city","220600000000","白山市",,,"220000000000","吉林省","白山市","1","rt_dim_area","116888","4/1/2018"
"116889",,"DEL",,"county","220600000000","白山市","220601000000","市辖区","220000000000","吉林省","市辖区","1","rt_dim_area","116889","4/1/2018"
"116890",,"ACTIVE",,"county","220600000000","白山市","220602000000","浑江区","220000000000","吉林省","浑江区","1","rt_dim_area","116890","4/1/2018"
"116891",,"ACTIVE",,"county","220600000000","白山市","220605000000","江源区","220000000000","吉林省","江源区","1","rt_dim_area","116891","4/1/2018"
"116892",,"ACTIVE",,"county","220600000000","白山市","220621000000","抚松县","220000000000","吉林省","抚松县","1","rt_dim_area","116892","4/1/2018"
"116893",,"ACTIVE",,"county","220600000000","白山市","220622000000","靖宇县","220000000000","吉林省","靖宇县","1","rt_dim_area","116893","4/1/2018"
"116894",,"ACTIVE",,"county","220600000000","白山市","220623000000","长白朝鲜族自治县","220000000000","吉林省","长白朝鲜族自治县","1","rt_dim_area","116894","4/1/2018"
"116895",,"ACTIVE",,"county","220600000000","白山市","220681000000","临江市","220000000000","吉林省","临江市","1","rt_dim_area","116895","4/1/2018"
"116896",,"ACTIVE",,"city","220700000000","松原市",,,"220000000000","吉林省","松原市","1","rt_dim_area","116896","4/1/2018"
"116897",,"DEL",,"county","220700000000","松原市","220701000000","市辖区","220000000000","吉林省","市辖区","1","rt_dim_area","116897","4/1/2018"
"116898",,"ACTIVE",,"county","220700000000","松原市","220702000000","宁江区","220000000000","吉林省","宁江区","1","rt_dim_area","116898","4/1/2018"
"116899",,"ACTIVE",,"county","220700000000","松原市","220721000000","前郭尔罗斯蒙古族自治县","220000000000","吉林省","前郭尔罗斯蒙古族自治县","1","rt_dim_area","116899","4/1/2018"
"116900",,"ACTIVE",,"county","220700000000","松原市","220722000000","长岭县","220000000000","吉林省","长岭县","1","rt_dim_area","116900","4/1/2018"
"116901",,"ACTIVE",,"county","220700000000","松原市","220723000000","乾安县","220000000000","吉林省","乾安县","1","rt_dim_area","116901","4/1/2018"
"116902",,"ACTIVE",,"county","220700000000","松原市","220781000000","扶余市","220000000000","吉林省","扶余市","1","rt_dim_area","116902","4/1/2018"
"116903",,"ACTIVE",,"city","220800000000","白城市",,,"220000000000","吉林省","白城市","1","rt_dim_area","116903","4/1/2018"
"116904",,"DEL",,"county","220800000000","白城市","220801000000","市辖区","220000000000","吉林省","市辖区","1","rt_dim_area","116904","4/1/2018"
"116905",,"ACTIVE",,"county","220800000000","白城市","220802000000","洮北区","220000000000","吉林省","洮北区","1","rt_dim_area","116905","4/1/2018"
"116906",,"ACTIVE",,"county","220800000000","白城市","220821000000","镇赉县","220000000000","吉林省","镇赉县","1","rt_dim_area","116906","4/1/2018"
"116907",,"ACTIVE",,"county","220800000000","白城市","220822000000","通榆县","220000000000","吉林省","通榆县","1","rt_dim_area","116907","4/1/2018"
"116908",,"ACTIVE",,"county","220800000000","白城市","220881000000","洮南市","220000000000","吉林省","洮南市","1","rt_dim_area","116908","4/1/2018"
"116909",,"ACTIVE",,"county","220800000000","白城市","220882000000","大安市","220000000000","吉林省","大安市","1","rt_dim_area","116909","4/1/2018"
"116910",,"ACTIVE",,"city","222400000000","延边朝鲜族自治州",,,"220000000000","吉林省","延边朝鲜族自治州","1","rt_dim_area","116910","4/1/2018"
"116911",,"ACTIVE",,"county","222400000000","延边朝鲜族自治州","222400010000","珲春合作区","220000000000","吉林省","珲春合作区","1","rt_dim_area","116911","4/1/2018"
"116912",,"ACTIVE",,"county","222400000000","延边朝鲜族自治州","222401000000","延吉市","220000000000","吉林省","延吉市","1","rt_dim_area","116912","4/1/2018"
"116913",,"ACTIVE",,"county","222400000000","延边朝鲜族自治州","222402000000","图们市","220000000000","吉林省","图们市","1","rt_dim_area","116913","4/1/2018"
"116914",,"ACTIVE",,"county","222400000000","延边朝鲜族自治州","222403000000","敦化市","220000000000","吉林省","敦化市","1","rt_dim_area","116914","4/1/2018"
"116915",,"ACTIVE",,"city","222404000000","珲春市",,,"220000000000","吉林省","珲春市","1","rt_dim_area","116915","4/1/2018"
"116916",,"ACTIVE",,"county","222404000000","珲春市","222404100000","珲春市","220000000000","吉林省","珲春市","1","rt_dim_area","116916","4/1/2018"
"116917",,"ACTIVE",,"county","222400000000","延边朝鲜族自治州","222405000000","龙井市","220000000000","吉林省","龙井市","1","rt_dim_area","116917","4/1/2018"
"116918",,"ACTIVE",,"county","222400000000","延边朝鲜族自治州","222406000000","和龙市","220000000000","吉林省","和龙市","1","rt_dim_area","116918","4/1/2018"
"116919",,"ACTIVE",,"county","222400000000","延边朝鲜族自治州","222424000000","汪清县","220000000000","吉林省","汪清县","1","rt_dim_area","116919","4/1/2018"
"116920",,"ACTIVE",,"county","222400000000","延边朝鲜族自治州","222426000000","安图县","220000000000","吉林省","安图县","1","rt_dim_area","116920","4/1/2018"
"116921",,"ACTIVE",,"city","228100000000","长白山管委会",,,"220000000000","吉林省","长白山管委会","1","rt_dim_area","116921","4/1/2018"
"116922",,"ACTIVE",,"county","228100000000","长白山管委会","228162000000","池北区","220000000000","吉林省","池北区","1","rt_dim_area","116922","4/1/2018"
"116923",,"ACTIVE",,"county","228100000000","长白山管委会","228164000000","池西区","220000000000","吉林省","池西区","1","rt_dim_area","116923","4/1/2018"
"116924",,"ACTIVE",,"county","228100000000","长白山管委会","228165000000","池南区","220000000000","吉林省","池南区","1","rt_dim_area","116924","4/1/2018"
"116925",,"ACTIVE",,"province",,,,,"230000000000","黑龙江省","黑龙江省","1","rt_dim_area","116925","4/1/2018"
"116926",,"ACTIVE",,"city","230100000000","哈尔滨市",,,"230000000000","黑龙江省","哈尔滨市","1","rt_dim_area","116926","4/1/2018"
"116927",,"DEL",,"county","230100000000","哈尔滨市","230101000000","市辖区","230000000000","黑龙江省","市辖区","1","rt_dim_area","116927","4/1/2018"
"116928",,"ACTIVE",,"county","230100000000","哈尔滨市","230102000000","道里区","230000000000","黑龙江省","道里区","1","rt_dim_area","116928","4/1/2018"
"116929",,"ACTIVE",,"county","230100000000","哈尔滨市","230103000000","南岗区","230000000000","黑龙江省","南岗区","1","rt_dim_area","116929","4/1/2018"
"116930",,"ACTIVE",,"county","230100000000","哈尔滨市","230104000000","道外区","230000000000","黑龙江省","道外区","1","rt_dim_area","116930","4/1/2018"
"116931",,"ACTIVE",,"county","230100000000","哈尔滨市","230108000000","平房区","230000000000","黑龙江省","平房区","1","rt_dim_area","116931","4/1/2018"
"116932",,"ACTIVE",,"county","230100000000","哈尔滨市","230109000000","松北区","230000000000","黑龙江省","松北区","1","rt_dim_area","116932","4/1/2018"
"116933",,"ACTIVE",,"county","230100000000","哈尔滨市","230110000000","香坊区","230000000000","黑龙江省","香坊区","1","rt_dim_area","116933","4/1/2018"
"116934",,"ACTIVE",,"county","230100000000","哈尔滨市","230111000000","呼兰区","230000000000","黑龙江省","呼兰区","1","rt_dim_area","116934","4/1/2018"
"116935",,"ACTIVE",,"county","230100000000","哈尔滨市","230112000000","阿城区","230000000000","黑龙江省","阿城区","1","rt_dim_area","116935","4/1/2018"
"116936",,"ACTIVE",,"county","230100000000","哈尔滨市","230113000000","双城区","230000000000","黑龙江省","双城区","1","rt_dim_area","116936","4/1/2018"
"116937",,"ACTIVE",,"county","230100000000","哈尔滨市","230123000000","依兰县","230000000000","黑龙江省","依兰县","1","rt_dim_area","116937","4/1/2018"
"116938",,"ACTIVE",,"county","230100000000","哈尔滨市","230124000000","方正县","230000000000","黑龙江省","方正县","1","rt_dim_area","116938","4/1/2018"
"116939",,"ACTIVE",,"county","230100000000","哈尔滨市","230125000000","宾县","230000000000","黑龙江省","宾县","1","rt_dim_area","116939","4/1/2018"
"116940",,"ACTIVE",,"county","230100000000","哈尔滨市","230126000000","巴彦县","230000000000","黑龙江省","巴彦县","1","rt_dim_area","116940","4/1/2018"
"116941",,"ACTIVE",,"county","230100000000","哈尔滨市","230127000000","木兰县","230000000000","黑龙江省","木兰县","1","rt_dim_area","116941","4/1/2018"
"116942",,"ACTIVE",,"county","230100000000","哈尔滨市","230128000000","通河县","230000000000","黑龙江省","通河县","1","rt_dim_area","116942","4/1/2018"
"116943",,"ACTIVE",,"county","230100000000","哈尔滨市","230129000000","延寿县","230000000000","黑龙江省","延寿县","1","rt_dim_area","116943","4/1/2018"
"116944",,"ACTIVE",,"county","230100000000","哈尔滨市","230183000000","尚志市","230000000000","黑龙江省","尚志市","1","rt_dim_area","116944","4/1/2018"
"116945",,"ACTIVE",,"county","230100000000","哈尔滨市","230184000000","五常市","230000000000","黑龙江省","五常市","1","rt_dim_area","116945","4/1/2018"
"116946",,"ACTIVE",,"city","230200000000","齐齐哈尔市",,,"230000000000","黑龙江省","齐齐哈尔市","1","rt_dim_area","116946","4/1/2018"
"116947",,"DEL",,"county","230200000000","齐齐哈尔市","230201000000","市辖区","230000000000","黑龙江省","市辖区","1","rt_dim_area","116947","4/1/2018"
"116948",,"ACTIVE",,"county","230200000000","齐齐哈尔市","230202000000","龙沙区","230000000000","黑龙江省","龙沙区","1","rt_dim_area","116948","4/1/2018"
"116949",,"ACTIVE",,"county","230200000000","齐齐哈尔市","230203000000","建华区","230000000000","黑龙江省","建华区","1","rt_dim_area","116949","4/1/2018"
"116950",,"ACTIVE",,"county","230200000000","齐齐哈尔市","230204000000","铁锋区","230000000000","黑龙江省","铁锋区","1","rt_dim_area","116950","4/1/2018"
"116951",,"ACTIVE",,"county","230200000000","齐齐哈尔市","230205000000","昂昂溪区","230000000000","黑龙江省","昂昂溪区","1","rt_dim_area","116951","4/1/2018"
"116952",,"ACTIVE",,"county","230200000000","齐齐哈尔市","230206000000","富拉尔基区","230000000000","黑龙江省","富拉尔基区","1","rt_dim_area","116952","4/1/2018"
"116953",,"ACTIVE",,"county","230200000000","齐齐哈尔市","230207000000","碾子山区","230000000000","黑龙江省","碾子山区","1","rt_dim_area","116953","4/1/2018"
"116954",,"ACTIVE",,"county","230200000000","齐齐哈尔市","230208000000","梅里斯达斡尔族区","230000000000","黑龙江省","梅里斯达斡尔族区","1","rt_dim_area","116954","4/1/2018"
"116955",,"ACTIVE",,"county","230200000000","齐齐哈尔市","230221000000","龙江县","230000000000","黑龙江省","龙江县","1","rt_dim_area","116955","4/1/2018"
"116956",,"ACTIVE",,"county","230200000000","齐齐哈尔市","230223000000","依安县","230000000000","黑龙江省","依安县","1","rt_dim_area","116956","4/1/2018"
"116957",,"ACTIVE",,"county","230200000000","齐齐哈尔市","230224000000","泰来县","230000000000","黑龙江省","泰来县","1","rt_dim_area","116957","4/1/2018"
"116958",,"ACTIVE",,"county","230200000000","齐齐哈尔市","230225000000","甘南县","230000000000","黑龙江省","甘南县","1","rt_dim_area","116958","4/1/2018"
"116959",,"ACTIVE",,"county","230200000000","齐齐哈尔市","230227000000","富裕县","230000000000","黑龙江省","富裕县","1","rt_dim_area","116959","4/1/2018"
"116960",,"ACTIVE",,"county","230200000000","齐齐哈尔市","230229000000","克山县","230000000000","黑龙江省","克山县","1","rt_dim_area","116960","4/1/2018"
"116961",,"ACTIVE",,"county","230200000000","齐齐哈尔市","230230000000","克东县","230000000000","黑龙江省","克东县","1","rt_dim_area","116961","4/1/2018"
"116962",,"ACTIVE",,"county","230200000000","齐齐哈尔市","230231000000","拜泉县","230000000000","黑龙江省","拜泉县","1","rt_dim_area","116962","4/1/2018"
"116963",,"ACTIVE",,"county","230200000000","齐齐哈尔市","230281000000","讷河市","230000000000","黑龙江省","讷河市","1","rt_dim_area","116963","4/1/2018"
"116964",,"ACTIVE",,"city","230300000000","鸡西市",,,"230000000000","黑龙江省","鸡西市","1","rt_dim_area","116964","4/1/2018"
"116965",,"DEL",,"county","230300000000","鸡西市","230301000000","市辖区","230000000000","黑龙江省","市辖区","1","rt_dim_area","116965","4/1/2018"
"116966",,"ACTIVE",,"county","230300000000","鸡西市","230302000000","鸡冠区","230000000000","黑龙江省","鸡冠区","1","rt_dim_area","116966","4/1/2018"
"116967",,"ACTIVE",,"county","230300000000","鸡西市","230303000000","恒山区","230000000000","黑龙江省","恒山区","1","rt_dim_area","116967","4/1/2018"
"116968",,"ACTIVE",,"county","230300000000","鸡西市","230304000000","滴道区","230000000000","黑龙江省","滴道区","1","rt_dim_area","116968","4/1/2018"
"116969",,"ACTIVE",,"county","230300000000","鸡西市","230305000000","梨树区","230000000000","黑龙江省","梨树区","1","rt_dim_area","116969","4/1/2018"
"116970",,"ACTIVE",,"county","230300000000","鸡西市","230306000000","城子河区","230000000000","黑龙江省","城子河区","1","rt_dim_area","116970","4/1/2018"
"116971",,"ACTIVE",,"county","230300000000","鸡西市","230307000000","麻山区","230000000000","黑龙江省","麻山区","1","rt_dim_area","116971","4/1/2018"
"116972",,"ACTIVE",,"county","230300000000","鸡西市","230321000000","鸡东县","230000000000","黑龙江省","鸡东县","1","rt_dim_area","116972","4/1/2018"
"116973",,"ACTIVE",,"county","230300000000","鸡西市","230381000000","虎林市","230000000000","黑龙江省","虎林市","1","rt_dim_area","116973","4/1/2018"
"116974",,"ACTIVE",,"county","230300000000","鸡西市","230382000000","密山市","230000000000","黑龙江省","密山市","1","rt_dim_area","116974","4/1/2018"
"116975",,"ACTIVE",,"city","230400000000","鹤岗市",,,"230000000000","黑龙江省","鹤岗市","1","rt_dim_area","116975","4/1/2018"
"116976",,"DEL",,"county","230400000000","鹤岗市","230401000000","市辖区","230000000000","黑龙江省","市辖区","1","rt_dim_area","116976","4/1/2018"
"116977",,"ACTIVE",,"county","230400000000","鹤岗市","230402000000","向阳区","230000000000","黑龙江省","向阳区","1","rt_dim_area","116977","4/1/2018"
"116978",,"ACTIVE",,"county","230400000000","鹤岗市","230403000000","工农区","230000000000","黑龙江省","工农区","1","rt_dim_area","116978","4/1/2018"
"116979",,"ACTIVE",,"county","230400000000","鹤岗市","230404000000","南山区","230000000000","黑龙江省","南山区","1","rt_dim_area","116979","4/1/2018"
"116980",,"ACTIVE",,"county","230400000000","鹤岗市","230405000000","兴安区","230000000000","黑龙江省","兴安区","1","rt_dim_area","116980","4/1/2018"
"116981",,"ACTIVE",,"county","230400000000","鹤岗市","230406000000","东山区","230000000000","黑龙江省","东山区","1","rt_dim_area","116981","4/1/2018"
"116982",,"ACTIVE",,"county","230400000000","鹤岗市","230407000000","兴山区","230000000000","黑龙江省","兴山区","1","rt_dim_area","116982","4/1/2018"
"116983",,"ACTIVE",,"county","230400000000","鹤岗市","230421000000","萝北县","230000000000","黑龙江省","萝北县","1","rt_dim_area","116983","4/1/2018"
"116984",,"ACTIVE",,"county","230400000000","鹤岗市","230422000000","绥滨县","230000000000","黑龙江省","绥滨县","1","rt_dim_area","116984","4/1/2018"
"116985",,"ACTIVE",,"city","230500000000","双鸭山市",,,"230000000000","黑龙江省","双鸭山市","1","rt_dim_area","116985","4/1/2018"
"116986",,"DEL",,"county","230500000000","双鸭山市","230501000000","市辖区","230000000000","黑龙江省","市辖区","1","rt_dim_area","116986","4/1/2018"
"116987",,"ACTIVE",,"county","230500000000","双鸭山市","230502000000","尖山区","230000000000","黑龙江省","尖山区","1","rt_dim_area","116987","4/1/2018"
"116988",,"ACTIVE",,"county","230500000000","双鸭山市","230503000000","岭东区","230000000000","黑龙江省","岭东区","1","rt_dim_area","116988","4/1/2018"
"116989",,"ACTIVE",,"county","230500000000","双鸭山市","230505000000","四方台区","230000000000","黑龙江省","四方台区","1","rt_dim_area","116989","4/1/2018"
"116990",,"ACTIVE",,"county","230500000000","双鸭山市","230506000000","宝山区","230000000000","黑龙江省","宝山区","1","rt_dim_area","116990","4/1/2018"
"116991",,"ACTIVE",,"county","230500000000","双鸭山市","230521000000","集贤县","230000000000","黑龙江省","集贤县","1","rt_dim_area","116991","4/1/2018"
"116992",,"ACTIVE",,"county","230500000000","双鸭山市","230522000000","友谊县","230000000000","黑龙江省","友谊县","1","rt_dim_area","116992","4/1/2018"
"116993",,"ACTIVE",,"county","230500000000","双鸭山市","230523000000","宝清县","230000000000","黑龙江省","宝清县","1","rt_dim_area","116993","4/1/2018"
"116994",,"ACTIVE",,"county","230500000000","双鸭山市","230524000000","饶河县","230000000000","黑龙江省","饶河县","1","rt_dim_area","116994","4/1/2018"
"116995",,"ACTIVE",,"city","230600000000","大庆市",,,"230000000000","黑龙江省","大庆市","1","rt_dim_area","116995","4/1/2018"
"116996",,"DEL",,"county","230600000000","大庆市","230601000000","市辖区","230000000000","黑龙江省","市辖区","1","rt_dim_area","116996","4/1/2018"
"116997",,"ACTIVE",,"county","230600000000","大庆市","230602000000","萨尔图区","230000000000","黑龙江省","萨尔图区","1","rt_dim_area","116997","4/1/2018"
"116998",,"ACTIVE",,"county","230600000000","大庆市","230603000000","龙凤区","230000000000","黑龙江省","龙凤区","1","rt_dim_area","116998","4/1/2018"
"116999",,"ACTIVE",,"county","230600000000","大庆市","230604000000","让胡路区","230000000000","黑龙江省","让胡路区","1","rt_dim_area","116999","4/1/2018"
"117000",,"ACTIVE",,"county","230600000000","大庆市","230605000000","红岗区","230000000000","黑龙江省","红岗区","1","rt_dim_area","117000","4/1/2018"
"117001",,"ACTIVE",,"county","230600000000","大庆市","230606000000","大同区","230000000000","黑龙江省","大同区","1","rt_dim_area","117001","4/1/2018"
"117002",,"ACTIVE",,"county","230600000000","大庆市","230621000000","肇州县","230000000000","黑龙江省","肇州县","1","rt_dim_area","117002","4/1/2018"
"117003",,"ACTIVE",,"county","230600000000","大庆市","230622000000","肇源县","230000000000","黑龙江省","肇源县","1","rt_dim_area","117003","4/1/2018"
"117004",,"ACTIVE",,"county","230600000000","大庆市","230623000000","林甸县","230000000000","黑龙江省","林甸县","1","rt_dim_area","117004","4/1/2018"
"117005",,"ACTIVE",,"county","230600000000","大庆市","230624000000","杜尔伯特蒙古族自治县","230000000000","黑龙江省","杜尔伯特蒙古族自治县","1","rt_dim_area","117005","4/1/2018"
"117006",,"ACTIVE",,"city","230700000000","伊春市",,,"230000000000","黑龙江省","伊春市","1","rt_dim_area","117006","4/1/2018"
"117007",,"DEL",,"county","230700000000","伊春市","230701000000","市辖区","230000000000","黑龙江省","市辖区","1","rt_dim_area","117007","4/1/2018"
"117008",,"ACTIVE",,"county","230700000000","伊春市","230702000000","伊春区","230000000000","黑龙江省","伊春区","1","rt_dim_area","117008","4/1/2018"
"117009",,"ACTIVE",,"county","230700000000","伊春市","230703000000","南岔区","230000000000","黑龙江省","南岔区","1","rt_dim_area","117009","4/1/2018"
"117010",,"ACTIVE",,"county","230700000000","伊春市","230704000000","友好区","230000000000","黑龙江省","友好区","1","rt_dim_area","117010","4/1/2018"
"117011",,"ACTIVE",,"county","230700000000","伊春市","230705000000","西林区","230000000000","黑龙江省","西林区","1","rt_dim_area","117011","4/1/2018"
"117012",,"ACTIVE",,"county","230700000000","伊春市","230706000000","翠峦区","230000000000","黑龙江省","翠峦区","1","rt_dim_area","117012","4/1/2018"
"117013",,"ACTIVE",,"county","230700000000","伊春市","230707000000","新青区","230000000000","黑龙江省","新青区","1","rt_dim_area","117013","4/1/2018"
"117014",,"ACTIVE",,"county","230700000000","伊春市","230708000000","美溪区","230000000000","黑龙江省","美溪区","1","rt_dim_area","117014","4/1/2018"
"117015",,"ACTIVE",,"county","230700000000","伊春市","230709000000","金山屯区","230000000000","黑龙江省","金山屯区","1","rt_dim_area","117015","4/1/2018"
"117016",,"ACTIVE",,"county","230700000000","伊春市","230710000000","五营区","230000000000","黑龙江省","五营区","1","rt_dim_area","117016","4/1/2018"
"117017",,"ACTIVE",,"county","230700000000","伊春市","230711000000","乌马河区","230000000000","黑龙江省","乌马河区","1","rt_dim_area","117017","4/1/2018"
"117018",,"ACTIVE",,"county","230700000000","伊春市","230712000000","汤旺河区","230000000000","黑龙江省","汤旺河区","1","rt_dim_area","117018","4/1/2018"
"117019",,"ACTIVE",,"county","230700000000","伊春市","230713000000","带岭区","230000000000","黑龙江省","带岭区","1","rt_dim_area","117019","4/1/2018"
"117020",,"ACTIVE",,"county","230700000000","伊春市","230714000000","乌伊岭区","230000000000","黑龙江省","乌伊岭区","1","rt_dim_area","117020","4/1/2018"
"117021",,"ACTIVE",,"county","230700000000","伊春市","230715000000","红星区","230000000000","黑龙江省","红星区","1","rt_dim_area","117021","4/1/2018"
"117022",,"ACTIVE",,"county","230700000000","伊春市","230716000000","上甘岭区","230000000000","黑龙江省","上甘岭区","1","rt_dim_area","117022","4/1/2018"
"117023",,"ACTIVE",,"county","230700000000","伊春市","230722000000","嘉荫县","230000000000","黑龙江省","嘉荫县","1","rt_dim_area","117023","4/1/2018"
"117024",,"ACTIVE",,"county","230700000000","伊春市","230781000000","铁力市","230000000000","黑龙江省","铁力市","1","rt_dim_area","117024","4/1/2018"
"117025",,"ACTIVE",,"city","230800000000","佳木斯市",,,"230000000000","黑龙江省","佳木斯市","1","rt_dim_area","117025","4/1/2018"
"117026",,"DEL",,"county","230800000000","佳木斯市","230801000000","市辖区","230000000000","黑龙江省","市辖区","1","rt_dim_area","117026","4/1/2018"
"117027",,"ACTIVE",,"county","230800000000","佳木斯市","230803000000","向阳区","230000000000","黑龙江省","向阳区","1","rt_dim_area","117027","4/1/2018"
"117028",,"ACTIVE",,"county","230800000000","佳木斯市","230804000000","前进区","230000000000","黑龙江省","前进区","1","rt_dim_area","117028","4/1/2018"
"117029",,"ACTIVE",,"county","230800000000","佳木斯市","230805000000","东风区","230000000000","黑龙江省","东风区","1","rt_dim_area","117029","4/1/2018"
"117030",,"ACTIVE",,"county","230800000000","佳木斯市","230811000000","郊区","230000000000","黑龙江省","郊区","1","rt_dim_area","117030","4/1/2018"
"117031",,"ACTIVE",,"county","230800000000","佳木斯市","230822000000","桦南县","230000000000","黑龙江省","桦南县","1","rt_dim_area","117031","4/1/2018"
"117032",,"ACTIVE",,"county","230800000000","佳木斯市","230826000000","桦川县","230000000000","黑龙江省","桦川县","1","rt_dim_area","117032","4/1/2018"
"117033",,"ACTIVE",,"county","230800000000","佳木斯市","230828000000","汤原县","230000000000","黑龙江省","汤原县","1","rt_dim_area","117033","4/1/2018"
"117034",,"ACTIVE",,"city","230833000000","抚远县",,,"230000000000","黑龙江省","抚远县","1","rt_dim_area","117034","4/1/2018"
"117035",,"ACTIVE",,"county","230833000000","抚远县","230833100000","抚远县","230000000000","黑龙江省","抚远县","1","rt_dim_area","117035","4/1/2018"
"117036",,"ACTIVE",,"county","230800000000","佳木斯市","230881000000","同江市","230000000000","黑龙江省","同江市","1","rt_dim_area","117036","4/1/2018"
"117037",,"ACTIVE",,"county","230800000000","佳木斯市","230882000000","富锦市","230000000000","黑龙江省","富锦市","1","rt_dim_area","117037","4/1/2018"
"117038",,"ACTIVE",,"city","230900000000","七台河市",,,"230000000000","黑龙江省","七台河市","1","rt_dim_area","117038","4/1/2018"
"117039",,"DEL",,"county","230900000000","七台河市","230901000000","市辖区","230000000000","黑龙江省","市辖区","1","rt_dim_area","117039","4/1/2018"
"117040",,"ACTIVE",,"county","230900000000","七台河市","230902000000","新兴区","230000000000","黑龙江省","新兴区","1","rt_dim_area","117040","4/1/2018"
"117041",,"ACTIVE",,"county","230900000000","七台河市","230903000000","桃山区","230000000000","黑龙江省","桃山区","1","rt_dim_area","117041","4/1/2018"
"117042",,"ACTIVE",,"county","230900000000","七台河市","230904000000","茄子河区","230000000000","黑龙江省","茄子河区","1","rt_dim_area","117042","4/1/2018"
"117043",,"ACTIVE",,"county","230900000000","七台河市","230921000000","勃利县","230000000000","黑龙江省","勃利县","1","rt_dim_area","117043","4/1/2018"
"117044",,"ACTIVE",,"city","231000000000","牡丹江市",,,"230000000000","黑龙江省","牡丹江市","1","rt_dim_area","117044","4/1/2018"
"117045",,"DEL",,"county","231000000000","牡丹江市","231001000000","市辖区","230000000000","黑龙江省","市辖区","1","rt_dim_area","117045","4/1/2018"
"117046",,"ACTIVE",,"county","231000000000","牡丹江市","231002000000","东安区","230000000000","黑龙江省","东安区","1","rt_dim_area","117046","4/1/2018"
"117047",,"ACTIVE",,"county","231000000000","牡丹江市","231003000000","阳明区","230000000000","黑龙江省","阳明区","1","rt_dim_area","117047","4/1/2018"
"117048",,"ACTIVE",,"county","231000000000","牡丹江市","231004000000","爱民区","230000000000","黑龙江省","爱民区","1","rt_dim_area","117048","4/1/2018"
"117049",,"ACTIVE",,"county","231000000000","牡丹江市","231005000000","西安区","230000000000","黑龙江省","西安区","1","rt_dim_area","117049","4/1/2018"
"117050",,"ACTIVE",,"county","231000000000","牡丹江市","231024000000","东宁县","230000000000","黑龙江省","东宁县","1","rt_dim_area","117050","4/1/2018"
"117051",,"ACTIVE",,"county","231000000000","牡丹江市","231025000000","林口县","230000000000","黑龙江省","林口县","1","rt_dim_area","117051","4/1/2018"
"117052",,"ACTIVE",,"city","231081000000","绥芬河市",,,"230000000000","黑龙江省","绥芬河市","1","rt_dim_area","117052","4/1/2018"
"117053",,"ACTIVE",,"county","231081000000","绥芬河市","231081100000","绥芬河市","230000000000","黑龙江省","绥芬河市","1","rt_dim_area","117053","4/1/2018"
"117054",,"ACTIVE",,"county","231000000000","牡丹江市","231083000000","海林市","230000000000","黑龙江省","海林市","1","rt_dim_area","117054","4/1/2018"
"117055",,"ACTIVE",,"county","231000000000","牡丹江市","231084000000","宁安市","230000000000","黑龙江省","宁安市","1","rt_dim_area","117055","4/1/2018"
"117056",,"ACTIVE",,"county","231000000000","牡丹江市","231085000000","穆棱市","230000000000","黑龙江省","穆棱市","1","rt_dim_area","117056","4/1/2018"
"117057",,"ACTIVE",,"city","231100000000","黑河市",,,"230000000000","黑龙江省","黑河市","1","rt_dim_area","117057","4/1/2018"
"117058",,"ACTIVE",,"county","231100000000","黑河市","231100010000","黑河市边境经济合作区","230000000000","黑龙江省","黑河市边境经济合作区","1","rt_dim_area","117058","4/1/2018"
"117059",,"ACTIVE",,"county","231100000000","黑河市","231100020000","黑河市五大连池风景区","230000000000","黑龙江省","黑河市五大连池风景区","1","rt_dim_area","117059","4/1/2018"
"117060",,"DEL",,"county","231100000000","黑河市","231101000000","市辖区","230000000000","黑龙江省","市辖区","1","rt_dim_area","117060","4/1/2018"
"117061",,"ACTIVE",,"county","231100000000","黑河市","231102000000","爱辉区","230000000000","黑龙江省","爱辉区","1","rt_dim_area","117061","4/1/2018"
"117062",,"ACTIVE",,"county","231100000000","黑河市","231121000000","嫩江县","230000000000","黑龙江省","嫩江县","1","rt_dim_area","117062","4/1/2018"
"117063",,"ACTIVE",,"county","231100000000","黑河市","231123000000","逊克县","230000000000","黑龙江省","逊克县","1","rt_dim_area","117063","4/1/2018"
"117064",,"ACTIVE",,"county","231100000000","黑河市","231124000000","孙吴县","230000000000","黑龙江省","孙吴县","1","rt_dim_area","117064","4/1/2018"
"117065",,"ACTIVE",,"county","231100000000","黑河市","231181000000","北安市","230000000000","黑龙江省","北安市","1","rt_dim_area","117065","4/1/2018"
"117066",,"ACTIVE",,"county","231100000000","黑河市","231182000000","五大连池市","230000000000","黑龙江省","五大连池市","1","rt_dim_area","117066","4/1/2018"
"117067",,"ACTIVE",,"city","231200000000","绥化市",,,"230000000000","黑龙江省","绥化市","1","rt_dim_area","117067","4/1/2018"
"117068",,"DEL",,"county","231200000000","绥化市","231201000000","市辖区","230000000000","黑龙江省","市辖区","1","rt_dim_area","117068","4/1/2018"
"117069",,"ACTIVE",,"county","231200000000","绥化市","231202000000","北林区","230000000000","黑龙江省","北林区","1","rt_dim_area","117069","4/1/2018"
"117070",,"ACTIVE",,"county","231200000000","绥化市","231221000000","望奎县","230000000000","黑龙江省","望奎县","1","rt_dim_area","117070","4/1/2018"
"117071",,"ACTIVE",,"county","231200000000","绥化市","231222000000","兰西县","230000000000","黑龙江省","兰西县","1","rt_dim_area","117071","4/1/2018"
"117072",,"ACTIVE",,"county","231200000000","绥化市","231223000000","青冈县","230000000000","黑龙江省","青冈县","1","rt_dim_area","117072","4/1/2018"
"117073",,"ACTIVE",,"county","231200000000","绥化市","231224000000","庆安县","230000000000","黑龙江省","庆安县","1","rt_dim_area","117073","4/1/2018"
"117074",,"ACTIVE",,"county","231200000000","绥化市","231225000000","明水县","230000000000","黑龙江省","明水县","1","rt_dim_area","117074","4/1/2018"
"117075",,"ACTIVE",,"county","231200000000","绥化市","231226000000","绥棱县","230000000000","黑龙江省","绥棱县","1","rt_dim_area","117075","4/1/2018"
"117076",,"ACTIVE",,"county","231200000000","绥化市","231281000000","安达市","230000000000","黑龙江省","安达市","1","rt_dim_area","117076","4/1/2018"
"117077",,"ACTIVE",,"county","231200000000","绥化市","231282000000","肇东市","230000000000","黑龙江省","肇东市","1","rt_dim_area","117077","4/1/2018"
"117078",,"ACTIVE",,"county","231200000000","绥化市","231283000000","海伦市","230000000000","黑龙江省","海伦市","1","rt_dim_area","117078","4/1/2018"
"117079",,"ACTIVE",,"city","232700000000","大兴安岭地区",,,"230000000000","黑龙江省","大兴安岭地区","1","rt_dim_area","117079","4/1/2018"
"117080",,"ACTIVE",,"county","232700000000","大兴安岭地区","232701000000","加格达奇区","230000000000","黑龙江省","加格达奇区","1","rt_dim_area","117080","4/1/2018"
"117081",,"ACTIVE",,"county","232700000000","大兴安岭地区","232702000000","松岭区","230000000000","黑龙江省","松岭区","1","rt_dim_area","117081","4/1/2018"
"117082",,"ACTIVE",,"county","232700000000","大兴安岭地区","232703000000","新林区","230000000000","黑龙江省","新林区","1","rt_dim_area","117082","4/1/2018"
"117083",,"ACTIVE",,"county","232700000000","大兴安岭地区","232704000000","呼中区","230000000000","黑龙江省","呼中区","1","rt_dim_area","117083","4/1/2018"
"117084",,"ACTIVE",,"county","232700000000","大兴安岭地区","232721000000","呼玛县","230000000000","黑龙江省","呼玛县","1","rt_dim_area","117084","4/1/2018"
"117085",,"ACTIVE",,"county","232700000000","大兴安岭地区","232722000000","塔河县","230000000000","黑龙江省","塔河县","1","rt_dim_area","117085","4/1/2018"
"117086",,"ACTIVE",,"county","232700000000","大兴安岭地区","232723000000","漠河县","230000000000","黑龙江省","漠河县","1","rt_dim_area","117086","4/1/2018"
"117087",,"ACTIVE",,"city","238000000000","农垦总局",,,"230000000000","黑龙江省","农垦总局","1","rt_dim_area","117087","4/1/2018"
"117088",,"ACTIVE",,"county","238000000000","农垦总局","238000010000","哈尔滨管理局","230000000000","黑龙江省","哈尔滨管理局","1","rt_dim_area","117088","4/1/2018"
"117089",,"ACTIVE",,"county","238000000000","农垦总局","238000020000","齐齐哈尔管理局","230000000000","黑龙江省","齐齐哈尔管理局","1","rt_dim_area","117089","4/1/2018"
"117090",,"ACTIVE",,"county","238000000000","农垦总局","238000030000","牡丹江管理局","230000000000","黑龙江省","牡丹江管理局","1","rt_dim_area","117090","4/1/2018"
"117091",,"ACTIVE",,"county","238000000000","农垦总局","238000040000","绥化管理局","230000000000","黑龙江省","绥化管理局","1","rt_dim_area","117091","4/1/2018"
"117092",,"ACTIVE",,"county","238000000000","农垦总局","238000050000","北安管理局","230000000000","黑龙江省","北安管理局","1","rt_dim_area","117092","4/1/2018"
"117093",,"ACTIVE",,"county","238000000000","农垦总局","238000060000","九三管理局","230000000000","黑龙江省","九三管理局","1","rt_dim_area","117093","4/1/2018"
"117094",,"ACTIVE",,"county","238000000000","农垦总局","238000070000","建三江管理局","230000000000","黑龙江省","建三江管理局","1","rt_dim_area","117094","4/1/2018"
"117095",,"ACTIVE",,"county","238000000000","农垦总局","238000080000","宝泉岭管理局","230000000000","黑龙江省","宝泉岭管理局","1","rt_dim_area","117095","4/1/2018"
"117096",,"ACTIVE",,"county","238000000000","农垦总局","238000090000","红兴隆管理局","230000000000","黑龙江省","红兴隆管理局","1","rt_dim_area","117096","4/1/2018"
"117097",,"ACTIVE",,"province",,,,,"310000000000","上海市","上海市","1","rt_dim_area","117097","4/1/2018"
"117098",,"ACTIVE",,"city","310100000000","市辖区",,,"310000000000","上海市","市辖区","1","rt_dim_area","117098","4/1/2018"
"117099",,"ACTIVE",,"county","310100000000","市辖区","310101000000","黄浦区","310000000000","上海市","黄浦区","1","rt_dim_area","117099","4/1/2018"
"117100",,"ACTIVE",,"county","310100000000","市辖区","310104000000","徐汇区","310000000000","上海市","徐汇区","1","rt_dim_area","117100","4/1/2018"
"117101",,"ACTIVE",,"county","310100000000","市辖区","310105000000","长宁区","310000000000","上海市","长宁区","1","rt_dim_area","117101","4/1/2018"
"117102",,"ACTIVE",,"county","310100000000","市辖区","310106000000","静安区","310000000000","上海市","静安区","1","rt_dim_area","117102","4/1/2018"
"117103",,"ACTIVE",,"county","310100000000","市辖区","310107000000","普陀区","310000000000","上海市","普陀区","1","rt_dim_area","117103","4/1/2018"
"117104",,"ACTIVE",,"county","310100000000","市辖区","310109000000","虹口区","310000000000","上海市","虹口区","1","rt_dim_area","117104","4/1/2018"
"117105",,"ACTIVE",,"county","310100000000","市辖区","310110000000","杨浦区","310000000000","上海市","杨浦区","1","rt_dim_area","117105","4/1/2018"
"117106",,"ACTIVE",,"county","310100000000","市辖区","310112000000","闵行区","310000000000","上海市","闵行区","1","rt_dim_area","117106","4/1/2018"
"117107",,"ACTIVE",,"county","310100000000","市辖区","310113000000","宝山区","310000000000","上海市","宝山区","1","rt_dim_area","117107","4/1/2018"
"117108",,"ACTIVE",,"county","310100000000","市辖区","310114000000","嘉定区","310000000000","上海市","嘉定区","1","rt_dim_area","117108","4/1/2018"
"117109",,"ACTIVE",,"county","310100000000","市辖区","310115000000","浦东新区","310000000000","上海市","浦东新区","1","rt_dim_area","117109","4/1/2018"
"117110",,"ACTIVE",,"county","310100000000","市辖区","310115010000","中国（上海）自由贸易试验区","310000000000","上海市","中国（上海）自由贸易试验区","1","rt_dim_area","117110","4/1/2018"
"117111",,"ACTIVE",,"county","310100000000","市辖区","310116000000","金山区","310000000000","上海市","金山区","1","rt_dim_area","117111","4/1/2018"
"117112",,"ACTIVE",,"county","310100000000","市辖区","310117000000","松江区","310000000000","上海市","松江区","1","rt_dim_area","117112","4/1/2018"
"117113",,"ACTIVE",,"county","310100000000","市辖区","310118000000","青浦区","310000000000","上海市","青浦区","1","rt_dim_area","117113","4/1/2018"
"117114",,"ACTIVE",,"county","310100000000","市辖区","310120000000","奉贤区","310000000000","上海市","奉贤区","1","rt_dim_area","117114","4/1/2018"
"117115",,"ACTIVE",,"county","310100000000","市辖区","310230000000","崇明区","310000000000","上海市","崇明区","1","rt_dim_area","117115","4/1/2018"
"117116",,"ACTIVE",,"province",,,,,"320000000000","江苏省","江苏省","1","rt_dim_area","117116","4/1/2018"
"117117",,"ACTIVE",,"city","320100000000","南京市",,,"320000000000","江苏省","南京市","1","rt_dim_area","117117","4/1/2018"
"117118",,"ACTIVE",,"county","320100000000","南京市","320100010000","化学工业园区","320000000000","江苏省","化学工业园区","1","rt_dim_area","117118","4/1/2018"
"117119",,"ACTIVE",,"county","320100000000","南京市","320100020000","经济技术开发区","320000000000","江苏省","经济技术开发区","1","rt_dim_area","117119","4/1/2018"
"117120",,"ACTIVE",,"county","320100000000","南京市","320100030000","高新技术产业开发区","320000000000","江苏省","高新技术产业开发区","1","rt_dim_area","117120","4/1/2018"
"117121",,"DEL",,"county","320100000000","南京市","320101000000","市辖区","320000000000","江苏省","市辖区","1","rt_dim_area","117121","4/1/2018"
"117122",,"ACTIVE",,"county","320100000000","南京市","320102000000","玄武区","320000000000","江苏省","玄武区","1","rt_dim_area","117122","4/1/2018"
"117123",,"ACTIVE",,"county","320100000000","南京市","320104000000","秦淮区","320000000000","江苏省","秦淮区","1","rt_dim_area","117123","4/1/2018"
"117124",,"ACTIVE",,"county","320100000000","南京市","320105000000","建邺区","320000000000","江苏省","建邺区","1","rt_dim_area","117124","4/1/2018"
"117125",,"ACTIVE",,"county","320100000000","南京市","320106000000","鼓楼区","320000000000","江苏省","鼓楼区","1","rt_dim_area","117125","4/1/2018"
"117126",,"ACTIVE",,"county","320100000000","南京市","320111000000","浦口区","320000000000","江苏省","浦口区","1","rt_dim_area","117126","4/1/2018"
"117127",,"ACTIVE",,"county","320100000000","南京市","320113000000","栖霞区","320000000000","江苏省","栖霞区","1","rt_dim_area","117127","4/1/2018"
"117128",,"ACTIVE",,"county","320100000000","南京市","320114000000","雨花台区","320000000000","江苏省","雨花台区","1","rt_dim_area","117128","4/1/2018"
"117129",,"ACTIVE",,"county","320100000000","南京市","320115000000","江宁区","320000000000","江苏省","江宁区","1","rt_dim_area","117129","4/1/2018"
"117130",,"ACTIVE",,"county","320100000000","南京市","320116000000","六合区","320000000000","江苏省","六合区","1","rt_dim_area","117130","4/1/2018"
"117131",,"ACTIVE",,"county","320100000000","南京市","320117000000","溧水区","320000000000","江苏省","溧水区","1","rt_dim_area","117131","4/1/2018"
"117132",,"ACTIVE",,"county","320100000000","南京市","320118000000","高淳区","320000000000","江苏省","高淳区","1","rt_dim_area","117132","4/1/2018"
"117133",,"ACTIVE",,"city","320200000000","无锡市",,,"320000000000","江苏省","无锡市","1","rt_dim_area","117133","4/1/2018"
"117134",,"ACTIVE",,"county","320200000000","无锡市","320200010000","锡山经济技术开发区","320000000000","江苏省","锡山经济技术开发区","1","rt_dim_area","117134","4/1/2018"
"117135",,"ACTIVE",,"county","320200000000","无锡市","320200020000","太湖国家旅游度假区","320000000000","江苏省","太湖国家旅游度假区","1","rt_dim_area","117135","4/1/2018"
"117136",,"DEL",,"county","320200000000","无锡市","320201000000","市辖区","320000000000","江苏省","市辖区","1","rt_dim_area","117136","4/1/2018"
"117137",,"ACTIVE",,"county","320200000000","无锡市","320205000000","锡山区","320000000000","江苏省","锡山区","1","rt_dim_area","117137","4/1/2018"
"117138",,"ACTIVE",,"county","320200000000","无锡市","320206000000","惠山区","320000000000","江苏省","惠山区","1","rt_dim_area","117138","4/1/2018"
"117139",,"ACTIVE",,"county","320200000000","无锡市","320211000000","滨湖区","320000000000","江苏省","滨湖区","1","rt_dim_area","117139","4/1/2018"
"117140",,"ACTIVE",,"county","320200000000","无锡市","320213000000","梁溪区","320000000000","江苏省","梁溪区","1","rt_dim_area","117140","4/1/2018"
"117141",,"ACTIVE",,"county","320200000000","无锡市","320214000000","新吴区","320000000000","江苏省","新吴区","1","rt_dim_area","117141","4/1/2018"
"117142",,"ACTIVE",,"county","320200000000","无锡市","320281000000","江阴市","320000000000","江苏省","江阴市","1","rt_dim_area","117142","4/1/2018"
"117143",,"ACTIVE",,"county","321200000000","泰州市","320281030000","江苏江阴-靖江工业园区","320000000000","江苏省","江苏江阴-靖江工业园区","1","rt_dim_area","117143","4/1/2018"
"117144",,"ACTIVE",,"county","320200000000","无锡市","320282000000","宜兴市","320000000000","江苏省","宜兴市","1","rt_dim_area","117144","4/1/2018"
"117145",,"ACTIVE",,"city","320300000000","徐州市",,,"320000000000","江苏省","徐州市","1","rt_dim_area","117145","4/1/2018"
"117146",,"ACTIVE",,"county","320300000000","徐州市","320300010000","经济技术开发区","320000000000","江苏省","经济技术开发区","1","rt_dim_area","117146","4/1/2018"
"117147",,"DEL",,"county","320300000000","徐州市","320301000000","市辖区","320000000000","江苏省","市辖区","1","rt_dim_area","117147","4/1/2018"
"117148",,"ACTIVE",,"county","320300000000","徐州市","320302000000","鼓楼区","320000000000","江苏省","鼓楼区","1","rt_dim_area","117148","4/1/2018"
"117149",,"ACTIVE",,"county","320300000000","徐州市","320303000000","云龙区","320000000000","江苏省","云龙区","1","rt_dim_area","117149","4/1/2018"
"117150",,"ACTIVE",,"county","320300000000","徐州市","320305000000","贾汪区","320000000000","江苏省","贾汪区","1","rt_dim_area","117150","4/1/2018"
"117151",,"ACTIVE",,"county","320300000000","徐州市","320311000000","泉山区","320000000000","江苏省","泉山区","1","rt_dim_area","117151","4/1/2018"
"117152",,"ACTIVE",,"county","320300000000","徐州市","320312000000","铜山区","320000000000","江苏省","铜山区","1","rt_dim_area","117152","4/1/2018"
"117153",,"ACTIVE",,"county","320300000000","徐州市","320321000000","丰县","320000000000","江苏省","丰县","1","rt_dim_area","117153","4/1/2018"
"117154",,"ACTIVE",,"county","320300000000","徐州市","320322000000","沛县","320000000000","江苏省","沛县","1","rt_dim_area","117154","4/1/2018"
"117155",,"ACTIVE",,"county","320300000000","徐州市","320324000000","睢宁县","320000000000","江苏省","睢宁县","1","rt_dim_area","117155","4/1/2018"
"117156",,"ACTIVE",,"county","320300000000","徐州市","320381000000","新沂市","320000000000","江苏省","新沂市","1","rt_dim_area","117156","4/1/2018"
"117157",,"ACTIVE",,"county","320300000000","徐州市","320382000000","邳州市","320000000000","江苏省","邳州市","1","rt_dim_area","117157","4/1/2018"
"117158",,"ACTIVE",,"city","320400000000","常州市",,,"320000000000","江苏省","常州市","1","rt_dim_area","117158","4/1/2018"
"117159",,"ACTIVE",,"county","320400000000","常州市","320400010000","经济开发区","320000000000","江苏省","经济开发区","1","rt_dim_area","117159","4/1/2018"
"117160",,"ACTIVE",,"county","320400000000","常州市","320400020000","金坛经济开发区","320000000000","江苏省","金坛经济开发区","1","rt_dim_area","117160","4/1/2018"
"117161",,"DEL",,"county","320400000000","常州市","320401000000","市辖区","320000000000","江苏省","市辖区","1","rt_dim_area","117161","4/1/2018"
"117162",,"ACTIVE",,"county","320400000000","常州市","320402000000","天宁区","320000000000","江苏省","天宁区","1","rt_dim_area","117162","4/1/2018"
"117163",,"ACTIVE",,"county","320400000000","常州市","320404000000","钟楼区","320000000000","江苏省","钟楼区","1","rt_dim_area","117163","4/1/2018"
"117164",,"ACTIVE",,"county","320400000000","常州市","320411000000","新北区","320000000000","江苏省","新北区","1","rt_dim_area","117164","4/1/2018"
"117165",,"ACTIVE",,"county","320400000000","常州市","320412000000","武进区","320000000000","江苏省","武进区","1","rt_dim_area","117165","4/1/2018"
"117166",,"ACTIVE",,"county","320400000000","常州市","320413000000","金坛区","320000000000","江苏省","金坛区","1","rt_dim_area","117166","4/1/2018"
"117167",,"ACTIVE",,"county","320400000000","常州市","320481000000","溧阳市","320000000000","江苏省","溧阳市","1","rt_dim_area","117167","4/1/2018"
"117168",,"ACTIVE",,"city","320500000000","苏州市",,,"320000000000","江苏省","苏州市","1","rt_dim_area","117168","4/1/2018"
"117169",,"ACTIVE",,"county","320500000000","苏州市","320500010000","工业园区","320000000000","江苏省","工业园区","1","rt_dim_area","117169","4/1/2018"
"117170",,"DEL",,"county","320500000000","苏州市","320501000000","市辖区","320000000000","江苏省","市辖区","1","rt_dim_area","117170","4/1/2018"
"117171",,"ACTIVE",,"county","320500000000","苏州市","320505000000","虎丘区","320000000000","江苏省","虎丘区","1","rt_dim_area","117171","4/1/2018"
"117172",,"ACTIVE",,"county","320500000000","苏州市","320506000000","吴中区","320000000000","江苏省","吴中区","1","rt_dim_area","117172","4/1/2018"
"117173",,"ACTIVE",,"county","320500000000","苏州市","320507000000","相城区","320000000000","江苏省","相城区","1","rt_dim_area","117173","4/1/2018"
"117174",,"ACTIVE",,"county","320500000000","苏州市","320508000000","姑苏区","320000000000","江苏省","姑苏区","1","rt_dim_area","117174","4/1/2018"
"117175",,"ACTIVE",,"county","320500000000","苏州市","320509000000","吴江区","320000000000","江苏省","吴江区","1","rt_dim_area","117175","4/1/2018"
"117176",,"ACTIVE",,"county","320500000000","苏州市","320581000000","常熟市","320000000000","江苏省","常熟市","1","rt_dim_area","117176","4/1/2018"
"117177",,"ACTIVE",,"county","320500000000","苏州市","320582000000","张家港市","320000000000","江苏省","张家港市","1","rt_dim_area","117177","4/1/2018"
"117178",,"ACTIVE",,"county","320500000000","苏州市","320583000000","昆山市","320000000000","江苏省","昆山市","1","rt_dim_area","117178","4/1/2018"
"117179",,"ACTIVE",,"county","320500000000","苏州市","320585000000","太仓市","320000000000","江苏省","太仓市","1","rt_dim_area","117179","4/1/2018"
"117180",,"ACTIVE",,"city","320600000000","南通市",,,"320000000000","江苏省","南通市","1","rt_dim_area","117180","4/1/2018"
"117181",,"ACTIVE",,"county","320600000000","南通市","320600010000","经济技术开发区","320000000000","江苏省","经济技术开发区","1","rt_dim_area","117181","4/1/2018"
"117182",,"ACTIVE",,"county","320600000000","南通市","320600020000","苏通科技产业园","320000000000","江苏省","苏通科技产业园","1","rt_dim_area","117182","4/1/2018"
"117183",,"ACTIVE",,"county","320600000000","南通市","320600030000","通州湾示范区","320000000000","江苏省","通州湾示范区","1","rt_dim_area","117183","4/1/2018"
"117184",,"ACTIVE",,"county","320600000000","南通市","320600040000","如东县沿海经济开发区","320000000000","江苏省","如东县沿海经济开发区","1","rt_dim_area","117184","4/1/2018"
"117185",,"ACTIVE",,"county","320600000000","南通市","320600050000","如东洋口港经济开发区","320000000000","江苏省","如东洋口港经济开发区","1","rt_dim_area","117185","4/1/2018"
"117186",,"DEL",,"county","320600000000","南通市","320601000000","市辖区","320000000000","江苏省","市辖区","1","rt_dim_area","117186","4/1/2018"
"117187",,"ACTIVE",,"county","320600000000","南通市","320602000000","崇川区","320000000000","江苏省","崇川区","1","rt_dim_area","117187","4/1/2018"
"117188",,"ACTIVE",,"county","320600000000","南通市","320611000000","港闸区","320000000000","江苏省","港闸区","1","rt_dim_area","117188","4/1/2018"
"117189",,"ACTIVE",,"county","320600000000","南通市","320612000000","通州区","320000000000","江苏省","通州区","1","rt_dim_area","117189","4/1/2018"
"117190",,"ACTIVE",,"county","320600000000","南通市","320621000000","海安县","320000000000","江苏省","海安县","1","rt_dim_area","117190","4/1/2018"
"117191",,"ACTIVE",,"county","320600000000","南通市","320623000000","如东县","320000000000","江苏省","如东县","1","rt_dim_area","117191","4/1/2018"
"117192",,"ACTIVE",,"county","320600000000","南通市","320681000000","启东市","320000000000","江苏省","启东市","1","rt_dim_area","117192","4/1/2018"
"117193",,"ACTIVE",,"county","320600000000","南通市","320682000000","如皋市","320000000000","江苏省","如皋市","1","rt_dim_area","117193","4/1/2018"
"117194",,"ACTIVE",,"county","320600000000","南通市","320684000000","海门市","320000000000","江苏省","海门市","1","rt_dim_area","117194","4/1/2018"
"117195",,"ACTIVE",,"city","320700000000","连云港市",,,"320000000000","江苏省","连云港市","1","rt_dim_area","117195","4/1/2018"
"117196",,"ACTIVE",,"county","320700000000","连云港市","320700010000","经济技术开发区","320000000000","江苏省","经济技术开发区","1","rt_dim_area","117196","4/1/2018"
"117197",,"ACTIVE",,"county","320700000000","连云港市","320700020000","国家东中西区域合作示范区","320000000000","江苏省","国家东中西区域合作示范区","1","rt_dim_area","117197","4/1/2018"
"117198",,"ACTIVE",,"county","320700000000","连云港市","320700030000","高新技术产业开发区","320000000000","江苏省","高新技术产业开发区","1","rt_dim_area","117198","4/1/2018"
"117199",,"DEL",,"county","320700000000","连云港市","320701000000","市辖区","320000000000","江苏省","市辖区","1","rt_dim_area","117199","4/1/2018"
"117200",,"ACTIVE",,"county","320700000000","连云港市","320703000000","连云区","320000000000","江苏省","连云区","1","rt_dim_area","117200","4/1/2018"
"117201",,"ACTIVE",,"county","320700000000","连云港市","320706000000","海州区","320000000000","江苏省","海州区","1","rt_dim_area","117201","4/1/2018"
"117202",,"ACTIVE",,"county","320700000000","连云港市","320707000000","赣榆区","320000000000","江苏省","赣榆区","1","rt_dim_area","117202","4/1/2018"
"117203",,"ACTIVE",,"county","320700000000","连云港市","320722000000","东海县","320000000000","江苏省","东海县","1","rt_dim_area","117203","4/1/2018"
"117204",,"ACTIVE",,"county","320700000000","连云港市","320723000000","灌云县","320000000000","江苏省","灌云县","1","rt_dim_area","117204","4/1/2018"
"117205",,"ACTIVE",,"county","320700000000","连云港市","320724000000","灌南县","320000000000","江苏省","灌南县","1","rt_dim_area","117205","4/1/2018"
"117206",,"ACTIVE",,"city","320800000000","淮安市",,,"320000000000","江苏省","淮安市","1","rt_dim_area","117206","4/1/2018"
"117207",,"ACTIVE",,"county","320800000000","淮安市","320800010000","经济技术开发区","320000000000","江苏省","经济技术开发区","1","rt_dim_area","117207","4/1/2018"
"117208",,"ACTIVE",,"county","320800000000","淮安市","320800020000","盐化新材料产业园区","320000000000","江苏省","盐化新材料产业园区","1","rt_dim_area","117208","4/1/2018"
"117209",,"ACTIVE",,"county","320800000000","淮安市","320800030000","工业园区","320000000000","江苏省","工业园区","1","rt_dim_area","117209","4/1/2018"
"117210",,"DEL",,"county","320800000000","淮安市","320801000000","市辖区","320000000000","江苏省","市辖区","1","rt_dim_area","117210","4/1/2018"
"117211",,"ACTIVE",,"county","320800000000","淮安市","320803000000","淮安区","320000000000","江苏省","淮安区","1","rt_dim_area","117211","4/1/2018"
"117212",,"ACTIVE",,"county","320800000000","淮安市","320804000000","淮阴区","320000000000","江苏省","淮阴区","1","rt_dim_area","117212","4/1/2018"
"117213",,"ACTIVE",,"county","320800000000","淮安市","320812000000","清江浦区","320000000000","江苏省","清江浦区","1","rt_dim_area","117213","4/1/2018"
"117214",,"ACTIVE",,"county","320800000000","淮安市","320813000000","洪泽区","320000000000","江苏省","洪泽区","1","rt_dim_area","117214","4/1/2018"
"117215",,"ACTIVE",,"county","320800000000","淮安市","320826000000","涟水县","320000000000","江苏省","涟水县","1","rt_dim_area","117215","4/1/2018"
"117216",,"ACTIVE",,"county","320800000000","淮安市","320830000000","盱眙县","320000000000","江苏省","盱眙县","1","rt_dim_area","117216","4/1/2018"
"117217",,"ACTIVE",,"county","320800000000","淮安市","320831000000","金湖县","320000000000","江苏省","金湖县","1","rt_dim_area","117217","4/1/2018"
"117218",,"ACTIVE",,"city","320900000000","盐城市",,,"320000000000","江苏省","盐城市","1","rt_dim_area","117218","4/1/2018"
"117219",,"ACTIVE",,"county","320900000000","盐城市","320900010000","经济技术开发区","320000000000","江苏省","经济技术开发区","1","rt_dim_area","117219","4/1/2018"
"117220",,"ACTIVE",,"county","320900000000","盐城市","320900020000","城南新区","320000000000","江苏省","城南新区","1","rt_dim_area","117220","4/1/2018"
"117221",,"DEL",,"county","320900000000","盐城市","320901000000","市辖区","320000000000","江苏省","市辖区","1","rt_dim_area","117221","4/1/2018"
"117222",,"ACTIVE",,"county","320900000000","盐城市","320902000000","亭湖区","320000000000","江苏省","亭湖区","1","rt_dim_area","117222","4/1/2018"
"117223",,"ACTIVE",,"county","320900000000","盐城市","320903000000","盐都区","320000000000","江苏省","盐都区","1","rt_dim_area","117223","4/1/2018"
"117224",,"ACTIVE",,"county","320900000000","盐城市","320904000000","大丰区","320000000000","江苏省","大丰区","1","rt_dim_area","117224","4/1/2018"
"117225",,"ACTIVE",,"county","320900000000","盐城市","320921000000","响水县","320000000000","江苏省","响水县","1","rt_dim_area","117225","4/1/2018"
"117226",,"ACTIVE",,"county","320900000000","盐城市","320922000000","滨海县","320000000000","江苏省","滨海县","1","rt_dim_area","117226","4/1/2018"
"117227",,"ACTIVE",,"county","320900000000","盐城市","320923000000","阜宁县","320000000000","江苏省","阜宁县","1","rt_dim_area","117227","4/1/2018"
"117228",,"ACTIVE",,"county","320900000000","盐城市","320924000000","射阳县","320000000000","江苏省","射阳县","1","rt_dim_area","117228","4/1/2018"
"117229",,"ACTIVE",,"county","320900000000","盐城市","320925000000","建湖县","320000000000","江苏省","建湖县","1","rt_dim_area","117229","4/1/2018"
"117230",,"ACTIVE",,"county","320900000000","盐城市","320981000000","东台市","320000000000","江苏省","东台市","1","rt_dim_area","117230","4/1/2018"
"117231",,"ACTIVE",,"city","321000000000","扬州市",,,"320000000000","江苏省","扬州市","1","rt_dim_area","117231","4/1/2018"
"117232",,"DEL",,"county","321000000000","扬州市","321001000000","市辖区","320000000000","江苏省","市辖区","1","rt_dim_area","117232","4/1/2018"
"117233",,"ACTIVE",,"county","321000000000","扬州市","321002000000","广陵区","320000000000","江苏省","广陵区","1","rt_dim_area","117233","4/1/2018"
"117234",,"ACTIVE",,"county","321000000000","扬州市","321003000000","邗江区","320000000000","江苏省","邗江区","1","rt_dim_area","117234","4/1/2018"
"117235",,"ACTIVE",,"county","321000000000","扬州市","321012000000","江都区","320000000000","江苏省","江都区","1","rt_dim_area","117235","4/1/2018"
"117236",,"ACTIVE",,"county","321000000000","扬州市","321023000000","宝应县","320000000000","江苏省","宝应县","1","rt_dim_area","117236","4/1/2018"
"117237",,"ACTIVE",,"county","321000000000","扬州市","321081000000","仪征市","320000000000","江苏省","仪征市","1","rt_dim_area","117237","4/1/2018"
"117238",,"ACTIVE",,"county","321000000000","扬州市","321084000000","高邮市","320000000000","江苏省","高邮市","1","rt_dim_area","117238","4/1/2018"
"117239",,"ACTIVE",,"city","321100000000","镇江市",,,"320000000000","江苏省","镇江市","1","rt_dim_area","117239","4/1/2018"
"117240",,"ACTIVE",,"county","321100000000","镇江市","321100010000","镇江新区","320000000000","江苏省","镇江新区","1","rt_dim_area","117240","4/1/2018"
"117241",,"DEL",,"county","321100000000","镇江市","321101000000","市辖区","320000000000","江苏省","市辖区","1","rt_dim_area","117241","4/1/2018"
"117242",,"ACTIVE",,"county","321100000000","镇江市","321102000000","京口区","320000000000","江苏省","京口区","1","rt_dim_area","117242","4/1/2018"
"117243",,"ACTIVE",,"county","321100000000","镇江市","321111000000","润州区","320000000000","江苏省","润州区","1","rt_dim_area","117243","4/1/2018"
"117244",,"ACTIVE",,"county","321100000000","镇江市","321112000000","丹徒区","320000000000","江苏省","丹徒区","1","rt_dim_area","117244","4/1/2018"
"117245",,"ACTIVE",,"county","321100000000","镇江市","321181000000","丹阳市","320000000000","江苏省","丹阳市","1","rt_dim_area","117245","4/1/2018"
"117246",,"ACTIVE",,"county","321100000000","镇江市","321182000000","扬中市","320000000000","江苏省","扬中市","1","rt_dim_area","117246","4/1/2018"
"117247",,"ACTIVE",,"county","321100000000","镇江市","321183000000","句容市","320000000000","江苏省","句容市","1","rt_dim_area","117247","4/1/2018"
"117248",,"ACTIVE",,"city","321200000000","泰州市",,,"320000000000","江苏省","泰州市","1","rt_dim_area","117248","4/1/2018"
"117249",,"DEL",,"county","321200000000","泰州市","321201000000","市辖区","320000000000","江苏省","市辖区","1","rt_dim_area","117249","4/1/2018"
"117250",,"ACTIVE",,"county","321200000000","泰州市","321202000000","海陵区","320000000000","江苏省","海陵区","1","rt_dim_area","117250","4/1/2018"
"117251",,"ACTIVE",,"county","321200000000","泰州市","321203000000","高港区","320000000000","江苏省","高港区","1","rt_dim_area","117251","4/1/2018"
"117252",,"ACTIVE",,"county","321200000000","泰州市","321204000000","姜堰区","320000000000","江苏省","姜堰区","1","rt_dim_area","117252","4/1/2018"
"117253",,"ACTIVE",,"county","321200000000","泰州市","321271000000","医药高新区","320000000000","江苏省","医药高新区","1","rt_dim_area","117253","4/1/2018"
"117254",,"ACTIVE",,"county","321200000000","泰州市","321281000000","兴化市","320000000000","江苏省","兴化市","1","rt_dim_area","117254","4/1/2018"
"117255",,"ACTIVE",,"county","321200000000","泰州市","321282000000","靖江市","320000000000","江苏省","靖江市","1","rt_dim_area","117255","4/1/2018"
"117256",,"ACTIVE",,"county","321200000000","泰州市","321283000000","泰兴市","320000000000","江苏省","泰兴市","1","rt_dim_area","117256","4/1/2018"
"117257",,"ACTIVE",,"city","321300000000","宿迁市",,,"320000000000","江苏省","宿迁市","1","rt_dim_area","117257","4/1/2018"
"117258",,"ACTIVE",,"county","321300000000","宿迁市","321300010000","经济技术开发区","320000000000","江苏省","经济技术开发区","1","rt_dim_area","117258","4/1/2018"
"117259",,"ACTIVE",,"county","321300000000","宿迁市","321300020000","苏州宿迁工业园区","320000000000","江苏省","苏州宿迁工业园区","1","rt_dim_area","117259","4/1/2018"
"117260",,"ACTIVE",,"county","321300000000","宿迁市","321300030000","洋河新区","320000000000","江苏省","洋河新区","1","rt_dim_area","117260","4/1/2018"
"117261",,"ACTIVE",,"county","321300000000","宿迁市","321300040000","湖滨新区","320000000000","江苏省","湖滨新区","1","rt_dim_area","117261","4/1/2018"
"117262",,"DEL",,"county","321300000000","宿迁市","321301000000","市辖区","320000000000","江苏省","市辖区","1","rt_dim_area","117262","4/1/2018"
"117263",,"ACTIVE",,"county","321300000000","宿迁市","321302000000","宿城区","320000000000","江苏省","宿城区","1","rt_dim_area","117263","4/1/2018"
"117264",,"ACTIVE",,"county","321300000000","宿迁市","321311000000","宿豫区","320000000000","江苏省","宿豫区","1","rt_dim_area","117264","4/1/2018"
"117265",,"ACTIVE",,"county","321300000000","宿迁市","321322000000","沭阳县","320000000000","江苏省","沭阳县","1","rt_dim_area","117265","4/1/2018"
"117266",,"ACTIVE",,"county","321300000000","宿迁市","321323000000","泗阳县","320000000000","江苏省","泗阳县","1","rt_dim_area","117266","4/1/2018"
"117267",,"ACTIVE",,"county","321300000000","宿迁市","321324000000","泗洪县","320000000000","江苏省","泗洪县","1","rt_dim_area","117267","4/1/2018"
"117268",,"ACTIVE",,"province",,,,,"330000000000","浙江省","浙江省","1","rt_dim_area","117268","4/1/2018"
"117269",,"ACTIVE",,"city","330100000000","杭州市",,,"330000000000","浙江省","杭州市","1","rt_dim_area","117269","4/1/2018"
"117270",,"DEL",,"county","330100000000","杭州市","330101000000","市辖区","330000000000","浙江省","市辖区","1","rt_dim_area","117270","4/1/2018"
"117271",,"ACTIVE",,"county","330100000000","杭州市","330102000000","上城区","330000000000","浙江省","上城区","1","rt_dim_area","117271","4/1/2018"
"117272",,"ACTIVE",,"county","330100000000","杭州市","330103000000","下城区","330000000000","浙江省","下城区","1","rt_dim_area","117272","4/1/2018"
"117273",,"ACTIVE",,"county","330100000000","杭州市","330104000000","江干区","330000000000","浙江省","江干区","1","rt_dim_area","117273","4/1/2018"
"117274",,"ACTIVE",,"county","330100000000","杭州市","330105000000","拱墅区","330000000000","浙江省","拱墅区","1","rt_dim_area","117274","4/1/2018"
"117275",,"ACTIVE",,"county","330100000000","杭州市","330106000000","西湖区","330000000000","浙江省","西湖区","1","rt_dim_area","117275","4/1/2018"
"117276",,"ACTIVE",,"county","330100000000","杭州市","330108000000","杭州高新开发区（滨江）","330000000000","浙江省","杭州高新开发区（滨江）","1","rt_dim_area","117276","4/1/2018"
"117277",,"ACTIVE",,"county","330100000000","杭州市","330109000000","萧山区","330000000000","浙江省","萧山区","1","rt_dim_area","117277","4/1/2018"
"117278",,"ACTIVE",,"county","330100000000","杭州市","330110000000","余杭区","330000000000","浙江省","余杭区","1","rt_dim_area","117278","4/1/2018"
"117279",,"ACTIVE",,"county","330100000000","杭州市","330111000000","富阳区","330000000000","浙江省","富阳区","1","rt_dim_area","117279","4/1/2018"
"117280",,"ACTIVE",,"county","330100000000","杭州市","330122000000","桐庐县","330000000000","浙江省","桐庐县","1","rt_dim_area","117280","4/1/2018"
"117281",,"ACTIVE",,"county","330100000000","杭州市","330127000000","淳安县","330000000000","浙江省","淳安县","1","rt_dim_area","117281","4/1/2018"
"117282",,"ACTIVE",,"county","330100000000","杭州市","330161000000","杭州经济技术开发区","330000000000","浙江省","杭州经济技术开发区","1","rt_dim_area","117282","4/1/2018"
"117283",,"ACTIVE",,"county","330100000000","杭州市","330182000000","建德市","330000000000","浙江省","建德市","1","rt_dim_area","117283","4/1/2018"
"117284",,"ACTIVE",,"county","330100000000","杭州市","330185000000","临安市","330000000000","浙江省","临安市","1","rt_dim_area","117284","4/1/2018"
"117285",,"ACTIVE",,"county","330100000000","杭州市","330186000000","大江东产业集聚区","330000000000","浙江省","大江东产业集聚区","1","rt_dim_area","117285","4/1/2018"
"117286",,"ACTIVE",,"county","330100000000","杭州市","330199000000","杭州西湖风景名胜区","330000000000","浙江省","杭州西湖风景名胜区","1","rt_dim_area","117286","4/1/2018"
"117287",,"ACTIVE",,"city","330200000000","宁波市",,,"330000000000","浙江省","宁波市","1","rt_dim_area","117287","4/1/2018"
"117288",,"DEL",,"county","330200000000","宁波市","330201000000","市辖区","330000000000","浙江省","市辖区","1","rt_dim_area","117288","4/1/2018"
"117289",,"ACTIVE",,"county","330200000000","宁波市","330203000000","海曙区","330000000000","浙江省","海曙区","1","rt_dim_area","117289","4/1/2018"
"117290",,"ACTIVE",,"county","330200000000","宁波市","330205000000","江北区","330000000000","浙江省","江北区","1","rt_dim_area","117290","4/1/2018"
"117291",,"ACTIVE",,"county","330200000000","宁波市","330206000000","北仑区","330000000000","浙江省","北仑区","1","rt_dim_area","117291","4/1/2018"
"117292",,"ACTIVE",,"county","330200000000","宁波市","330211000000","镇海区","330000000000","浙江省","镇海区","1","rt_dim_area","117292","4/1/2018"
"117293",,"ACTIVE",,"county","330200000000","宁波市","330212000000","鄞州区","330000000000","浙江省","鄞州区","1","rt_dim_area","117293","4/1/2018"
"117294",,"ACTIVE",,"county","330200000000","宁波市","330213000000","奉化区","330000000000","浙江省","奉化区","1","rt_dim_area","117294","4/1/2018"
"117295",,"ACTIVE",,"county","330200000000","宁波市","330225000000","象山县","330000000000","浙江省","象山县","1","rt_dim_area","117295","4/1/2018"
"117296",,"ACTIVE",,"county","330200000000","宁波市","330226000000","宁海县","330000000000","浙江省","宁海县","1","rt_dim_area","117296","4/1/2018"
"117297",,"ACTIVE",,"county","330200000000","宁波市","330261000000","杭州湾新区","330000000000","浙江省","杭州湾新区","1","rt_dim_area","117297","4/1/2018"
"117298",,"ACTIVE",,"county","330200000000","宁波市","330262000000","保税区","330000000000","浙江省","保税区","1","rt_dim_area","117298","4/1/2018"
"117299",,"ACTIVE",,"county","330200000000","宁波市","330263000000","大榭开发区","330000000000","浙江省","大榭开发区","1","rt_dim_area","117299","4/1/2018"
"117300",,"ACTIVE",,"county","330200000000","宁波市","330264000000","高新区","330000000000","浙江省","高新区","1","rt_dim_area","117300","4/1/2018"
"117301",,"ACTIVE",,"county","330200000000","宁波市","330265000000","东钱湖","330000000000","浙江省","东钱湖","1","rt_dim_area","117301","4/1/2018"
"117302",,"ACTIVE",,"county","330200000000","宁波市","330281000000","余姚市","330000000000","浙江省","余姚市","1","rt_dim_area","117302","4/1/2018"
"117303",,"ACTIVE",,"county","330200000000","宁波市","330282000000","慈溪市","330000000000","浙江省","慈溪市","1","rt_dim_area","117303","4/1/2018"
"117304",,"ACTIVE",,"city","330300000000","温州市",,,"330000000000","浙江省","温州市","1","rt_dim_area","117304","4/1/2018"
"117305",,"DEL",,"county","330300000000","温州市","330301000000","市辖区","330000000000","浙江省","市辖区","1","rt_dim_area","117305","4/1/2018"
"117306",,"ACTIVE",,"county","330300000000","温州市","330302000000","鹿城区","330000000000","浙江省","鹿城区","1","rt_dim_area","117306","4/1/2018"
"117307",,"ACTIVE",,"county","330300000000","温州市","330303000000","龙湾区","330000000000","浙江省","龙湾区","1","rt_dim_area","117307","4/1/2018"
"117308",,"ACTIVE",,"county","330300000000","温州市","330304000000","瓯海区","330000000000","浙江省","瓯海区","1","rt_dim_area","117308","4/1/2018"
"117309",,"ACTIVE",,"county","330300000000","温州市","330305000000","洞头区","330000000000","浙江省","洞头区","1","rt_dim_area","117309","4/1/2018"
"117310",,"ACTIVE",,"county","330300000000","温州市","330324000000","永嘉县","330000000000","浙江省","永嘉县","1","rt_dim_area","117310","4/1/2018"
"117311",,"ACTIVE",,"county","330300000000","温州市","330326000000","平阳县","330000000000","浙江省","平阳县","1","rt_dim_area","117311","4/1/2018"
"117312",,"ACTIVE",,"county","330300000000","温州市","330327000000","苍南县","330000000000","浙江省","苍南县","1","rt_dim_area","117312","4/1/2018"
"117313",,"ACTIVE",,"county","330300000000","温州市","330328000000","文成县","330000000000","浙江省","文成县","1","rt_dim_area","117313","4/1/2018"
"117314",,"ACTIVE",,"county","330300000000","温州市","330329000000","泰顺县","330000000000","浙江省","泰顺县","1","rt_dim_area","117314","4/1/2018"
"117315",,"ACTIVE",,"county","330300000000","温州市","330363000000","经济开发区","330000000000","浙江省","经济开发区","1","rt_dim_area","117315","4/1/2018"
"117316",,"ACTIVE",,"county","330300000000","温州市","330364000000","瓯江口新区","330000000000","浙江省","瓯江口新区","1","rt_dim_area","117316","4/1/2018"
"117317",,"ACTIVE",,"county","330300000000","温州市","330381000000","瑞安市","330000000000","浙江省","瑞安市","1","rt_dim_area","117317","4/1/2018"
"117318",,"ACTIVE",,"county","330300000000","温州市","330382000000","乐清市","330000000000","浙江省","乐清市","1","rt_dim_area","117318","4/1/2018"
"117319",,"ACTIVE",,"city","330400000000","嘉兴市",,,"330000000000","浙江省","嘉兴市","1","rt_dim_area","117319","4/1/2018"
"117320",,"DEL",,"county","330400000000","嘉兴市","330401000000","市辖区","330000000000","浙江省","市辖区","1","rt_dim_area","117320","4/1/2018"
"117321",,"ACTIVE",,"county","330400000000","嘉兴市","330402000000","南湖区","330000000000","浙江省","南湖区","1","rt_dim_area","117321","4/1/2018"
"117322",,"ACTIVE",,"county","330400000000","嘉兴市","330411000000","秀洲区","330000000000","浙江省","秀洲区","1","rt_dim_area","117322","4/1/2018"
"117323",,"ACTIVE",,"county","330400000000","嘉兴市","330421000000","嘉善县","330000000000","浙江省","嘉善县","1","rt_dim_area","117323","4/1/2018"
"117324",,"ACTIVE",,"county","330400000000","嘉兴市","330424000000","海盐县","330000000000","浙江省","海盐县","1","rt_dim_area","117324","4/1/2018"
"117325",,"ACTIVE",,"county","330400000000","嘉兴市","330461000000","港区","330000000000","浙江省","港区","1","rt_dim_area","117325","4/1/2018"
"117326",,"ACTIVE",,"county","330400000000","嘉兴市","330462000000","开发区","330000000000","浙江省","开发区","1","rt_dim_area","117326","4/1/2018"
"117327",,"ACTIVE",,"county","330400000000","嘉兴市","330481000000","海宁市","330000000000","浙江省","海宁市","1","rt_dim_area","117327","4/1/2018"
"117328",,"ACTIVE",,"county","330400000000","嘉兴市","330482000000","平湖市","330000000000","浙江省","平湖市","1","rt_dim_area","117328","4/1/2018"
"117329",,"ACTIVE",,"county","330400000000","嘉兴市","330483000000","桐乡市","330000000000","浙江省","桐乡市","1","rt_dim_area","117329","4/1/2018"
"117330",,"ACTIVE",,"city","330500000000","湖州市",,,"330000000000","浙江省","湖州市","1","rt_dim_area","117330","4/1/2018"
"117331",,"DEL",,"county","330500000000","湖州市","330501000000","市辖区","330000000000","浙江省","市辖区","1","rt_dim_area","117331","4/1/2018"
"117332",,"ACTIVE",,"county","330500000000","湖州市","330502000000","吴兴区","330000000000","浙江省","吴兴区","1","rt_dim_area","117332","4/1/2018"
"117333",,"ACTIVE",,"county","330500000000","湖州市","330503000000","南浔区","330000000000","浙江省","南浔区","1","rt_dim_area","117333","4/1/2018"
"117334",,"ACTIVE",,"county","330500000000","湖州市","330521000000","德清县","330000000000","浙江省","德清县","1","rt_dim_area","117334","4/1/2018"
"117335",,"ACTIVE",,"county","330500000000","湖州市","330522000000","长兴县","330000000000","浙江省","长兴县","1","rt_dim_area","117335","4/1/2018"
"117336",,"ACTIVE",,"county","330500000000","湖州市","330523000000","安吉县","330000000000","浙江省","安吉县","1","rt_dim_area","117336","4/1/2018"
"117337",,"ACTIVE",,"county","330500000000","湖州市","330561000000","开发区","330000000000","浙江省","开发区","1","rt_dim_area","117337","4/1/2018"
"117338",,"ACTIVE",,"city","330600000000","绍兴市",,,"330000000000","浙江省","绍兴市","1","rt_dim_area","117338","4/1/2018"
"117339",,"DEL",,"county","330600000000","绍兴市","330601000000","市辖区","330000000000","浙江省","市辖区","1","rt_dim_area","117339","4/1/2018"
"117340",,"ACTIVE",,"county","330600000000","绍兴市","330602000000","越城区","330000000000","浙江省","越城区","1","rt_dim_area","117340","4/1/2018"
"117341",,"ACTIVE",,"county","330600000000","绍兴市","330603000000","柯桥区","330000000000","浙江省","柯桥区","1","rt_dim_area","117341","4/1/2018"
"117342",,"ACTIVE",,"county","330600000000","绍兴市","330604000000","上虞区","330000000000","浙江省","上虞区","1","rt_dim_area","117342","4/1/2018"
"117343",,"ACTIVE",,"county","330600000000","绍兴市","330624000000","新昌县","330000000000","浙江省","新昌县","1","rt_dim_area","117343","4/1/2018"
"117344",,"ACTIVE",,"county","330600000000","绍兴市","330661000000","袍江开发区","330000000000","浙江省","袍江开发区","1","rt_dim_area","117344","4/1/2018"
"117345",,"ACTIVE",,"county","330600000000","绍兴市","330664000000","滨海新城","330000000000","浙江省","滨海新城","1","rt_dim_area","117345","4/1/2018"
"117346",,"ACTIVE",,"county","330600000000","绍兴市","330681000000","诸暨市","330000000000","浙江省","诸暨市","1","rt_dim_area","117346","4/1/2018"
"117347",,"ACTIVE",,"county","330600000000","绍兴市","330683000000","嵊州市","330000000000","浙江省","嵊州市","1","rt_dim_area","117347","4/1/2018"
"117348",,"ACTIVE",,"city","330700000000","金华市",,,"330000000000","浙江省","金华市","1","rt_dim_area","117348","4/1/2018"
"117349",,"DEL",,"county","330700000000","金华市","330701000000","市辖区","330000000000","浙江省","市辖区","1","rt_dim_area","117349","4/1/2018"
"117350",,"ACTIVE",,"county","330700000000","金华市","330702000000","婺城区","330000000000","浙江省","婺城区","1","rt_dim_area","117350","4/1/2018"
"117351",,"ACTIVE",,"county","330700000000","金华市","330703000000","金东区","330000000000","浙江省","金东区","1","rt_dim_area","117351","4/1/2018"
"117352",,"ACTIVE",,"county","330700000000","金华市","330723000000","武义县","330000000000","浙江省","武义县","1","rt_dim_area","117352","4/1/2018"
"117353",,"ACTIVE",,"county","330700000000","金华市","330726000000","浦江县","330000000000","浙江省","浦江县","1","rt_dim_area","117353","4/1/2018"
"117354",,"ACTIVE",,"county","330700000000","金华市","330727000000","磐安县","330000000000","浙江省","磐安县","1","rt_dim_area","117354","4/1/2018"
"117355",,"ACTIVE",,"county","330700000000","金华市","330761000000","开发区","330000000000","浙江省","开发区","1","rt_dim_area","117355","4/1/2018"
"117356",,"ACTIVE",,"county","330700000000","金华市","330781000000","兰溪市","330000000000","浙江省","兰溪市","1","rt_dim_area","117356","4/1/2018"
"117357",,"ACTIVE",,"county","330700000000","金华市","330782000000","义乌市","330000000000","浙江省","义乌市","1","rt_dim_area","117357","4/1/2018"
"117358",,"ACTIVE",,"county","330700000000","金华市","330783000000","东阳市","330000000000","浙江省","东阳市","1","rt_dim_area","117358","4/1/2018"
"117359",,"ACTIVE",,"county","330700000000","金华市","330784000000","永康市","330000000000","浙江省","永康市","1","rt_dim_area","117359","4/1/2018"
"117360",,"ACTIVE",,"city","330800000000","衢州市",,,"330000000000","浙江省","衢州市","1","rt_dim_area","117360","4/1/2018"
"117361",,"DEL",,"county","330800000000","衢州市","330801000000","市辖区","330000000000","浙江省","市辖区","1","rt_dim_area","117361","4/1/2018"
"117362",,"ACTIVE",,"county","330800000000","衢州市","330802000000","柯城区","330000000000","浙江省","柯城区","1","rt_dim_area","117362","4/1/2018"
"117363",,"ACTIVE",,"county","330800000000","衢州市","330803000000","衢江区","330000000000","浙江省","衢江区","1","rt_dim_area","117363","4/1/2018"
"117364",,"ACTIVE",,"county","330800000000","衢州市","330822000000","常山县","330000000000","浙江省","常山县","1","rt_dim_area","117364","4/1/2018"
"117365",,"ACTIVE",,"county","330800000000","衢州市","330824000000","开化县","330000000000","浙江省","开化县","1","rt_dim_area","117365","4/1/2018"
"117366",,"ACTIVE",,"county","330800000000","衢州市","330825000000","龙游县","330000000000","浙江省","龙游县","1","rt_dim_area","117366","4/1/2018"
"117367",,"ACTIVE",,"county","330800000000","衢州市","330861000000","绿色集聚区","330000000000","浙江省","绿色集聚区","1","rt_dim_area","117367","4/1/2018"
"117368",,"ACTIVE",,"county","330800000000","衢州市","330881000000","江山市","330000000000","浙江省","江山市","1","rt_dim_area","117368","4/1/2018"
"117369",,"ACTIVE",,"city","330900000000","舟山市",,,"330000000000","浙江省","舟山市","1","rt_dim_area","117369","4/1/2018"
"117370",,"DEL",,"county","330900000000","舟山市","330901000000","市辖区","330000000000","浙江省","市辖区","1","rt_dim_area","117370","4/1/2018"
"117371",,"ACTIVE",,"county","330900000000","舟山市","330902000000","定海区","330000000000","浙江省","定海区","1","rt_dim_area","117371","4/1/2018"
"117372",,"ACTIVE",,"county","330900000000","舟山市","330903000000","普陀区","330000000000","浙江省","普陀区","1","rt_dim_area","117372","4/1/2018"
"117373",,"ACTIVE",,"county","330900000000","舟山市","330921000000","岱山县","330000000000","浙江省","岱山县","1","rt_dim_area","117373","4/1/2018"
"117374",,"ACTIVE",,"county","330900000000","舟山市","330922000000","嵊泗县","330000000000","浙江省","嵊泗县","1","rt_dim_area","117374","4/1/2018"
"117375",,"ACTIVE",,"city","331000000000","台州市",,,"330000000000","浙江省","台州市","1","rt_dim_area","117375","4/1/2018"
"117376",,"DEL",,"county","331000000000","台州市","331001000000","市辖区","330000000000","浙江省","市辖区","1","rt_dim_area","117376","4/1/2018"
"117377",,"ACTIVE",,"county","331000000000","台州市","331002000000","椒江区","330000000000","浙江省","椒江区","1","rt_dim_area","117377","4/1/2018"
"117378",,"ACTIVE",,"county","331000000000","台州市","331003000000","黄岩区","330000000000","浙江省","黄岩区","1","rt_dim_area","117378","4/1/2018"
"117379",,"ACTIVE",,"county","331000000000","台州市","331004000000","路桥区","330000000000","浙江省","路桥区","1","rt_dim_area","117379","4/1/2018"
"117380",,"ACTIVE",,"county","331000000000","台州市","331005000000","集聚区","330000000000","浙江省","集聚区","1","rt_dim_area","117380","4/1/2018"
"117381",,"ACTIVE",,"county","331000000000","台州市","331021000000","玉环县","330000000000","浙江省","玉环县","1","rt_dim_area","117381","4/1/2018"
"117382",,"ACTIVE",,"county","331000000000","台州市","331022000000","三门县","330000000000","浙江省","三门县","1","rt_dim_area","117382","4/1/2018"
"117383",,"ACTIVE",,"county","331000000000","台州市","331023000000","天台县","330000000000","浙江省","天台县","1","rt_dim_area","117383","4/1/2018"
"117384",,"ACTIVE",,"county","331000000000","台州市","331024000000","仙居县","330000000000","浙江省","仙居县","1","rt_dim_area","117384","4/1/2018"
"117385",,"ACTIVE",,"county","331000000000","台州市","331081000000","温岭市","330000000000","浙江省","温岭市","1","rt_dim_area","117385","4/1/2018"
"117386",,"ACTIVE",,"county","331000000000","台州市","331082000000","临海市","330000000000","浙江省","临海市","1","rt_dim_area","117386","4/1/2018"
"117387",,"ACTIVE",,"city","331100000000","丽水市",,,"330000000000","浙江省","丽水市","1","rt_dim_area","117387","4/1/2018"
"117388",,"DEL",,"county","331100000000","丽水市","331101000000","市辖区","330000000000","浙江省","市辖区","1","rt_dim_area","117388","4/1/2018"
"117389",,"ACTIVE",,"county","331100000000","丽水市","331102000000","莲都区","330000000000","浙江省","莲都区","1","rt_dim_area","117389","4/1/2018"
"117390",,"ACTIVE",,"county","331100000000","丽水市","331121000000","青田县","330000000000","浙江省","青田县","1","rt_dim_area","117390","4/1/2018"
"117391",,"ACTIVE",,"county","331100000000","丽水市","331122000000","缙云县","330000000000","浙江省","缙云县","1","rt_dim_area","117391","4/1/2018"
"117392",,"ACTIVE",,"county","331100000000","丽水市","331123000000","遂昌县","330000000000","浙江省","遂昌县","1","rt_dim_area","117392","4/1/2018"
"117393",,"ACTIVE",,"county","331100000000","丽水市","331124000000","松阳县","330000000000","浙江省","松阳县","1","rt_dim_area","117393","4/1/2018"
"117394",,"ACTIVE",,"county","331100000000","丽水市","331125000000","云和县","330000000000","浙江省","云和县","1","rt_dim_area","117394","4/1/2018"
"117395",,"ACTIVE",,"county","331100000000","丽水市","331126000000","庆元县","330000000000","浙江省","庆元县","1","rt_dim_area","117395","4/1/2018"
"117396",,"ACTIVE",,"county","331100000000","丽水市","331127000000","景宁畲族自治县","330000000000","浙江省","景宁畲族自治县","1","rt_dim_area","117396","4/1/2018"
"117397",,"ACTIVE",,"county","331100000000","丽水市","331161000000","经济开发区","330000000000","浙江省","经济开发区","1","rt_dim_area","117397","4/1/2018"
"117398",,"ACTIVE",,"county","331100000000","丽水市","331181000000","龙泉市","330000000000","浙江省","龙泉市","1","rt_dim_area","117398","4/1/2018"
"117399",,"ACTIVE",,"province",,,,,"340000000000","安徽省","安徽省","1","rt_dim_area","117399","4/1/2018"
"117400",,"ACTIVE",,"city","340100000000","合肥市",,,"340000000000","安徽省","合肥市","1","rt_dim_area","117400","4/1/2018"
"117401",,"DEL",,"county","340100000000","合肥市","340101000000","市辖区","340000000000","安徽省","市辖区","1","rt_dim_area","117401","4/1/2018"
"117402",,"ACTIVE",,"county","340100000000","合肥市","340102000000","瑶海区","340000000000","安徽省","瑶海区","1","rt_dim_area","117402","4/1/2018"
"117403",,"ACTIVE",,"county","340100000000","合肥市","340103000000","庐阳区","340000000000","安徽省","庐阳区","1","rt_dim_area","117403","4/1/2018"
"117404",,"ACTIVE",,"county","340100000000","合肥市","340104000000","蜀山区","340000000000","安徽省","蜀山区","1","rt_dim_area","117404","4/1/2018"
"117405",,"ACTIVE",,"county","340100000000","合肥市","340111000000","包河区","340000000000","安徽省","包河区","1","rt_dim_area","117405","4/1/2018"
"117406",,"ACTIVE",,"county","340100000000","合肥市","340121000000","长丰县","340000000000","安徽省","长丰县","1","rt_dim_area","117406","4/1/2018"
"117407",,"ACTIVE",,"county","340100000000","合肥市","340122000000","肥东县","340000000000","安徽省","肥东县","1","rt_dim_area","117407","4/1/2018"
"117408",,"ACTIVE",,"county","340100000000","合肥市","340123000000","肥西县","340000000000","安徽省","肥西县","1","rt_dim_area","117408","4/1/2018"
"117409",,"ACTIVE",,"county","340100000000","合肥市","340124000000","庐江县","340000000000","安徽省","庐江县","1","rt_dim_area","117409","4/1/2018"
"117410",,"ACTIVE",,"county","340100000000","合肥市","340181000000","巢湖市","340000000000","安徽省","巢湖市","1","rt_dim_area","117410","4/1/2018"
"117411",,"ACTIVE",,"city","340200000000","芜湖市",,,"340000000000","安徽省","芜湖市","1","rt_dim_area","117411","4/1/2018"
"117412",,"DEL",,"county","340200000000","芜湖市","340201000000","市辖区","340000000000","安徽省","市辖区","1","rt_dim_area","117412","4/1/2018"
"117413",,"ACTIVE",,"county","340200000000","芜湖市","340202000000","镜湖区","340000000000","安徽省","镜湖区","1","rt_dim_area","117413","4/1/2018"
"117414",,"ACTIVE",,"county","340200000000","芜湖市","340203000000","弋江区","340000000000","安徽省","弋江区","1","rt_dim_area","117414","4/1/2018"
"117415",,"ACTIVE",,"county","340200000000","芜湖市","340207000000","鸠江区","340000000000","安徽省","鸠江区","1","rt_dim_area","117415","4/1/2018"
"117416",,"ACTIVE",,"county","340200000000","芜湖市","340208000000","三山区","340000000000","安徽省","三山区","1","rt_dim_area","117416","4/1/2018"
"117417",,"ACTIVE",,"county","340200000000","芜湖市","340221000000","芜湖县","340000000000","安徽省","芜湖县","1","rt_dim_area","117417","4/1/2018"
"117418",,"ACTIVE",,"county","340200000000","芜湖市","340222000000","繁昌县","340000000000","安徽省","繁昌县","1","rt_dim_area","117418","4/1/2018"
"117419",,"ACTIVE",,"county","340200000000","芜湖市","340223000000","南陵县","340000000000","安徽省","南陵县","1","rt_dim_area","117419","4/1/2018"
"117420",,"ACTIVE",,"county","340200000000","芜湖市","340225000000","无为县","340000000000","安徽省","无为县","1","rt_dim_area","117420","4/1/2018"
"117421",,"ACTIVE",,"city","340300000000","蚌埠市",,,"340000000000","安徽省","蚌埠市","1","rt_dim_area","117421","4/1/2018"
"117422",,"DEL",,"county","340300000000","蚌埠市","340301000000","市辖区","340000000000","安徽省","市辖区","1","rt_dim_area","117422","4/1/2018"
"117423",,"ACTIVE",,"county","340300000000","蚌埠市","340302000000","龙子湖区","340000000000","安徽省","龙子湖区","1","rt_dim_area","117423","4/1/2018"
"117424",,"ACTIVE",,"county","340300000000","蚌埠市","340303000000","蚌山区","340000000000","安徽省","蚌山区","1","rt_dim_area","117424","4/1/2018"
"117425",,"ACTIVE",,"county","340300000000","蚌埠市","340304000000","禹会区","340000000000","安徽省","禹会区","1","rt_dim_area","117425","4/1/2018"
"117426",,"ACTIVE",,"county","340300000000","蚌埠市","340311000000","淮上区","340000000000","安徽省","淮上区","1","rt_dim_area","117426","4/1/2018"
"117427",,"ACTIVE",,"county","340300000000","蚌埠市","340321000000","怀远县","340000000000","安徽省","怀远县","1","rt_dim_area","117427","4/1/2018"
"117428",,"ACTIVE",,"county","340300000000","蚌埠市","340322000000","五河县","340000000000","安徽省","五河县","1","rt_dim_area","117428","4/1/2018"
"117429",,"ACTIVE",,"county","340300000000","蚌埠市","340323000000","固镇县","340000000000","安徽省","固镇县","1","rt_dim_area","117429","4/1/2018"
"117430",,"ACTIVE",,"city","340400000000","淮南市",,,"340000000000","安徽省","淮南市","1","rt_dim_area","117430","4/1/2018"
"117431",,"DEL",,"county","340400000000","淮南市","340401000000","市辖区","340000000000","安徽省","市辖区","1","rt_dim_area","117431","4/1/2018"
"117432",,"ACTIVE",,"county","340400000000","淮南市","340402000000","大通区","340000000000","安徽省","大通区","1","rt_dim_area","117432","4/1/2018"
"117433",,"ACTIVE",,"county","340400000000","淮南市","340403000000","田家庵区","340000000000","安徽省","田家庵区","1","rt_dim_area","117433","4/1/2018"
"117434",,"ACTIVE",,"county","340400000000","淮南市","340404000000","谢家集区","340000000000","安徽省","谢家集区","1","rt_dim_area","117434","4/1/2018"
"117435",,"ACTIVE",,"county","340400000000","淮南市","340405000000","八公山区","340000000000","安徽省","八公山区","1","rt_dim_area","117435","4/1/2018"
"117436",,"ACTIVE",,"county","340400000000","淮南市","340406000000","潘集区","340000000000","安徽省","潘集区","1","rt_dim_area","117436","4/1/2018"
"117437",,"ACTIVE",,"county","340400000000","淮南市","340421000000","凤台县","340000000000","安徽省","凤台县","1","rt_dim_area","117437","4/1/2018"
"117438",,"ACTIVE",,"city","340500000000","马鞍山市",,,"340000000000","安徽省","马鞍山市","1","rt_dim_area","117438","4/1/2018"
"117439",,"DEL",,"county","340500000000","马鞍山市","340501000000","市辖区","340000000000","安徽省","市辖区","1","rt_dim_area","117439","4/1/2018"
"117440",,"ACTIVE",,"county","340500000000","马鞍山市","340503000000","花山区","340000000000","安徽省","花山区","1","rt_dim_area","117440","4/1/2018"
"117441",,"ACTIVE",,"county","340500000000","马鞍山市","340504000000","雨山区","340000000000","安徽省","雨山区","1","rt_dim_area","117441","4/1/2018"
"117442",,"ACTIVE",,"county","340500000000","马鞍山市","340506000000","博望区","340000000000","安徽省","博望区","1","rt_dim_area","117442","4/1/2018"
"117443",,"ACTIVE",,"county","340500000000","马鞍山市","340521000000","当涂县","340000000000","安徽省","当涂县","1","rt_dim_area","117443","4/1/2018"
"117444",,"ACTIVE",,"county","340500000000","马鞍山市","340522000000","含山县","340000000000","安徽省","含山县","1","rt_dim_area","117444","4/1/2018"
"117445",,"ACTIVE",,"county","340500000000","马鞍山市","340523000000","和县","340000000000","安徽省","和县","1","rt_dim_area","117445","4/1/2018"
"117446",,"ACTIVE",,"city","340600000000","淮北市",,,"340000000000","安徽省","淮北市","1","rt_dim_area","117446","4/1/2018"
"117447",,"DEL",,"county","340600000000","淮北市","340601000000","市辖区","340000000000","安徽省","市辖区","1","rt_dim_area","117447","4/1/2018"
"117448",,"ACTIVE",,"county","340600000000","淮北市","340602000000","杜集区","340000000000","安徽省","杜集区","1","rt_dim_area","117448","4/1/2018"
"117449",,"ACTIVE",,"county","340600000000","淮北市","340603000000","相山区","340000000000","安徽省","相山区","1","rt_dim_area","117449","4/1/2018"
"117450",,"ACTIVE",,"county","340600000000","淮北市","340604000000","烈山区","340000000000","安徽省","烈山区","1","rt_dim_area","117450","4/1/2018"
"117451",,"ACTIVE",,"county","340600000000","淮北市","340621000000","濉溪县","340000000000","安徽省","濉溪县","1","rt_dim_area","117451","4/1/2018"
"117452",,"ACTIVE",,"city","340700000000","铜陵市",,,"340000000000","安徽省","铜陵市","1","rt_dim_area","117452","4/1/2018"
"117453",,"DEL",,"county","340700000000","铜陵市","340701000000","市辖区","340000000000","安徽省","市辖区","1","rt_dim_area","117453","4/1/2018"
"117454",,"ACTIVE",,"county","340700000000","铜陵市","340702000000","铜官区","340000000000","安徽省","铜官区","1","rt_dim_area","117454","4/1/2018"
"117455",,"ACTIVE",,"county","340700000000","铜陵市","340711000000","郊区","340000000000","安徽省","郊区","1","rt_dim_area","117455","4/1/2018"
"117456",,"ACTIVE",,"county","340700000000","铜陵市","340721000000","义安区","340000000000","安徽省","义安区","1","rt_dim_area","117456","4/1/2018"
"117457",,"ACTIVE",,"city","340800000000","安庆市",,,"340000000000","安徽省","安庆市","1","rt_dim_area","117457","4/1/2018"
"117458",,"DEL",,"county","340800000000","安庆市","340801000000","市辖区","340000000000","安徽省","市辖区","1","rt_dim_area","117458","4/1/2018"
"117459",,"ACTIVE",,"county","340800000000","安庆市","340802000000","迎江区","340000000000","安徽省","迎江区","1","rt_dim_area","117459","4/1/2018"
"117460",,"ACTIVE",,"county","340800000000","安庆市","340803000000","大观区","340000000000","安徽省","大观区","1","rt_dim_area","117460","4/1/2018"
"117461",,"ACTIVE",,"county","340800000000","安庆市","340811000000","宜秀区","340000000000","安徽省","宜秀区","1","rt_dim_area","117461","4/1/2018"
"117462",,"ACTIVE",,"county","340800000000","安庆市","340822000000","怀宁县","340000000000","安徽省","怀宁县","1","rt_dim_area","117462","4/1/2018"
"117463",,"ACTIVE",,"county","340700000000","铜陵市","340823000000","枞阳县","340000000000","安徽省","枞阳县","1","rt_dim_area","117463","4/1/2018"
"117464",,"ACTIVE",,"county","340800000000","安庆市","340824000000","潜山县","340000000000","安徽省","潜山县","1","rt_dim_area","117464","4/1/2018"
"117465",,"ACTIVE",,"county","340800000000","安庆市","340825000000","太湖县","340000000000","安徽省","太湖县","1","rt_dim_area","117465","4/1/2018"
"117466",,"ACTIVE",,"county","340800000000","安庆市","340826000000","宿松县","340000000000","安徽省","宿松县","1","rt_dim_area","117466","4/1/2018"
"117467",,"ACTIVE",,"county","340800000000","安庆市","340827000000","望江县","340000000000","安徽省","望江县","1","rt_dim_area","117467","4/1/2018"
"117468",,"ACTIVE",,"county","340800000000","安庆市","340828000000","岳西县","340000000000","安徽省","岳西县","1","rt_dim_area","117468","4/1/2018"
"117469",,"ACTIVE",,"county","340800000000","安庆市","340881000000","桐城市","340000000000","安徽省","桐城市","1","rt_dim_area","117469","4/1/2018"
"117470",,"ACTIVE",,"city","341000000000","黄山市",,,"340000000000","安徽省","黄山市","1","rt_dim_area","117470","4/1/2018"
"117471",,"DEL",,"county","341000000000","黄山市","341001000000","市辖区","340000000000","安徽省","市辖区","1","rt_dim_area","117471","4/1/2018"
"117472",,"ACTIVE",,"county","341000000000","黄山市","341002000000","屯溪区","340000000000","安徽省","屯溪区","1","rt_dim_area","117472","4/1/2018"
"117473",,"ACTIVE",,"county","341000000000","黄山市","341003000000","黄山区","340000000000","安徽省","黄山区","1","rt_dim_area","117473","4/1/2018"
"117474",,"ACTIVE",,"county","341000000000","黄山市","341004000000","徽州区","340000000000","安徽省","徽州区","1","rt_dim_area","117474","4/1/2018"
"117475",,"ACTIVE",,"county","341000000000","黄山市","341021000000","歙县","340000000000","安徽省","歙县","1","rt_dim_area","117475","4/1/2018"
"117476",,"ACTIVE",,"county","341000000000","黄山市","341022000000","休宁县","340000000000","安徽省","休宁县","1","rt_dim_area","117476","4/1/2018"
"117477",,"ACTIVE",,"county","341000000000","黄山市","341023000000","黟县","340000000000","安徽省","黟县","1","rt_dim_area","117477","4/1/2018"
"117478",,"ACTIVE",,"county","341000000000","黄山市","341024000000","祁门县","340000000000","安徽省","祁门县","1","rt_dim_area","117478","4/1/2018"
"117479",,"ACTIVE",,"city","341100000000","滁州市",,,"340000000000","安徽省","滁州市","1","rt_dim_area","117479","4/1/2018"
"117480",,"DEL",,"county","341100000000","滁州市","341101000000","市辖区","340000000000","安徽省","市辖区","1","rt_dim_area","117480","4/1/2018"
"117481",,"ACTIVE",,"county","341100000000","滁州市","341102000000","琅琊区","340000000000","安徽省","琅琊区","1","rt_dim_area","117481","4/1/2018"
"117482",,"ACTIVE",,"county","341100000000","滁州市","341103000000","南谯区","340000000000","安徽省","南谯区","1","rt_dim_area","117482","4/1/2018"
"117483",,"ACTIVE",,"county","341100000000","滁州市","341122000000","来安县","340000000000","安徽省","来安县","1","rt_dim_area","117483","4/1/2018"
"117484",,"ACTIVE",,"county","341100000000","滁州市","341124000000","全椒县","340000000000","安徽省","全椒县","1","rt_dim_area","117484","4/1/2018"
"117485",,"ACTIVE",,"county","341100000000","滁州市","341125000000","定远县","340000000000","安徽省","定远县","1","rt_dim_area","117485","4/1/2018"
"117486",,"ACTIVE",,"county","341100000000","滁州市","341126000000","凤阳县","340000000000","安徽省","凤阳县","1","rt_dim_area","117486","4/1/2018"
"117487",,"ACTIVE",,"county","341100000000","滁州市","341181000000","天长市","340000000000","安徽省","天长市","1","rt_dim_area","117487","4/1/2018"
"117488",,"ACTIVE",,"county","341100000000","滁州市","341182000000","明光市","340000000000","安徽省","明光市","1","rt_dim_area","117488","4/1/2018"
"117489",,"ACTIVE",,"city","341200000000","阜阳市",,,"340000000000","安徽省","阜阳市","1","rt_dim_area","117489","4/1/2018"
"117490",,"DEL",,"county","341200000000","阜阳市","341201000000","市辖区","340000000000","安徽省","市辖区","1","rt_dim_area","117490","4/1/2018"
"117491",,"ACTIVE",,"county","341200000000","阜阳市","341202000000","颍州区","340000000000","安徽省","颍州区","1","rt_dim_area","117491","4/1/2018"
"117492",,"ACTIVE",,"county","341200000000","阜阳市","341203000000","颍东区","340000000000","安徽省","颍东区","1","rt_dim_area","117492","4/1/2018"
"117493",,"ACTIVE",,"county","341200000000","阜阳市","341204000000","颍泉区","340000000000","安徽省","颍泉区","1","rt_dim_area","117493","4/1/2018"
"117494",,"ACTIVE",,"county","341200000000","阜阳市","341221000000","临泉县","340000000000","安徽省","临泉县","1","rt_dim_area","117494","4/1/2018"
"117495",,"ACTIVE",,"county","341200000000","阜阳市","341222000000","太和县","340000000000","安徽省","太和县","1","rt_dim_area","117495","4/1/2018"
"117496",,"ACTIVE",,"county","341200000000","阜阳市","341225000000","阜南县","340000000000","安徽省","阜南县","1","rt_dim_area","117496","4/1/2018"
"117497",,"ACTIVE",,"county","341200000000","阜阳市","341226000000","颍上县","340000000000","安徽省","颍上县","1","rt_dim_area","117497","4/1/2018"
"117498",,"ACTIVE",,"county","341200000000","阜阳市","341282000000","界首市","340000000000","安徽省","界首市","1","rt_dim_area","117498","4/1/2018"
"117499",,"ACTIVE",,"city","341300000000","宿州市",,,"340000000000","安徽省","宿州市","1","rt_dim_area","117499","4/1/2018"
"117500",,"DEL",,"county","341300000000","宿州市","341301000000","市辖区","340000000000","安徽省","市辖区","1","rt_dim_area","117500","4/1/2018"
"117501",,"ACTIVE",,"county","341300000000","宿州市","341302000000","埇桥区","340000000000","安徽省","埇桥区","1","rt_dim_area","117501","4/1/2018"
"117502",,"ACTIVE",,"county","341300000000","宿州市","341321000000","砀山县","340000000000","安徽省","砀山县","1","rt_dim_area","117502","4/1/2018"
"117503",,"ACTIVE",,"county","341300000000","宿州市","341322000000","萧县","340000000000","安徽省","萧县","1","rt_dim_area","117503","4/1/2018"
"117504",,"ACTIVE",,"county","341300000000","宿州市","341323000000","灵璧县","340000000000","安徽省","灵璧县","1","rt_dim_area","117504","4/1/2018"
"117505",,"ACTIVE",,"county","341300000000","宿州市","341324000000","泗县","340000000000","安徽省","泗县","1","rt_dim_area","117505","4/1/2018"
"117506",,"ACTIVE",,"city","341500000000","六安市",,,"340000000000","安徽省","六安市","1","rt_dim_area","117506","4/1/2018"
"117507",,"ACTIVE",,"county","341500000000","六安市","341500010000","叶集区","340000000000","安徽省","叶集区","1","rt_dim_area","117507","4/1/2018"
"117508",,"DEL",,"county","341500000000","六安市","341501000000","市辖区","340000000000","安徽省","市辖区","1","rt_dim_area","117508","4/1/2018"
"117509",,"ACTIVE",,"county","341500000000","六安市","341502000000","金安区","340000000000","安徽省","金安区","1","rt_dim_area","117509","4/1/2018"
"117510",,"ACTIVE",,"county","341500000000","六安市","341503000000","裕安区","340000000000","安徽省","裕安区","1","rt_dim_area","117510","4/1/2018"
"117511",,"ACTIVE",,"county","340400000000","淮南市","341521000000","寿县","340000000000","安徽省","寿县","1","rt_dim_area","117511","4/1/2018"
"117512",,"ACTIVE",,"county","341500000000","六安市","341522000000","霍邱县","340000000000","安徽省","霍邱县","1","rt_dim_area","117512","4/1/2018"
"117513",,"ACTIVE",,"county","341500000000","六安市","341523000000","舒城县","340000000000","安徽省","舒城县","1","rt_dim_area","117513","4/1/2018"
"117514",,"ACTIVE",,"county","341500000000","六安市","341524000000","金寨县","340000000000","安徽省","金寨县","1","rt_dim_area","117514","4/1/2018"
"117515",,"ACTIVE",,"county","341500000000","六安市","341525000000","霍山县","340000000000","安徽省","霍山县","1","rt_dim_area","117515","4/1/2018"
"117516",,"ACTIVE",,"city","341600000000","亳州市",,,"340000000000","安徽省","亳州市","1","rt_dim_area","117516","4/1/2018"
"117517",,"DEL",,"county","341600000000","亳州市","341601000000","市辖区","340000000000","安徽省","市辖区","1","rt_dim_area","117517","4/1/2018"
"117518",,"ACTIVE",,"county","341600000000","亳州市","341602000000","谯城区","340000000000","安徽省","谯城区","1","rt_dim_area","117518","4/1/2018"
"117519",,"ACTIVE",,"county","341600000000","亳州市","341621000000","涡阳县","340000000000","安徽省","涡阳县","1","rt_dim_area","117519","4/1/2018"
"117520",,"ACTIVE",,"county","341600000000","亳州市","341622000000","蒙城县","340000000000","安徽省","蒙城县","1","rt_dim_area","117520","4/1/2018"
"117521",,"ACTIVE",,"county","341600000000","亳州市","341623000000","利辛县","340000000000","安徽省","利辛县","1","rt_dim_area","117521","4/1/2018"
"117522",,"ACTIVE",,"city","341700000000","池州市",,,"340000000000","安徽省","池州市","1","rt_dim_area","117522","4/1/2018"
"117523",,"DEL",,"county","341700000000","池州市","341701000000","市辖区","340000000000","安徽省","市辖区","1","rt_dim_area","117523","4/1/2018"
"117524",,"ACTIVE",,"county","341700000000","池州市","341702000000","贵池区","340000000000","安徽省","贵池区","1","rt_dim_area","117524","4/1/2018"
"117525",,"ACTIVE",,"county","341700000000","池州市","341721000000","东至县","340000000000","安徽省","东至县","1","rt_dim_area","117525","4/1/2018"
"117526",,"ACTIVE",,"county","341700000000","池州市","341722000000","石台县","340000000000","安徽省","石台县","1","rt_dim_area","117526","4/1/2018"
"117527",,"ACTIVE",,"county","341700000000","池州市","341723000000","青阳县","340000000000","安徽省","青阳县","1","rt_dim_area","117527","4/1/2018"
"117528",,"ACTIVE",,"city","341800000000","宣城市",,,"340000000000","安徽省","宣城市","1","rt_dim_area","117528","4/1/2018"
"117529",,"DEL",,"county","341800000000","宣城市","341801000000","市辖区","340000000000","安徽省","市辖区","1","rt_dim_area","117529","4/1/2018"
"117530",,"ACTIVE",,"county","341800000000","宣城市","341802000000","宣州区","340000000000","安徽省","宣州区","1","rt_dim_area","117530","4/1/2018"
"117531",,"ACTIVE",,"county","341800000000","宣城市","341821000000","郎溪县","340000000000","安徽省","郎溪县","1","rt_dim_area","117531","4/1/2018"
"117532",,"ACTIVE",,"county","341800000000","宣城市","341822000000","广德县","340000000000","安徽省","广德县","1","rt_dim_area","117532","4/1/2018"
"117533",,"ACTIVE",,"county","341800000000","宣城市","341823000000","泾县","340000000000","安徽省","泾县","1","rt_dim_area","117533","4/1/2018"
"117534",,"ACTIVE",,"county","341800000000","宣城市","341824000000","绩溪县","340000000000","安徽省","绩溪县","1","rt_dim_area","117534","4/1/2018"
"117535",,"ACTIVE",,"county","341800000000","宣城市","341825000000","旌德县","340000000000","安徽省","旌德县","1","rt_dim_area","117535","4/1/2018"
"117536",,"ACTIVE",,"county","341800000000","宣城市","341881000000","宁国市","340000000000","安徽省","宁国市","1","rt_dim_area","117536","4/1/2018"
"117537",,"ACTIVE",,"province",,,,,"350000000000","福建省","福建省","1","rt_dim_area","117537","4/1/2018"
"117538",,"ACTIVE",,"city","350100000000","福州市",,,"350000000000","福建省","福州市","1","rt_dim_area","117538","4/1/2018"
"117539",,"DEL",,"county","350100000000","福州市","350101000000","市辖区","350000000000","福建省","市辖区","1","rt_dim_area","117539","4/1/2018"
"117540",,"ACTIVE",,"county","350100000000","福州市","350102000000","鼓楼区","350000000000","福建省","鼓楼区","1","rt_dim_area","117540","4/1/2018"
"117541",,"ACTIVE",,"county","350100000000","福州市","350103000000","台江区","350000000000","福建省","台江区","1","rt_dim_area","117541","4/1/2018"
"117542",,"ACTIVE",,"county","350100000000","福州市","350104000000","仓山区","350000000000","福建省","仓山区","1","rt_dim_area","117542","4/1/2018"
"117543",,"ACTIVE",,"county","350100000000","福州市","350105000000","马尾区","350000000000","福建省","马尾区","1","rt_dim_area","117543","4/1/2018"
"117544",,"ACTIVE",,"county","350100000000","福州市","350111000000","晋安区","350000000000","福建省","晋安区","1","rt_dim_area","117544","4/1/2018"
"117545",,"ACTIVE",,"county","350100000000","福州市","350121000000","闽侯县","350000000000","福建省","闽侯县","1","rt_dim_area","117545","4/1/2018"
"117546",,"ACTIVE",,"county","350100000000","福州市","350122000000","连江县","350000000000","福建省","连江县","1","rt_dim_area","117546","4/1/2018"
"117547",,"ACTIVE",,"county","350100000000","福州市","350123000000","罗源县","350000000000","福建省","罗源县","1","rt_dim_area","117547","4/1/2018"
"117548",,"ACTIVE",,"county","350100000000","福州市","350124000000","闽清县","350000000000","福建省","闽清县","1","rt_dim_area","117548","4/1/2018"
"117549",,"ACTIVE",,"county","350100000000","福州市","350125000000","永泰县","350000000000","福建省","永泰县","1","rt_dim_area","117549","4/1/2018"
"117550",,"ACTIVE",,"city","350128000000","平潭综合实验区",,,"350000000000","福建省","平潭综合实验区","1","rt_dim_area","117550","4/1/2018"
"117551",,"ACTIVE",,"county","350100000000","福州市","350181000000","福清市","350000000000","福建省","福清市","1","rt_dim_area","117551","4/1/2018"
"117552",,"ACTIVE",,"county","350100000000","福州市","350182000000","长乐市","350000000000","福建省","长乐市","1","rt_dim_area","117552","4/1/2018"
"117553",,"ACTIVE",,"city","350200000000","厦门市",,,"350000000000","福建省","厦门市","1","rt_dim_area","117553","4/1/2018"
"117554",,"DEL",,"county","350200000000","厦门市","350201000000","市辖区","350000000000","福建省","市辖区","1","rt_dim_area","117554","4/1/2018"
"117555",,"ACTIVE",,"county","350200000000","厦门市","350203000000","思明区","350000000000","福建省","思明区","1","rt_dim_area","117555","4/1/2018"
"117556",,"ACTIVE",,"county","350200000000","厦门市","350205000000","海沧区","350000000000","福建省","海沧区","1","rt_dim_area","117556","4/1/2018"
"117557",,"ACTIVE",,"county","350200000000","厦门市","350206000000","湖里区","350000000000","福建省","湖里区","1","rt_dim_area","117557","4/1/2018"
"117558",,"ACTIVE",,"county","350200000000","厦门市","350211000000","集美区","350000000000","福建省","集美区","1","rt_dim_area","117558","4/1/2018"
"117559",,"ACTIVE",,"county","350200000000","厦门市","350212000000","同安区","350000000000","福建省","同安区","1","rt_dim_area","117559","4/1/2018"
"117560",,"ACTIVE",,"county","350200000000","厦门市","350213000000","翔安区","350000000000","福建省","翔安区","1","rt_dim_area","117560","4/1/2018"
"117561",,"ACTIVE",,"city","350300000000","莆田市",,,"350000000000","福建省","莆田市","1","rt_dim_area","117561","4/1/2018"
"117562",,"DEL",,"county","350300000000","莆田市","350301000000","市辖区","350000000000","福建省","市辖区","1","rt_dim_area","117562","4/1/2018"
"117563",,"ACTIVE",,"county","350300000000","莆田市","350302000000","城厢区","350000000000","福建省","城厢区","1","rt_dim_area","117563","4/1/2018"
"117564",,"ACTIVE",,"county","350300000000","莆田市","350303000000","涵江区","350000000000","福建省","涵江区","1","rt_dim_area","117564","4/1/2018"
"117565",,"ACTIVE",,"county","350300000000","莆田市","350304000000","荔城区","350000000000","福建省","荔城区","1","rt_dim_area","117565","4/1/2018"
"117566",,"ACTIVE",,"county","350300000000","莆田市","350305000000","秀屿区","350000000000","福建省","秀屿区","1","rt_dim_area","117566","4/1/2018"
"117567",,"ACTIVE",,"county","350300000000","莆田市","350322000000","仙游县","350000000000","福建省","仙游县","1","rt_dim_area","117567","4/1/2018"
"117568",,"ACTIVE",,"city","350400000000","三明市",,,"350000000000","福建省","三明市","1","rt_dim_area","117568","4/1/2018"
"117569",,"DEL",,"county","350400000000","三明市","350401000000","市辖区","350000000000","福建省","市辖区","1","rt_dim_area","117569","4/1/2018"
"117570",,"ACTIVE",,"county","350400000000","三明市","350402000000","梅列区","350000000000","福建省","梅列区","1","rt_dim_area","117570","4/1/2018"
"117571",,"ACTIVE",,"county","350400000000","三明市","350403000000","三元区","350000000000","福建省","三元区","1","rt_dim_area","117571","4/1/2018"
"117572",,"ACTIVE",,"county","350400000000","三明市","350421000000","明溪县","350000000000","福建省","明溪县","1","rt_dim_area","117572","4/1/2018"
"117573",,"ACTIVE",,"county","350400000000","三明市","350423000000","清流县","350000000000","福建省","清流县","1","rt_dim_area","117573","4/1/2018"
"117574",,"ACTIVE",,"county","350400000000","三明市","350424000000","宁化县","350000000000","福建省","宁化县","1","rt_dim_area","117574","4/1/2018"
"117575",,"ACTIVE",,"county","350400000000","三明市","350425000000","大田县","350000000000","福建省","大田县","1","rt_dim_area","117575","4/1/2018"
"117576",,"ACTIVE",,"county","350400000000","三明市","350426000000","尤溪县","350000000000","福建省","尤溪县","1","rt_dim_area","117576","4/1/2018"
"117577",,"ACTIVE",,"county","350400000000","三明市","350427000000","沙县","350000000000","福建省","沙县","1","rt_dim_area","117577","4/1/2018"
"117578",,"ACTIVE",,"county","350400000000","三明市","350428000000","将乐县","350000000000","福建省","将乐县","1","rt_dim_area","117578","4/1/2018"
"117579",,"ACTIVE",,"county","350400000000","三明市","350429000000","泰宁县","350000000000","福建省","泰宁县","1","rt_dim_area","117579","4/1/2018"
"117580",,"ACTIVE",,"county","350400000000","三明市","350430000000","建宁县","350000000000","福建省","建宁县","1","rt_dim_area","117580","4/1/2018"
"117581",,"ACTIVE",,"county","350400000000","三明市","350481000000","永安市","350000000000","福建省","永安市","1","rt_dim_area","117581","4/1/2018"
"117582",,"ACTIVE",,"city","350500000000","泉州市",,,"350000000000","福建省","泉州市","1","rt_dim_area","117582","4/1/2018"
"117583",,"DEL",,"county","350500000000","泉州市","350501000000","市辖区","350000000000","福建省","市辖区","1","rt_dim_area","117583","4/1/2018"
"117584",,"ACTIVE",,"county","350500000000","泉州市","350502000000","鲤城区","350000000000","福建省","鲤城区","1","rt_dim_area","117584","4/1/2018"
"117585",,"ACTIVE",,"county","350500000000","泉州市","350503000000","丰泽区","350000000000","福建省","丰泽区","1","rt_dim_area","117585","4/1/2018"
"117586",,"ACTIVE",,"county","350500000000","泉州市","350504000000","洛江区","350000000000","福建省","洛江区","1","rt_dim_area","117586","4/1/2018"
"117587",,"ACTIVE",,"county","350500000000","泉州市","350505000000","泉港区","350000000000","福建省","泉港区","1","rt_dim_area","117587","4/1/2018"
"117588",,"ACTIVE",,"county","350500000000","泉州市","350521000000","惠安县","350000000000","福建省","惠安县","1","rt_dim_area","117588","4/1/2018"
"117589",,"ACTIVE",,"county","350500000000","泉州市","350524000000","安溪县","350000000000","福建省","安溪县","1","rt_dim_area","117589","4/1/2018"
"117590",,"ACTIVE",,"county","350500000000","泉州市","350525000000","永春县","350000000000","福建省","永春县","1","rt_dim_area","117590","4/1/2018"
"117591",,"ACTIVE",,"county","350500000000","泉州市","350526000000","德化县","350000000000","福建省","德化县","1","rt_dim_area","117591","4/1/2018"
"117592",,"ACTIVE",,"county","350500000000","泉州市","350527000000","金门县","350000000000","福建省","金门县","1","rt_dim_area","117592","4/1/2018"
"117593",,"ACTIVE",,"county","350500000000","泉州市","350540000000","泉州台商投资区","350000000000","福建省","泉州台商投资区","1","rt_dim_area","117593","4/1/2018"
"117594",,"ACTIVE",,"county","350500000000","泉州市","350581000000","石狮市","350000000000","福建省","石狮市","1","rt_dim_area","117594","4/1/2018"
"117595",,"ACTIVE",,"county","350500000000","泉州市","350582000000","晋江市","350000000000","福建省","晋江市","1","rt_dim_area","117595","4/1/2018"
"117596",,"ACTIVE",,"county","350500000000","泉州市","350583000000","南安市","350000000000","福建省","南安市","1","rt_dim_area","117596","4/1/2018"
"117597",,"ACTIVE",,"county","350500000000","泉州市","350598000000","福建省泉州市经济技术开发区","350000000000","福建省","福建省泉州市经济技术开发区","1","rt_dim_area","117597","4/1/2018"
"117598",,"ACTIVE",,"county","350500000000","泉州市","350599000000","泉州市市本级","350000000000","福建省","泉州市市本级","1","rt_dim_area","117598","4/1/2018"
"117599",,"ACTIVE",,"city","350600000000","漳州市",,,"350000000000","福建省","漳州市","1","rt_dim_area","117599","4/1/2018"
"117600",,"DEL",,"county","350600000000","漳州市","350601000000","市辖区","350000000000","福建省","市辖区","1","rt_dim_area","117600","4/1/2018"
"117601",,"ACTIVE",,"county","350600000000","漳州市","350602000000","芗城区","350000000000","福建省","芗城区","1","rt_dim_area","117601","4/1/2018"
"117602",,"ACTIVE",,"county","350600000000","漳州市","350603000000","龙文区","350000000000","福建省","龙文区","1","rt_dim_area","117602","4/1/2018"
"117603",,"ACTIVE",,"county","350600000000","漳州市","350622000000","云霄县","350000000000","福建省","云霄县","1","rt_dim_area","117603","4/1/2018"
"117604",,"ACTIVE",,"county","350600000000","漳州市","350623000000","漳浦县","350000000000","福建省","漳浦县","1","rt_dim_area","117604","4/1/2018"
"117605",,"ACTIVE",,"county","350600000000","漳州市","350624000000","诏安县","350000000000","福建省","诏安县","1","rt_dim_area","117605","4/1/2018"
"117606",,"ACTIVE",,"county","350600000000","漳州市","350625000000","长泰县","350000000000","福建省","长泰县","1","rt_dim_area","117606","4/1/2018"
"117607",,"ACTIVE",,"county","350600000000","漳州市","350626000000","东山县","350000000000","福建省","东山县","1","rt_dim_area","117607","4/1/2018"
"117608",,"ACTIVE",,"county","350600000000","漳州市","350627000000","南靖县","350000000000","福建省","南靖县","1","rt_dim_area","117608","4/1/2018"
"117609",,"ACTIVE",,"county","350600000000","漳州市","350628000000","平和县","350000000000","福建省","平和县","1","rt_dim_area","117609","4/1/2018"
"117610",,"ACTIVE",,"county","350600000000","漳州市","350629000000","华安县","350000000000","福建省","华安县","1","rt_dim_area","117610","4/1/2018"
"117611",,"ACTIVE",,"county","350600000000","漳州市","350681000000","龙海市","350000000000","福建省","龙海市","1","rt_dim_area","117611","4/1/2018"
"117612",,"ACTIVE",,"city","350700000000","南平市",,,"350000000000","福建省","南平市","1","rt_dim_area","117612","4/1/2018"
"117613",,"DEL",,"county","350700000000","南平市","350701000000","市辖区","350000000000","福建省","市辖区","1","rt_dim_area","117613","4/1/2018"
"117614",,"ACTIVE",,"county","350700000000","南平市","350702000000","延平区","350000000000","福建省","延平区","1","rt_dim_area","117614","4/1/2018"
"117615",,"ACTIVE",,"county","350700000000","南平市","350703000000","建阳区","350000000000","福建省","建阳区","1","rt_dim_area","117615","4/1/2018"
"117616",,"ACTIVE",,"county","350700000000","南平市","350721000000","顺昌县","350000000000","福建省","顺昌县","1","rt_dim_area","117616","4/1/2018"
"117617",,"ACTIVE",,"county","350700000000","南平市","350722000000","浦城县","350000000000","福建省","浦城县","1","rt_dim_area","117617","4/1/2018"
"117618",,"ACTIVE",,"county","350700000000","南平市","350723000000","光泽县","350000000000","福建省","光泽县","1","rt_dim_area","117618","4/1/2018"
"117619",,"ACTIVE",,"county","350700000000","南平市","350724000000","松溪县","350000000000","福建省","松溪县","1","rt_dim_area","117619","4/1/2018"
"117620",,"ACTIVE",,"county","350700000000","南平市","350725000000","政和县","350000000000","福建省","政和县","1","rt_dim_area","117620","4/1/2018"
"117621",,"ACTIVE",,"county","350700000000","南平市","350781000000","邵武市","350000000000","福建省","邵武市","1","rt_dim_area","117621","4/1/2018"
"117622",,"ACTIVE",,"county","350700000000","南平市","350782000000","武夷山市","350000000000","福建省","武夷山市","1","rt_dim_area","117622","4/1/2018"
"117623",,"ACTIVE",,"county","350700000000","南平市","350783000000","建瓯市","350000000000","福建省","建瓯市","1","rt_dim_area","117623","4/1/2018"
"117624",,"ACTIVE",,"city","350800000000","龙岩市",,,"350000000000","福建省","龙岩市","1","rt_dim_area","117624","4/1/2018"
"117625",,"DEL",,"county","350800000000","龙岩市","350801000000","市辖区","350000000000","福建省","市辖区","1","rt_dim_area","117625","4/1/2018"
"117626",,"ACTIVE",,"county","350800000000","龙岩市","350802000000","新罗区","350000000000","福建省","新罗区","1","rt_dim_area","117626","4/1/2018"
"117627",,"ACTIVE",,"county","350800000000","龙岩市","350803000000","永定区","350000000000","福建省","永定区","1","rt_dim_area","117627","4/1/2018"
"117628",,"ACTIVE",,"county","350800000000","龙岩市","350821000000","长汀县","350000000000","福建省","长汀县","1","rt_dim_area","117628","4/1/2018"
"117629",,"ACTIVE",,"county","350800000000","龙岩市","350823000000","上杭县","350000000000","福建省","上杭县","1","rt_dim_area","117629","4/1/2018"
"117630",,"ACTIVE",,"county","350800000000","龙岩市","350824000000","武平县","350000000000","福建省","武平县","1","rt_dim_area","117630","4/1/2018"
"117631",,"ACTIVE",,"county","350800000000","龙岩市","350825000000","连城县","350000000000","福建省","连城县","1","rt_dim_area","117631","4/1/2018"
"117632",,"ACTIVE",,"county","350800000000","龙岩市","350881000000","漳平市","350000000000","福建省","漳平市","1","rt_dim_area","117632","4/1/2018"
"117633",,"ACTIVE",,"city","350900000000","宁德市",,,"350000000000","福建省","宁德市","1","rt_dim_area","117633","4/1/2018"
"117634",,"DEL",,"county","350900000000","宁德市","350901000000","市辖区","350000000000","福建省","市辖区","1","rt_dim_area","117634","4/1/2018"
"117635",,"ACTIVE",,"county","350900000000","宁德市","350902000000","蕉城区","350000000000","福建省","蕉城区","1","rt_dim_area","117635","4/1/2018"
"117636",,"ACTIVE",,"county","350900000000","宁德市","350921000000","霞浦县","350000000000","福建省","霞浦县","1","rt_dim_area","117636","4/1/2018"
"117637",,"ACTIVE",,"county","350900000000","宁德市","350922000000","古田县","350000000000","福建省","古田县","1","rt_dim_area","117637","4/1/2018"
"117638",,"ACTIVE",,"county","350900000000","宁德市","350923000000","屏南县","350000000000","福建省","屏南县","1","rt_dim_area","117638","4/1/2018"
"117639",,"ACTIVE",,"county","350900000000","宁德市","350924000000","寿宁县","350000000000","福建省","寿宁县","1","rt_dim_area","117639","4/1/2018"
"117640",,"ACTIVE",,"county","350900000000","宁德市","350925000000","周宁县","350000000000","福建省","周宁县","1","rt_dim_area","117640","4/1/2018"
"117641",,"ACTIVE",,"county","350900000000","宁德市","350926000000","柘荣县","350000000000","福建省","柘荣县","1","rt_dim_area","117641","4/1/2018"
"117642",,"ACTIVE",,"county","350900000000","宁德市","350981000000","福安市","350000000000","福建省","福安市","1","rt_dim_area","117642","4/1/2018"
"117643",,"ACTIVE",,"county","350900000000","宁德市","350982000000","福鼎市","350000000000","福建省","福鼎市","1","rt_dim_area","117643","4/1/2018"
"117644",,"ACTIVE",,"county","350128000000","平潭综合实验区","358000000000","平潭县","350000000000","福建省","平潭县","1","rt_dim_area","117644","4/1/2018"
"117645",,"ACTIVE",,"province",,,,,"360000000000","江西省","江西省","1","rt_dim_area","117645","4/1/2018"
"117646",,"ACTIVE",,"city","360100000000","南昌市",,,"360000000000","江西省","南昌市","1","rt_dim_area","117646","4/1/2018"
"117647",,"DEL",,"county","360100000000","南昌市","360101000000","市辖区","360000000000","江西省","市辖区","1","rt_dim_area","117647","4/1/2018"
"117648",,"ACTIVE",,"county","360100000000","南昌市","360102000000","东湖区","360000000000","江西省","东湖区","1","rt_dim_area","117648","4/1/2018"
"117649",,"ACTIVE",,"county","360100000000","南昌市","360103000000","西湖区","360000000000","江西省","西湖区","1","rt_dim_area","117649","4/1/2018"
"117650",,"ACTIVE",,"county","360100000000","南昌市","360104000000","青云谱区","360000000000","江西省","青云谱区","1","rt_dim_area","117650","4/1/2018"
"117651",,"ACTIVE",,"county","360100000000","南昌市","360105000000","湾里区","360000000000","江西省","湾里区","1","rt_dim_area","117651","4/1/2018"
"117652",,"ACTIVE",,"county","360100000000","南昌市","360111000000","青山湖区","360000000000","江西省","青山湖区","1","rt_dim_area","117652","4/1/2018"
"117653",,"ACTIVE",,"county","360100000000","南昌市","360112000000","新建区","360000000000","江西省","新建区","1","rt_dim_area","117653","4/1/2018"
"117654",,"ACTIVE",,"county","360100000000","南昌市","360121000000","南昌县","360000000000","江西省","南昌县","1","rt_dim_area","117654","4/1/2018"
"117655",,"ACTIVE",,"county","360100000000","南昌市","360123000000","安义县","360000000000","江西省","安义县","1","rt_dim_area","117655","4/1/2018"
"117656",,"ACTIVE",,"county","360100000000","南昌市","360124000000","进贤县","360000000000","江西省","进贤县","1","rt_dim_area","117656","4/1/2018"
"117657",,"ACTIVE",,"city","360200000000","景德镇市",,,"360000000000","江西省","景德镇市","1","rt_dim_area","117657","4/1/2018"
"117658",,"DEL",,"county","360200000000","景德镇市","360201000000","市辖区","360000000000","江西省","市辖区","1","rt_dim_area","117658","4/1/2018"
"117659",,"ACTIVE",,"county","360200000000","景德镇市","360202000000","昌江区","360000000000","江西省","昌江区","1","rt_dim_area","117659","4/1/2018"
"117660",,"ACTIVE",,"county","360200000000","景德镇市","360203000000","珠山区","360000000000","江西省","珠山区","1","rt_dim_area","117660","4/1/2018"
"117661",,"ACTIVE",,"county","360200000000","景德镇市","360222000000","浮梁县","360000000000","江西省","浮梁县","1","rt_dim_area","117661","4/1/2018"
"117662",,"ACTIVE",,"county","360200000000","景德镇市","360281000000","乐平市","360000000000","江西省","乐平市","1","rt_dim_area","117662","4/1/2018"
"117663",,"ACTIVE",,"city","360300000000","萍乡市",,,"360000000000","江西省","萍乡市","1","rt_dim_area","117663","4/1/2018"
"117664",,"DEL",,"county","360300000000","萍乡市","360301000000","市辖区","360000000000","江西省","市辖区","1","rt_dim_area","117664","4/1/2018"
"117665",,"ACTIVE",,"county","360300000000","萍乡市","360302000000","安源区","360000000000","江西省","安源区","1","rt_dim_area","117665","4/1/2018"
"117666",,"ACTIVE",,"county","360300000000","萍乡市","360313000000","湘东区","360000000000","江西省","湘东区","1","rt_dim_area","117666","4/1/2018"
"117667",,"ACTIVE",,"county","360300000000","萍乡市","360321000000","莲花县","360000000000","江西省","莲花县","1","rt_dim_area","117667","4/1/2018"
"117668",,"ACTIVE",,"county","360300000000","萍乡市","360322000000","上栗县","360000000000","江西省","上栗县","1","rt_dim_area","117668","4/1/2018"
"117669",,"ACTIVE",,"county","360300000000","萍乡市","360323000000","芦溪县","360000000000","江西省","芦溪县","1","rt_dim_area","117669","4/1/2018"
"117670",,"ACTIVE",,"city","360400000000","九江市",,,"360000000000","江西省","九江市","1","rt_dim_area","117670","4/1/2018"
"117671",,"DEL",,"county","360400000000","九江市","360401000000","市辖区","360000000000","江西省","市辖区","1","rt_dim_area","117671","4/1/2018"
"117672",,"ACTIVE",,"county","360400000000","九江市","360402000000","庐山区","360000000000","江西省","庐山区","1","rt_dim_area","117672","4/1/2018"
"117673",,"ACTIVE",,"county","360400000000","九江市","360403000000","浔阳区","360000000000","江西省","浔阳区","1","rt_dim_area","117673","4/1/2018"
"117674",,"ACTIVE",,"county","360400000000","九江市","360421000000","九江县","360000000000","江西省","九江县","1","rt_dim_area","117674","4/1/2018"
"117675",,"ACTIVE",,"county","360400000000","九江市","360423000000","武宁县","360000000000","江西省","武宁县","1","rt_dim_area","117675","4/1/2018"
"117676",,"ACTIVE",,"county","360400000000","九江市","360424000000","修水县","360000000000","江西省","修水县","1","rt_dim_area","117676","4/1/2018"
"117677",,"ACTIVE",,"county","360400000000","九江市","360425000000","永修县","360000000000","江西省","永修县","1","rt_dim_area","117677","4/1/2018"
"117678",,"ACTIVE",,"county","360400000000","九江市","360426000000","德安县","360000000000","江西省","德安县","1","rt_dim_area","117678","4/1/2018"
"117679",,"ACTIVE",,"county","360400000000","九江市","360427000000","星子县","360000000000","江西省","星子县","1","rt_dim_area","117679","4/1/2018"
"117680",,"ACTIVE",,"county","360400000000","九江市","360428000000","都昌县","360000000000","江西省","都昌县","1","rt_dim_area","117680","4/1/2018"
"117681",,"ACTIVE",,"county","360400000000","九江市","360429000000","湖口县","360000000000","江西省","湖口县","1","rt_dim_area","117681","4/1/2018"
"117682",,"ACTIVE",,"county","360400000000","九江市","360430000000","彭泽县","360000000000","江西省","彭泽县","1","rt_dim_area","117682","4/1/2018"
"117683",,"ACTIVE",,"county","360400000000","九江市","360481000000","瑞昌市","360000000000","江西省","瑞昌市","1","rt_dim_area","117683","4/1/2018"
"117684",,"ACTIVE",,"city","360482000000","共青城市",,,"360000000000","江西省","共青城市","1","rt_dim_area","117684","4/1/2018"
"117685",,"ACTIVE",,"county","360482000000","共青城市","360482100000","共青城市","360000000000","江西省","共青城市","1","rt_dim_area","117685","4/1/2018"
"117686",,"ACTIVE",,"city","360500000000","新余市",,,"360000000000","江西省","新余市","1","rt_dim_area","117686","4/1/2018"
"117687",,"DEL",,"county","360500000000","新余市","360501000000","市辖区","360000000000","江西省","市辖区","1","rt_dim_area","117687","4/1/2018"
"117688",,"ACTIVE",,"county","360500000000","新余市","360502000000","渝水区","360000000000","江西省","渝水区","1","rt_dim_area","117688","4/1/2018"
"117689",,"ACTIVE",,"county","360500000000","新余市","360521000000","分宜县","360000000000","江西省","分宜县","1","rt_dim_area","117689","4/1/2018"
"117690",,"ACTIVE",,"city","360600000000","鹰潭市",,,"360000000000","江西省","鹰潭市","1","rt_dim_area","117690","4/1/2018"
"117691",,"DEL",,"county","360600000000","鹰潭市","360601000000","市辖区","360000000000","江西省","市辖区","1","rt_dim_area","117691","4/1/2018"
"117692",,"ACTIVE",,"county","360600000000","鹰潭市","360602000000","月湖区","360000000000","江西省","月湖区","1","rt_dim_area","117692","4/1/2018"
"117693",,"ACTIVE",,"county","360600000000","鹰潭市","360622000000","余江县","360000000000","江西省","余江县","1","rt_dim_area","117693","4/1/2018"
"117694",,"ACTIVE",,"county","360600000000","鹰潭市","360681000000","贵溪市","360000000000","江西省","贵溪市","1","rt_dim_area","117694","4/1/2018"
"117695",,"ACTIVE",,"city","360700000000","赣州市",,,"360000000000","江西省","赣州市","1","rt_dim_area","117695","4/1/2018"
"117696",,"DEL",,"county","360700000000","赣州市","360701000000","市辖区","360000000000","江西省","市辖区","1","rt_dim_area","117696","4/1/2018"
"117697",,"ACTIVE",,"county","360700000000","赣州市","360702000000","章贡区","360000000000","江西省","章贡区","1","rt_dim_area","117697","4/1/2018"
"117698",,"ACTIVE",,"county","360700000000","赣州市","360703000000","南康区","360000000000","江西省","南康区","1","rt_dim_area","117698","4/1/2018"
"117699",,"ACTIVE",,"county","360700000000","赣州市","360721000000","赣县","360000000000","江西省","赣县","1","rt_dim_area","117699","4/1/2018"
"117700",,"ACTIVE",,"county","360700000000","赣州市","360722000000","信丰县","360000000000","江西省","信丰县","1","rt_dim_area","117700","4/1/2018"
"117701",,"ACTIVE",,"county","360700000000","赣州市","360723000000","大余县","360000000000","江西省","大余县","1","rt_dim_area","117701","4/1/2018"
"117702",,"ACTIVE",,"county","360700000000","赣州市","360724000000","上犹县","360000000000","江西省","上犹县","1","rt_dim_area","117702","4/1/2018"
"117703",,"ACTIVE",,"county","360700000000","赣州市","360725000000","崇义县","360000000000","江西省","崇义县","1","rt_dim_area","117703","4/1/2018"
"117704",,"ACTIVE",,"county","360700000000","赣州市","360726000000","安远县","360000000000","江西省","安远县","1","rt_dim_area","117704","4/1/2018"
"117705",,"ACTIVE",,"county","360700000000","赣州市","360727000000","龙南县","360000000000","江西省","龙南县","1","rt_dim_area","117705","4/1/2018"
"117706",,"ACTIVE",,"county","360700000000","赣州市","360728000000","定南县","360000000000","江西省","定南县","1","rt_dim_area","117706","4/1/2018"
"117707",,"ACTIVE",,"county","360700000000","赣州市","360729000000","全南县","360000000000","江西省","全南县","1","rt_dim_area","117707","4/1/2018"
"117708",,"ACTIVE",,"county","360700000000","赣州市","360730000000","宁都县","360000000000","江西省","宁都县","1","rt_dim_area","117708","4/1/2018"
"117709",,"ACTIVE",,"county","360700000000","赣州市","360731000000","于都县","360000000000","江西省","于都县","1","rt_dim_area","117709","4/1/2018"
"117710",,"ACTIVE",,"county","360700000000","赣州市","360732000000","兴国县","360000000000","江西省","兴国县","1","rt_dim_area","117710","4/1/2018"
"117711",,"ACTIVE",,"county","360700000000","赣州市","360733000000","会昌县","360000000000","江西省","会昌县","1","rt_dim_area","117711","4/1/2018"
"117712",,"ACTIVE",,"county","360700000000","赣州市","360734000000","寻乌县","360000000000","江西省","寻乌县","1","rt_dim_area","117712","4/1/2018"
"117713",,"ACTIVE",,"county","360700000000","赣州市","360735000000","石城县","360000000000","江西省","石城县","1","rt_dim_area","117713","4/1/2018"
"117714",,"ACTIVE",,"city","360781000000","瑞金市",,,"360000000000","江西省","瑞金市","1","rt_dim_area","117714","4/1/2018"
"117715",,"ACTIVE",,"county","360781000000","瑞金市","360781100000","瑞金市","360000000000","江西省","瑞金市","1","rt_dim_area","117715","4/1/2018"
"117716",,"ACTIVE",,"city","360800000000","吉安市",,,"360000000000","江西省","吉安市","1","rt_dim_area","117716","4/1/2018"
"117717",,"DEL",,"county","360800000000","吉安市","360801000000","市辖区","360000000000","江西省","市辖区","1","rt_dim_area","117717","4/1/2018"
"117718",,"ACTIVE",,"county","360800000000","吉安市","360802000000","吉州区","360000000000","江西省","吉州区","1","rt_dim_area","117718","4/1/2018"
"117719",,"ACTIVE",,"county","360800000000","吉安市","360803000000","青原区","360000000000","江西省","青原区","1","rt_dim_area","117719","4/1/2018"
"117720",,"ACTIVE",,"county","360800000000","吉安市","360821000000","吉安县","360000000000","江西省","吉安县","1","rt_dim_area","117720","4/1/2018"
"117721",,"ACTIVE",,"county","360800000000","吉安市","360822000000","吉水县","360000000000","江西省","吉水县","1","rt_dim_area","117721","4/1/2018"
"117722",,"ACTIVE",,"county","360800000000","吉安市","360823000000","峡江县","360000000000","江西省","峡江县","1","rt_dim_area","117722","4/1/2018"
"117723",,"ACTIVE",,"county","360800000000","吉安市","360824000000","新干县","360000000000","江西省","新干县","1","rt_dim_area","117723","4/1/2018"
"117724",,"ACTIVE",,"county","360800000000","吉安市","360825000000","永丰县","360000000000","江西省","永丰县","1","rt_dim_area","117724","4/1/2018"
"117725",,"ACTIVE",,"county","360800000000","吉安市","360826000000","泰和县","360000000000","江西省","泰和县","1","rt_dim_area","117725","4/1/2018"
"117726",,"ACTIVE",,"county","360800000000","吉安市","360827000000","遂川县","360000000000","江西省","遂川县","1","rt_dim_area","117726","4/1/2018"
"117727",,"ACTIVE",,"county","360800000000","吉安市","360828000000","万安县","360000000000","江西省","万安县","1","rt_dim_area","117727","4/1/2018"
"117728",,"ACTIVE",,"city","360829000000","安福县",,,"360000000000","江西省","安福县","1","rt_dim_area","117728","4/1/2018"
"117729",,"ACTIVE",,"county","360829000000","安福县","360829100000","安福县","360000000000","江西省","安福县","1","rt_dim_area","117729","4/1/2018"
"117730",,"ACTIVE",,"county","360800000000","吉安市","360830000000","永新县","360000000000","江西省","永新县","1","rt_dim_area","117730","4/1/2018"
"117731",,"ACTIVE",,"county","360800000000","吉安市","360881000000","井冈山市","360000000000","江西省","井冈山市","1","rt_dim_area","117731","4/1/2018"
"117732",,"ACTIVE",,"city","360900000000","宜春市",,,"360000000000","江西省","宜春市","1","rt_dim_area","117732","4/1/2018"
"117733",,"DEL",,"county","360900000000","宜春市","360901000000","市辖区","360000000000","江西省","市辖区","1","rt_dim_area","117733","4/1/2018"
"117734",,"ACTIVE",,"county","360900000000","宜春市","360902000000","袁州区","360000000000","江西省","袁州区","1","rt_dim_area","117734","4/1/2018"
"117735",,"ACTIVE",,"county","360900000000","宜春市","360921000000","奉新县","360000000000","江西省","奉新县","1","rt_dim_area","117735","4/1/2018"
"117736",,"ACTIVE",,"county","360900000000","宜春市","360922000000","万载县","360000000000","江西省","万载县","1","rt_dim_area","117736","4/1/2018"
"117737",,"ACTIVE",,"county","360900000000","宜春市","360923000000","上高县","360000000000","江西省","上高县","1","rt_dim_area","117737","4/1/2018"
"117738",,"ACTIVE",,"county","360900000000","宜春市","360924000000","宜丰县","360000000000","江西省","宜丰县","1","rt_dim_area","117738","4/1/2018"
"117739",,"ACTIVE",,"county","360900000000","宜春市","360925000000","靖安县","360000000000","江西省","靖安县","1","rt_dim_area","117739","4/1/2018"
"117740",,"ACTIVE",,"county","360900000000","宜春市","360926000000","铜鼓县","360000000000","江西省","铜鼓县","1","rt_dim_area","117740","4/1/2018"
"117741",,"ACTIVE",,"city","360981000000","丰城市",,,"360000000000","江西省","丰城市","1","rt_dim_area","117741","4/1/2018"
"117742",,"ACTIVE",,"county","360981000000","丰城市","360981100000","丰城市","360000000000","江西省","丰城市","1","rt_dim_area","117742","4/1/2018"
"117743",,"ACTIVE",,"county","360900000000","宜春市","360982000000","樟树市","360000000000","江西省","樟树市","1","rt_dim_area","117743","4/1/2018"
"117744",,"ACTIVE",,"county","360900000000","宜春市","360983000000","高安市","360000000000","江西省","高安市","1","rt_dim_area","117744","4/1/2018"
"117745",,"ACTIVE",,"city","361000000000","抚州市",,,"360000000000","江西省","抚州市","1","rt_dim_area","117745","4/1/2018"
"117746",,"DEL",,"county","361000000000","抚州市","361001000000","市辖区","360000000000","江西省","市辖区","1","rt_dim_area","117746","4/1/2018"
"117747",,"ACTIVE",,"county","361000000000","抚州市","361002000000","临川区","360000000000","江西省","临川区","1","rt_dim_area","117747","4/1/2018"
"117748",,"ACTIVE",,"city","361021000000","南城县",,,"360000000000","江西省","南城县","1","rt_dim_area","117748","4/1/2018"
"117749",,"ACTIVE",,"county","361021000000","南城县","361021100000","南城县","360000000000","江西省","南城县","1","rt_dim_area","117749","4/1/2018"
"117750",,"ACTIVE",,"county","361000000000","抚州市","361022000000","黎川县","360000000000","江西省","黎川县","1","rt_dim_area","117750","4/1/2018"
"117751",,"ACTIVE",,"county","361000000000","抚州市","361023000000","南丰县","360000000000","江西省","南丰县","1","rt_dim_area","117751","4/1/2018"
"117752",,"ACTIVE",,"county","361000000000","抚州市","361024000000","崇仁县","360000000000","江西省","崇仁县","1","rt_dim_area","117752","4/1/2018"
"117753",,"ACTIVE",,"county","361000000000","抚州市","361025000000","乐安县","360000000000","江西省","乐安县","1","rt_dim_area","117753","4/1/2018"
"117754",,"ACTIVE",,"county","361000000000","抚州市","361026000000","宜黄县","360000000000","江西省","宜黄县","1","rt_dim_area","117754","4/1/2018"
"117755",,"ACTIVE",,"county","361000000000","抚州市","361027000000","金溪县","360000000000","江西省","金溪县","1","rt_dim_area","117755","4/1/2018"
"117756",,"ACTIVE",,"county","361000000000","抚州市","361028000000","资溪县","360000000000","江西省","资溪县","1","rt_dim_area","117756","4/1/2018"
"117757",,"ACTIVE",,"county","361000000000","抚州市","361029000000","东乡县","360000000000","江西省","东乡县","1","rt_dim_area","117757","4/1/2018"
"117758",,"ACTIVE",,"county","361000000000","抚州市","361030000000","广昌县","360000000000","江西省","广昌县","1","rt_dim_area","117758","4/1/2018"
"117759",,"ACTIVE",,"city","361100000000","上饶市",,,"360000000000","江西省","上饶市","1","rt_dim_area","117759","4/1/2018"
"117760",,"DEL",,"county","361100000000","上饶市","361101000000","市辖区","360000000000","江西省","市辖区","1","rt_dim_area","117760","4/1/2018"
"117761",,"ACTIVE",,"county","361100000000","上饶市","361102000000","信州区","360000000000","江西省","信州区","1","rt_dim_area","117761","4/1/2018"
"117762",,"ACTIVE",,"county","361100000000","上饶市","361103000000","广丰区","360000000000","江西省","广丰区","1","rt_dim_area","117762","4/1/2018"
"117763",,"ACTIVE",,"county","361100000000","上饶市","361121000000","上饶县","360000000000","江西省","上饶县","1","rt_dim_area","117763","4/1/2018"
"117764",,"ACTIVE",,"county","361100000000","上饶市","361123000000","玉山县","360000000000","江西省","玉山县","1","rt_dim_area","117764","4/1/2018"
"117765",,"ACTIVE",,"county","361100000000","上饶市","361124000000","铅山县","360000000000","江西省","铅山县","1","rt_dim_area","117765","4/1/2018"
"117766",,"ACTIVE",,"county","361100000000","上饶市","361125000000","横峰县","360000000000","江西省","横峰县","1","rt_dim_area","117766","4/1/2018"
"117767",,"ACTIVE",,"county","361100000000","上饶市","361126000000","弋阳县","360000000000","江西省","弋阳县","1","rt_dim_area","117767","4/1/2018"
"117768",,"ACTIVE",,"county","361100000000","上饶市","361127000000","余干县","360000000000","江西省","余干县","1","rt_dim_area","117768","4/1/2018"
"117769",,"ACTIVE",,"city","361128000000","鄱阳县",,,"360000000000","江西省","鄱阳县","1","rt_dim_area","117769","4/1/2018"
"117770",,"ACTIVE",,"county","361128000000","鄱阳县","361128100000","鄱阳县","360000000000","江西省","鄱阳县","1","rt_dim_area","117770","4/1/2018"
"117771",,"ACTIVE",,"county","361100000000","上饶市","361129000000","万年县","360000000000","江西省","万年县","1","rt_dim_area","117771","4/1/2018"
"117772",,"ACTIVE",,"county","361100000000","上饶市","361130000000","婺源县","360000000000","江西省","婺源县","1","rt_dim_area","117772","4/1/2018"
"117773",,"ACTIVE",,"county","361100000000","上饶市","361181000000","德兴市","360000000000","江西省","德兴市","1","rt_dim_area","117773","4/1/2018"
"117774",,"ACTIVE",,"province",,,,,"370000000000","山东省","山东省","1","rt_dim_area","117774","4/1/2018"
"117775",,"ACTIVE",,"city","370100000000","济南市",,,"370000000000","山东省","济南市","1","rt_dim_area","117775","4/1/2018"
"117776",,"DEL",,"county","370100000000","济南市","370101000000","市辖区","370000000000","山东省","市辖区","1","rt_dim_area","117776","4/1/2018"
"117777",,"ACTIVE",,"county","370100000000","济南市","370102000000","历下区","370000000000","山东省","历下区","1","rt_dim_area","117777","4/1/2018"
"117778",,"ACTIVE",,"county","370100000000","济南市","370103000000","市中区","370000000000","山东省","市中区","1","rt_dim_area","117778","4/1/2018"
"117779",,"ACTIVE",,"county","370100000000","济南市","370104000000","槐荫区","370000000000","山东省","槐荫区","1","rt_dim_area","117779","4/1/2018"
"117780",,"ACTIVE",,"county","370100000000","济南市","370105000000","天桥区","370000000000","山东省","天桥区","1","rt_dim_area","117780","4/1/2018"
"117781",,"ACTIVE",,"county","370100000000","济南市","370112000000","历城区","370000000000","山东省","历城区","1","rt_dim_area","117781","4/1/2018"
"117782",,"ACTIVE",,"county","370100000000","济南市","370113000000","长清区","370000000000","山东省","长清区","1","rt_dim_area","117782","4/1/2018"
"117783",,"ACTIVE",,"county","370100000000","济南市","370124000000","平阴县","370000000000","山东省","平阴县","1","rt_dim_area","117783","4/1/2018"
"117784",,"ACTIVE",,"county","370100000000","济南市","370125000000","济阳县","370000000000","山东省","济阳县","1","rt_dim_area","117784","4/1/2018"
"117785",,"ACTIVE",,"county","370100000000","济南市","370126000000","商河县","370000000000","山东省","商河县","1","rt_dim_area","117785","4/1/2018"
"117786",,"ACTIVE",,"county","370100000000","济南市","370161000000","济南市高新技术产业开发区","370000000000","山东省","济南市高新技术产业开发区","1","rt_dim_area","117786","4/1/2018"
"117787",,"ACTIVE",,"county","370100000000","济南市","370162000000","济南市南部山区","370000000000","山东省","济南市南部山区","1","rt_dim_area","117787","4/1/2018"
"117788",,"ACTIVE",,"county","370100000000","济南市","370181000000","章丘市","370000000000","山东省","章丘市","1","rt_dim_area","117788","4/1/2018"
"117789",,"ACTIVE",,"city","370200000000","青岛市",,,"370000000000","山东省","青岛市","1","rt_dim_area","117789","4/1/2018"
"117790",,"ACTIVE",,"county","370200000000","青岛市","370200100000","高新区","370000000000","山东省","高新区","1","rt_dim_area","117790","4/1/2018"
"117791",,"DEL",,"county","370200000000","青岛市","370201000000","市辖区","370000000000","山东省","市辖区","1","rt_dim_area","117791","4/1/2018"
"117792",,"ACTIVE",,"county","370200000000","青岛市","370202000000","市南区","370000000000","山东省","市南区","1","rt_dim_area","117792","4/1/2018"
"117793",,"ACTIVE",,"county","370200000000","青岛市","370203000000","市北区","370000000000","山东省","市北区","1","rt_dim_area","117793","4/1/2018"
"117794",,"ACTIVE",,"county","370200000000","青岛市","370211000000","黄岛区","370000000000","山东省","黄岛区","1","rt_dim_area","117794","4/1/2018"
"117795",,"ACTIVE",,"county","370200000000","青岛市","370212000000","崂山区","370000000000","山东省","崂山区","1","rt_dim_area","117795","4/1/2018"
"117796",,"ACTIVE",,"county","370200000000","青岛市","370213000000","李沧区","370000000000","山东省","李沧区","1","rt_dim_area","117796","4/1/2018"
"117797",,"ACTIVE",,"county","370200000000","青岛市","370214000000","城阳区","370000000000","山东省","城阳区","1","rt_dim_area","117797","4/1/2018"
"117798",,"ACTIVE",,"county","370200000000","青岛市","370281000000","胶州市","370000000000","山东省","胶州市","1","rt_dim_area","117798","4/1/2018"
"117799",,"ACTIVE",,"county","370200000000","青岛市","370282000000","即墨市","370000000000","山东省","即墨市","1","rt_dim_area","117799","4/1/2018"
"117800",,"ACTIVE",,"county","370200000000","青岛市","370283000000","平度市","370000000000","山东省","平度市","1","rt_dim_area","117800","4/1/2018"
"117801",,"ACTIVE",,"county","370200000000","青岛市","370285000000","莱西市","370000000000","山东省","莱西市","1","rt_dim_area","117801","4/1/2018"
"117802",,"ACTIVE",,"city","370300000000","淄博市",,,"370000000000","山东省","淄博市","1","rt_dim_area","117802","4/1/2018"
"117803",,"ACTIVE",,"county","370300000000","淄博市","370300010000","高新区","370000000000","山东省","高新区","1","rt_dim_area","117803","4/1/2018"
"117804",,"ACTIVE",,"county","370300000000","淄博市","370300020000","文昌湖区","370000000000","山东省","文昌湖区","1","rt_dim_area","117804","4/1/2018"
"117805",,"DEL",,"county","370300000000","淄博市","370301000000","市辖区","370000000000","山东省","市辖区","1","rt_dim_area","117805","4/1/2018"
"117806",,"ACTIVE",,"county","370300000000","淄博市","370302000000","淄川区","370000000000","山东省","淄川区","1","rt_dim_area","117806","4/1/2018"
"117807",,"ACTIVE",,"county","370300000000","淄博市","370303000000","张店区","370000000000","山东省","张店区","1","rt_dim_area","117807","4/1/2018"
"117808",,"ACTIVE",,"county","370300000000","淄博市","370304000000","博山区","370000000000","山东省","博山区","1","rt_dim_area","117808","4/1/2018"
"117809",,"ACTIVE",,"county","370300000000","淄博市","370305000000","临淄区","370000000000","山东省","临淄区","1","rt_dim_area","117809","4/1/2018"
"117810",,"ACTIVE",,"county","370300000000","淄博市","370306000000","周村区","370000000000","山东省","周村区","1","rt_dim_area","117810","4/1/2018"
"117811",,"ACTIVE",,"county","370300000000","淄博市","370321000000","桓台县","370000000000","山东省","桓台县","1","rt_dim_area","117811","4/1/2018"
"117812",,"ACTIVE",,"county","370300000000","淄博市","370322000000","高青县","370000000000","山东省","高青县","1","rt_dim_area","117812","4/1/2018"
"117813",,"ACTIVE",,"county","370300000000","淄博市","370323000000","沂源县","370000000000","山东省","沂源县","1","rt_dim_area","117813","4/1/2018"
"117814",,"ACTIVE",,"city","370400000000","枣庄市",,,"370000000000","山东省","枣庄市","1","rt_dim_area","117814","4/1/2018"
"117815",,"DEL",,"county","370400000000","枣庄市","370401000000","市辖区","370000000000","山东省","市辖区","1","rt_dim_area","117815","4/1/2018"
"117816",,"ACTIVE",,"county","370400000000","枣庄市","370402000000","市中区","370000000000","山东省","市中区","1","rt_dim_area","117816","4/1/2018"
"117817",,"ACTIVE",,"county","370400000000","枣庄市","370403000000","薛城区","370000000000","山东省","薛城区","1","rt_dim_area","117817","4/1/2018"
"117818",,"ACTIVE",,"county","370400000000","枣庄市","370404000000","峄城区","370000000000","山东省","峄城区","1","rt_dim_area","117818","4/1/2018"
"117819",,"ACTIVE",,"county","370400000000","枣庄市","370405000000","台儿庄区","370000000000","山东省","台儿庄区","1","rt_dim_area","117819","4/1/2018"
"117820",,"ACTIVE",,"county","370400000000","枣庄市","370406000000","山亭区","370000000000","山东省","山亭区","1","rt_dim_area","117820","4/1/2018"
"117821",,"ACTIVE",,"county","370400000000","枣庄市","370481000000","滕州市","370000000000","山东省","滕州市","1","rt_dim_area","117821","4/1/2018"
"117822",,"ACTIVE",,"city","370500000000","东营市",,,"370000000000","山东省","东营市","1","rt_dim_area","117822","4/1/2018"
"117823",,"ACTIVE",,"county","370500000000","东营市","370500010000","东营经济技术开发区","370000000000","山东省","东营经济技术开发区","1","rt_dim_area","117823","4/1/2018"
"117824",,"ACTIVE",,"county","370500000000","东营市","370500020000","东营港经济开发区","370000000000","山东省","东营港经济开发区","1","rt_dim_area","117824","4/1/2018"
"117825",,"ACTIVE",,"county","370500000000","东营市","370500030000","黄河三角洲农业高新技术产业示范区","370000000000","山东省","黄河三角洲农业高新技术产业示范区","1","rt_dim_area","117825","4/1/2018"
"117826",,"DEL",,"county","370500000000","东营市","370501000000","市辖区","370000000000","山东省","市辖区","1","rt_dim_area","117826","4/1/2018"
"117827",,"ACTIVE",,"county","370500000000","东营市","370502000000","东营区","370000000000","山东省","东营区","1","rt_dim_area","117827","4/1/2018"
"117828",,"ACTIVE",,"county","370500000000","东营市","370503000000","河口区","370000000000","山东省","河口区","1","rt_dim_area","117828","4/1/2018"
"117829",,"ACTIVE",,"county","370500000000","东营市","370521000000","垦利县","370000000000","山东省","垦利县","1","rt_dim_area","117829","4/1/2018"
"117830",,"ACTIVE",,"county","370500000000","东营市","370522000000","利津县","370000000000","山东省","利津县","1","rt_dim_area","117830","4/1/2018"
"117831",,"ACTIVE",,"county","370500000000","东营市","370523000000","广饶县","370000000000","山东省","广饶县","1","rt_dim_area","117831","4/1/2018"
"117832",,"ACTIVE",,"city","370600000000","烟台市",,,"370000000000","山东省","烟台市","1","rt_dim_area","117832","4/1/2018"
"117833",,"ACTIVE",,"county","370600000000","烟台市","370600010000","高新区","370000000000","山东省","高新区","1","rt_dim_area","117833","4/1/2018"
"117834",,"DEL",,"county","370600000000","烟台市","370601000000","市辖区","370000000000","山东省","市辖区","1","rt_dim_area","117834","4/1/2018"
"117835",,"ACTIVE",,"county","370600000000","烟台市","370602000000","芝罘区","370000000000","山东省","芝罘区","1","rt_dim_area","117835","4/1/2018"
"117836",,"ACTIVE",,"county","370600000000","烟台市","370611000000","福山区","370000000000","山东省","福山区","1","rt_dim_area","117836","4/1/2018"
"117837",,"ACTIVE",,"county","370600000000","烟台市","370612000000","牟平区","370000000000","山东省","牟平区","1","rt_dim_area","117837","4/1/2018"
"117838",,"ACTIVE",,"county","370600000000","烟台市","370613000000","莱山区","370000000000","山东省","莱山区","1","rt_dim_area","117838","4/1/2018"
"117839",,"ACTIVE",,"county","370600000000","烟台市","370634000000","长岛县","370000000000","山东省","长岛县","1","rt_dim_area","117839","4/1/2018"
"117840",,"ACTIVE",,"county","370600000000","烟台市","370681000000","龙口市","370000000000","山东省","龙口市","1","rt_dim_area","117840","4/1/2018"
"117841",,"ACTIVE",,"county","370600000000","烟台市","370682000000","莱阳市","370000000000","山东省","莱阳市","1","rt_dim_area","117841","4/1/2018"
"117842",,"ACTIVE",,"county","370600000000","烟台市","370683000000","莱州市","370000000000","山东省","莱州市","1","rt_dim_area","117842","4/1/2018"
"117843",,"ACTIVE",,"county","370600000000","烟台市","370684000000","蓬莱市","370000000000","山东省","蓬莱市","1","rt_dim_area","117843","4/1/2018"
"117844",,"ACTIVE",,"county","370600000000","烟台市","370685000000","招远市","370000000000","山东省","招远市","1","rt_dim_area","117844","4/1/2018"
"117845",,"ACTIVE",,"county","370600000000","烟台市","370686000000","栖霞市","370000000000","山东省","栖霞市","1","rt_dim_area","117845","4/1/2018"
"117846",,"ACTIVE",,"county","370600000000","烟台市","370687000000","海阳市","370000000000","山东省","海阳市","1","rt_dim_area","117846","4/1/2018"
"117847",,"ACTIVE",,"city","370700000000","潍坊市",,,"370000000000","山东省","潍坊市","1","rt_dim_area","117847","4/1/2018"
"117848",,"ACTIVE",,"county","370700000000","潍坊市","370700010000","滨海区","370000000000","山东省","滨海区","1","rt_dim_area","117848","4/1/2018"
"117849",,"ACTIVE",,"county","370700000000","潍坊市","370700020000","高新区","370000000000","山东省","高新区","1","rt_dim_area","117849","4/1/2018"
"117850",,"ACTIVE",,"county","370700000000","潍坊市","370700030000","峡山区","370000000000","山东省","峡山区","1","rt_dim_area","117850","4/1/2018"
"117851",,"ACTIVE",,"county","370700000000","潍坊市","370700040000","经济区","370000000000","山东省","经济区","1","rt_dim_area","117851","4/1/2018"
"117852",,"DEL",,"county","370700000000","潍坊市","370701000000","市辖区","370000000000","山东省","市辖区","1","rt_dim_area","117852","4/1/2018"
"117853",,"ACTIVE",,"county","370700000000","潍坊市","370702000000","潍城区","370000000000","山东省","潍城区","1","rt_dim_area","117853","4/1/2018"
"117854",,"ACTIVE",,"county","370700000000","潍坊市","370703000000","寒亭区","370000000000","山东省","寒亭区","1","rt_dim_area","117854","4/1/2018"
"117855",,"ACTIVE",,"county","370700000000","潍坊市","370704000000","坊子区","370000000000","山东省","坊子区","1","rt_dim_area","117855","4/1/2018"
"117856",,"ACTIVE",,"county","370700000000","潍坊市","370705000000","奎文区","370000000000","山东省","奎文区","1","rt_dim_area","117856","4/1/2018"
"117857",,"ACTIVE",,"county","370700000000","潍坊市","370724000000","临朐县","370000000000","山东省","临朐县","1","rt_dim_area","117857","4/1/2018"
"117858",,"ACTIVE",,"county","370700000000","潍坊市","370725000000","昌乐县","370000000000","山东省","昌乐县","1","rt_dim_area","117858","4/1/2018"
"117859",,"ACTIVE",,"county","370700000000","潍坊市","370781000000","青州市","370000000000","山东省","青州市","1","rt_dim_area","117859","4/1/2018"
"117860",,"ACTIVE",,"county","370700000000","潍坊市","370782000000","诸城市","370000000000","山东省","诸城市","1","rt_dim_area","117860","4/1/2018"
"117861",,"ACTIVE",,"county","370700000000","潍坊市","370783000000","寿光市","370000000000","山东省","寿光市","1","rt_dim_area","117861","4/1/2018"
"117862",,"ACTIVE",,"county","370700000000","潍坊市","370784000000","安丘市","370000000000","山东省","安丘市","1","rt_dim_area","117862","4/1/2018"
"117863",,"ACTIVE",,"county","370700000000","潍坊市","370785000000","高密市","370000000000","山东省","高密市","1","rt_dim_area","117863","4/1/2018"
"117864",,"ACTIVE",,"county","370700000000","潍坊市","370786000000","昌邑市","370000000000","山东省","昌邑市","1","rt_dim_area","117864","4/1/2018"
"117865",,"ACTIVE",,"city","370800000000","济宁市",,,"370000000000","山东省","济宁市","1","rt_dim_area","117865","4/1/2018"
"117866",,"DEL",,"county","370800000000","济宁市","370801000000","市辖区","370000000000","山东省","市辖区","1","rt_dim_area","117866","4/1/2018"
"117867",,"ACTIVE",,"county","370800000000","济宁市","370811000000","任城区","370000000000","山东省","任城区","1","rt_dim_area","117867","4/1/2018"
"117868",,"ACTIVE",,"county","370800000000","济宁市","370812000000","兖州区","370000000000","山东省","兖州区","1","rt_dim_area","117868","4/1/2018"
"117869",,"ACTIVE",,"county","370800000000","济宁市","370826000000","微山县","370000000000","山东省","微山县","1","rt_dim_area","117869","4/1/2018"
"117870",,"ACTIVE",,"county","370800000000","济宁市","370827000000","鱼台县","370000000000","山东省","鱼台县","1","rt_dim_area","117870","4/1/2018"
"117871",,"ACTIVE",,"county","370800000000","济宁市","370828000000","金乡县","370000000000","山东省","金乡县","1","rt_dim_area","117871","4/1/2018"
"117872",,"ACTIVE",,"county","370800000000","济宁市","370829000000","嘉祥县","370000000000","山东省","嘉祥县","1","rt_dim_area","117872","4/1/2018"
"117873",,"ACTIVE",,"county","370800000000","济宁市","370830000000","汶上县","370000000000","山东省","汶上县","1","rt_dim_area","117873","4/1/2018"
"117874",,"ACTIVE",,"county","370800000000","济宁市","370831000000","泗水县","370000000000","山东省","泗水县","1","rt_dim_area","117874","4/1/2018"
"117875",,"ACTIVE",,"county","370800000000","济宁市","370832000000","梁山县","370000000000","山东省","梁山县","1","rt_dim_area","117875","4/1/2018"
"117876",,"ACTIVE",,"county","370800000000","济宁市","370861000000","济宁高新技术产业开发区","370000000000","山东省","济宁高新技术产业开发区","1","rt_dim_area","117876","4/1/2018"
"117877",,"ACTIVE",,"county","370800000000","济宁市","370862000000","北湖新区","370000000000","山东省","北湖新区","1","rt_dim_area","117877","4/1/2018"
"117878",,"ACTIVE",,"county","370800000000","济宁市","370863000000","济宁经济技术开发区","370000000000","山东省","济宁经济技术开发区","1","rt_dim_area","117878","4/1/2018"
"117879",,"ACTIVE",,"county","370800000000","济宁市","370881000000","曲阜市","370000000000","山东省","曲阜市","1","rt_dim_area","117879","4/1/2018"
"117880",,"ACTIVE",,"county","370800000000","济宁市","370883000000","邹城市","370000000000","山东省","邹城市","1","rt_dim_area","117880","4/1/2018"
"117881",,"ACTIVE",,"city","370900000000","泰安市",,,"370000000000","山东省","泰安市","1","rt_dim_area","117881","4/1/2018"
"117882",,"DEL",,"county","370900000000","泰安市","370901000000","市辖区","370000000000","山东省","市辖区","1","rt_dim_area","117882","4/1/2018"
"117883",,"ACTIVE",,"county","370900000000","泰安市","370902000000","泰山区","370000000000","山东省","泰山区","1","rt_dim_area","117883","4/1/2018"
"117884",,"ACTIVE",,"county","370900000000","泰安市","370911000000","岱岳区","370000000000","山东省","岱岳区","1","rt_dim_area","117884","4/1/2018"
"117885",,"ACTIVE",,"county","370900000000","泰安市","370921000000","宁阳县","370000000000","山东省","宁阳县","1","rt_dim_area","117885","4/1/2018"
"117886",,"ACTIVE",,"county","370900000000","泰安市","370923000000","东平县","370000000000","山东省","东平县","1","rt_dim_area","117886","4/1/2018"
"117887",,"ACTIVE",,"county","370900000000","泰安市","370982000000","新泰市","370000000000","山东省","新泰市","1","rt_dim_area","117887","4/1/2018"
"117888",,"ACTIVE",,"county","370900000000","泰安市","370983000000","肥城市","370000000000","山东省","肥城市","1","rt_dim_area","117888","4/1/2018"
"117889",,"ACTIVE",,"city","371000000000","威海市",,,"370000000000","山东省","威海市","1","rt_dim_area","117889","4/1/2018"
"117890",,"ACTIVE",,"county","371000000000","威海市","371000010000","高新技术产业开发区","370000000000","山东省","高新技术产业开发区","1","rt_dim_area","117890","4/1/2018"
"117891",,"ACTIVE",,"county","371000000000","威海市","371000020000","经济技术开发区","370000000000","山东省","经济技术开发区","1","rt_dim_area","117891","4/1/2018"
"117892",,"ACTIVE",,"county","371000000000","威海市","371000030000","临港经济技术开区","370000000000","山东省","临港经济技术开区","1","rt_dim_area","117892","4/1/2018"
"117893",,"DEL",,"county","371000000000","威海市","371001000000","市辖区","370000000000","山东省","市辖区","1","rt_dim_area","117893","4/1/2018"
"117894",,"ACTIVE",,"county","371000000000","威海市","371002000000","环翠区","370000000000","山东省","环翠区","1","rt_dim_area","117894","4/1/2018"
"117895",,"ACTIVE",,"county","371000000000","威海市","371003000000","文登区","370000000000","山东省","文登区","1","rt_dim_area","117895","4/1/2018"
"117896",,"ACTIVE",,"county","371000000000","威海市","371082000000","荣成市","370000000000","山东省","荣成市","1","rt_dim_area","117896","4/1/2018"
"117897",,"ACTIVE",,"county","371000000000","威海市","371083000000","乳山市","370000000000","山东省","乳山市","1","rt_dim_area","117897","4/1/2018"
"117898",,"ACTIVE",,"city","371100000000","日照市",,,"370000000000","山东省","日照市","1","rt_dim_area","117898","4/1/2018"
"117899",,"ACTIVE",,"county","371100000000","日照市","371100010000","开发区","370000000000","山东省","开发区","1","rt_dim_area","117899","4/1/2018"
"117900",,"ACTIVE",,"county","371100000000","日照市","371100020000","山海天旅游度假区","370000000000","山东省","山海天旅游度假区","1","rt_dim_area","117900","4/1/2018"
"117901",,"DEL",,"county","371100000000","日照市","371101000000","市辖区","370000000000","山东省","市辖区","1","rt_dim_area","117901","4/1/2018"
"117902",,"ACTIVE",,"county","371100000000","日照市","371102000000","东港区","370000000000","山东省","东港区","1","rt_dim_area","117902","4/1/2018"
"117903",,"ACTIVE",,"county","371100000000","日照市","371103000000","岚山区","370000000000","山东省","岚山区","1","rt_dim_area","117903","4/1/2018"
"117904",,"ACTIVE",,"county","371100000000","日照市","371121000000","五莲县","370000000000","山东省","五莲县","1","rt_dim_area","117904","4/1/2018"
"117905",,"ACTIVE",,"county","371100000000","日照市","371122000000","莒县","370000000000","山东省","莒县","1","rt_dim_area","117905","4/1/2018"
"117906",,"ACTIVE",,"city","371200000000","莱芜市",,,"370000000000","山东省","莱芜市","1","rt_dim_area","117906","4/1/2018"
"117907",,"ACTIVE",,"county","371200000000","莱芜市","371200010000","高新区","370000000000","山东省","高新区","1","rt_dim_area","117907","4/1/2018"
"117908",,"ACTIVE",,"county","371200000000","莱芜市","371200020000","雪野旅游区","370000000000","山东省","雪野旅游区","1","rt_dim_area","117908","4/1/2018"
"117909",,"ACTIVE",,"county","371200000000","莱芜市","371200030000","经济开发区","370000000000","山东省","经济开发区","1","rt_dim_area","117909","4/1/2018"
"117910",,"ACTIVE",,"county","371200000000","莱芜市","371200040000","农高区","370000000000","山东省","农高区","1","rt_dim_area","117910","4/1/2018"
"117911",,"DEL",,"county","371200000000","莱芜市","371201000000","市辖区","370000000000","山东省","市辖区","1","rt_dim_area","117911","4/1/2018"
"117912",,"ACTIVE",,"county","371200000000","莱芜市","371202000000","莱城区","370000000000","山东省","莱城区","1","rt_dim_area","117912","4/1/2018"
"117913",,"ACTIVE",,"county","371200000000","莱芜市","371203000000","钢城区","370000000000","山东省","钢城区","1","rt_dim_area","117913","4/1/2018"
"117914",,"ACTIVE",,"city","371300000000","临沂市",,,"370000000000","山东省","临沂市","1","rt_dim_area","117914","4/1/2018"
"117915",,"ACTIVE",,"county","371300000000","临沂市","371300010000","经济区","370000000000","山东省","经济区","1","rt_dim_area","117915","4/1/2018"
"117916",,"ACTIVE",,"county","371300000000","临沂市","371300020000","高新区","370000000000","山东省","高新区","1","rt_dim_area","117916","4/1/2018"
"117917",,"ACTIVE",,"county","371300000000","临沂市","371300030000","临港区","370000000000","山东省","临港区","1","rt_dim_area","117917","4/1/2018"
"117918",,"DEL",,"county","371300000000","临沂市","371301000000","市辖区","370000000000","山东省","市辖区","1","rt_dim_area","117918","4/1/2018"
"117919",,"ACTIVE",,"county","371300000000","临沂市","371302000000","兰山区","370000000000","山东省","兰山区","1","rt_dim_area","117919","4/1/2018"
"117920",,"ACTIVE",,"county","371300000000","临沂市","371311000000","罗庄区","370000000000","山东省","罗庄区","1","rt_dim_area","117920","4/1/2018"
"117921",,"ACTIVE",,"county","371300000000","临沂市","371312000000","河东区","370000000000","山东省","河东区","1","rt_dim_area","117921","4/1/2018"
"117922",,"ACTIVE",,"county","371300000000","临沂市","371321000000","沂南县","370000000000","山东省","沂南县","1","rt_dim_area","117922","4/1/2018"
"117923",,"ACTIVE",,"county","371300000000","临沂市","371322000000","郯城县","370000000000","山东省","郯城县","1","rt_dim_area","117923","4/1/2018"
"117924",,"ACTIVE",,"county","371300000000","临沂市","371323000000","沂水县","370000000000","山东省","沂水县","1","rt_dim_area","117924","4/1/2018"
"117925",,"ACTIVE",,"county","371300000000","临沂市","371324000000","兰陵县","370000000000","山东省","兰陵县","1","rt_dim_area","117925","4/1/2018"
"117926",,"ACTIVE",,"county","371300000000","临沂市","371325000000","费县","370000000000","山东省","费县","1","rt_dim_area","117926","4/1/2018"
"117927",,"ACTIVE",,"county","371300000000","临沂市","371326000000","平邑县","370000000000","山东省","平邑县","1","rt_dim_area","117927","4/1/2018"
"117928",,"ACTIVE",,"county","371300000000","临沂市","371327000000","莒南县","370000000000","山东省","莒南县","1","rt_dim_area","117928","4/1/2018"
"117929",,"ACTIVE",,"county","371300000000","临沂市","371328000000","蒙阴县","370000000000","山东省","蒙阴县","1","rt_dim_area","117929","4/1/2018"
"117930",,"ACTIVE",,"county","371300000000","临沂市","371329000000","临沭县","370000000000","山东省","临沭县","1","rt_dim_area","117930","4/1/2018"
"117931",,"ACTIVE",,"city","371400000000","德州市",,,"370000000000","山东省","德州市","1","rt_dim_area","117931","4/1/2018"
"117932",,"DEL",,"county","371400000000","德州市","371401000000","市辖区","370000000000","山东省","市辖区","1","rt_dim_area","117932","4/1/2018"
"117933",,"ACTIVE",,"county","371400000000","德州市","371402000000","德城区","370000000000","山东省","德城区","1","rt_dim_area","117933","4/1/2018"
"117934",,"ACTIVE",,"county","371400000000","德州市","371403000000","陵城区","370000000000","山东省","陵城区","1","rt_dim_area","117934","4/1/2018"
"117935",,"ACTIVE",,"county","371400000000","德州市","371422000000","宁津县","370000000000","山东省","宁津县","1","rt_dim_area","117935","4/1/2018"
"117936",,"ACTIVE",,"county","371400000000","德州市","371423000000","庆云县","370000000000","山东省","庆云县","1","rt_dim_area","117936","4/1/2018"
"117937",,"ACTIVE",,"county","371400000000","德州市","371424000000","临邑县","370000000000","山东省","临邑县","1","rt_dim_area","117937","4/1/2018"
"117938",,"ACTIVE",,"county","371400000000","德州市","371425000000","齐河县","370000000000","山东省","齐河县","1","rt_dim_area","117938","4/1/2018"
"117939",,"ACTIVE",,"county","371400000000","德州市","371426000000","平原县","370000000000","山东省","平原县","1","rt_dim_area","117939","4/1/2018"
"117940",,"ACTIVE",,"county","371400000000","德州市","371427000000","夏津县","370000000000","山东省","夏津县","1","rt_dim_area","117940","4/1/2018"
"117941",,"ACTIVE",,"county","371400000000","德州市","371428000000","武城县","370000000000","山东省","武城县","1","rt_dim_area","117941","4/1/2018"
"117942",,"ACTIVE",,"county","371400000000","德州市","371481000000","乐陵市","370000000000","山东省","乐陵市","1","rt_dim_area","117942","4/1/2018"
"117943",,"ACTIVE",,"county","371400000000","德州市","371482000000","禹城市","370000000000","山东省","禹城市","1","rt_dim_area","117943","4/1/2018"
"117944",,"ACTIVE",,"city","371500000000","聊城市",,,"370000000000","山东省","聊城市","1","rt_dim_area","117944","4/1/2018"
"117945",,"ACTIVE",,"county","371500000000","聊城市","371500010000","经开区","370000000000","山东省","经开区","1","rt_dim_area","117945","4/1/2018"
"117946",,"ACTIVE",,"county","371500000000","聊城市","371500020000","高新区","370000000000","山东省","高新区","1","rt_dim_area","117946","4/1/2018"
"117947",,"DEL",,"county","371500000000","聊城市","371501000000","市辖区","370000000000","山东省","市辖区","1","rt_dim_area","117947","4/1/2018"
"117948",,"ACTIVE",,"county","371500000000","聊城市","371502000000","东昌府区","370000000000","山东省","东昌府区","1","rt_dim_area","117948","4/1/2018"
"117949",,"ACTIVE",,"county","371500000000","聊城市","371521000000","阳谷县","370000000000","山东省","阳谷县","1","rt_dim_area","117949","4/1/2018"
"117950",,"ACTIVE",,"county","371500000000","聊城市","371522000000","莘县","370000000000","山东省","莘县","1","rt_dim_area","117950","4/1/2018"
"117951",,"ACTIVE",,"county","371500000000","聊城市","371523000000","茌平县","370000000000","山东省","茌平县","1","rt_dim_area","117951","4/1/2018"
"117952",,"ACTIVE",,"county","371500000000","聊城市","371524000000","东阿县","370000000000","山东省","东阿县","1","rt_dim_area","117952","4/1/2018"
"117953",,"ACTIVE",,"county","371500000000","聊城市","371525000000","冠县","370000000000","山东省","冠县","1","rt_dim_area","117953","4/1/2018"
"117954",,"ACTIVE",,"county","371500000000","聊城市","371526000000","高唐县","370000000000","山东省","高唐县","1","rt_dim_area","117954","4/1/2018"
"117955",,"ACTIVE",,"county","371500000000","聊城市","371581000000","临清市","370000000000","山东省","临清市","1","rt_dim_area","117955","4/1/2018"
"117956",,"ACTIVE",,"city","371600000000","滨州市",,,"370000000000","山东省","滨州市","1","rt_dim_area","117956","4/1/2018"
"117957",,"DEL",,"county","371600000000","滨州市","371601000000","市辖区","370000000000","山东省","市辖区","1","rt_dim_area","117957","4/1/2018"
"117958",,"ACTIVE",,"county","371600000000","滨州市","371602000000","滨城区","370000000000","山东省","滨城区","1","rt_dim_area","117958","4/1/2018"
"117959",,"ACTIVE",,"county","371600000000","滨州市","371603000000","沾化区","370000000000","山东省","沾化区","1","rt_dim_area","117959","4/1/2018"
"117960",,"ACTIVE",,"county","371600000000","滨州市","371621000000","惠民县","370000000000","山东省","惠民县","1","rt_dim_area","117960","4/1/2018"
"117961",,"ACTIVE",,"county","371600000000","滨州市","371622000000","阳信县","370000000000","山东省","阳信县","1","rt_dim_area","117961","4/1/2018"
"117962",,"ACTIVE",,"county","371600000000","滨州市","371623000000","无棣县","370000000000","山东省","无棣县","1","rt_dim_area","117962","4/1/2018"
"117963",,"ACTIVE",,"county","371600000000","滨州市","371625000000","博兴县","370000000000","山东省","博兴县","1","rt_dim_area","117963","4/1/2018"
"117964",,"ACTIVE",,"county","371600000000","滨州市","371626000000","邹平县","370000000000","山东省","邹平县","1","rt_dim_area","117964","4/1/2018"
"117965",,"ACTIVE",,"city","371700000000","菏泽市",,,"370000000000","山东省","菏泽市","1","rt_dim_area","117965","4/1/2018"
"117966",,"ACTIVE",,"county","371700000000","菏泽市","371700010000","开发区","370000000000","山东省","开发区","1","rt_dim_area","117966","4/1/2018"
"117967",,"ACTIVE",,"county","371700000000","菏泽市","371700020000","高新区","370000000000","山东省","高新区","1","rt_dim_area","117967","4/1/2018"
"117968",,"DEL",,"county","371700000000","菏泽市","371701000000","市辖区","370000000000","山东省","市辖区","1","rt_dim_area","117968","4/1/2018"
"117969",,"ACTIVE",,"county","371700000000","菏泽市","371702000000","牡丹区","370000000000","山东省","牡丹区","1","rt_dim_area","117969","4/1/2018"
"117970",,"ACTIVE",,"county","371700000000","菏泽市","371721000000","曹县","370000000000","山东省","曹县","1","rt_dim_area","117970","4/1/2018"
"117971",,"ACTIVE",,"county","371700000000","菏泽市","371722000000","单县","370000000000","山东省","单县","1","rt_dim_area","117971","4/1/2018"
"117972",,"ACTIVE",,"county","371700000000","菏泽市","371723000000","成武县","370000000000","山东省","成武县","1","rt_dim_area","117972","4/1/2018"
"117973",,"ACTIVE",,"county","371700000000","菏泽市","371724000000","巨野县","370000000000","山东省","巨野县","1","rt_dim_area","117973","4/1/2018"
"117974",,"ACTIVE",,"county","371700000000","菏泽市","371725000000","郓城县","370000000000","山东省","郓城县","1","rt_dim_area","117974","4/1/2018"
"117975",,"ACTIVE",,"county","371700000000","菏泽市","371726000000","鄄城县","370000000000","山东省","鄄城县","1","rt_dim_area","117975","4/1/2018"
"117976",,"ACTIVE",,"county","371700000000","菏泽市","371727000000","定陶县","370000000000","山东省","定陶县","1","rt_dim_area","117976","4/1/2018"
"117977",,"ACTIVE",,"county","371700000000","菏泽市","371728000000","东明县","370000000000","山东省","东明县","1","rt_dim_area","117977","4/1/2018"
"117978",,"ACTIVE",,"province",,,,,"410000000000","河南省","河南省","1","rt_dim_area","117978","4/1/2018"
"117979",,"ACTIVE",,"city","410100000000","郑州市",,,"410000000000","河南省","郑州市","1","rt_dim_area","117979","4/1/2018"
"117980",,"ACTIVE",,"county","410100000000","郑州市","410100010000","高新区","410000000000","河南省","高新区","1","rt_dim_area","117980","4/1/2018"
"117981",,"ACTIVE",,"county","410100000000","郑州市","410100020000","经开区","410000000000","河南省","经开区","1","rt_dim_area","117981","4/1/2018"
"117982",,"ACTIVE",,"county","410100000000","郑州市","410100030000","郑东新区","410000000000","河南省","郑东新区","1","rt_dim_area","117982","4/1/2018"
"117983",,"DEL",,"county","410100000000","郑州市","410101000000","市辖区","410000000000","河南省","市辖区","1","rt_dim_area","117983","4/1/2018"
"117984",,"ACTIVE",,"county","410100000000","郑州市","410102000000","中原区","410000000000","河南省","中原区","1","rt_dim_area","117984","4/1/2018"
"117985",,"ACTIVE",,"county","410100000000","郑州市","410103000000","二七区","410000000000","河南省","二七区","1","rt_dim_area","117985","4/1/2018"
"117986",,"ACTIVE",,"county","410100000000","郑州市","410104000000","管城回族区","410000000000","河南省","管城回族区","1","rt_dim_area","117986","4/1/2018"
"117987",,"ACTIVE",,"county","410100000000","郑州市","410105000000","金水区","410000000000","河南省","金水区","1","rt_dim_area","117987","4/1/2018"
"117988",,"ACTIVE",,"county","410100000000","郑州市","410106000000","上街区","410000000000","河南省","上街区","1","rt_dim_area","117988","4/1/2018"
"117989",,"ACTIVE",,"county","410100000000","郑州市","410108000000","惠济区","410000000000","河南省","惠济区","1","rt_dim_area","117989","4/1/2018"
"117990",,"ACTIVE",,"county","410100000000","郑州市","410122000000","中牟县","410000000000","河南省","中牟县","1","rt_dim_area","117990","4/1/2018"
"117991",,"ACTIVE",,"city","410181000000","巩义市",,,"410000000000","河南省","巩义市","1","rt_dim_area","117991","4/1/2018"
"117992",,"ACTIVE",,"county","410181000000","巩义市","410181100000","巩义市","410000000000","河南省","巩义市","1","rt_dim_area","117992","4/1/2018"
"117993",,"ACTIVE",,"county","410100000000","郑州市","410182000000","荥阳市","410000000000","河南省","荥阳市","1","rt_dim_area","117993","4/1/2018"
"117994",,"ACTIVE",,"county","410100000000","郑州市","410183000000","新密市","410000000000","河南省","新密市","1","rt_dim_area","117994","4/1/2018"
"117995",,"ACTIVE",,"county","410100000000","郑州市","410184000000","新郑市","410000000000","河南省","新郑市","1","rt_dim_area","117995","4/1/2018"
"117996",,"ACTIVE",,"county","410100000000","郑州市","410185000000","登封市","410000000000","河南省","登封市","1","rt_dim_area","117996","4/1/2018"
"117997",,"ACTIVE",,"city","410200000000","开封市",,,"410000000000","河南省","开封市","1","rt_dim_area","117997","4/1/2018"
"117998",,"DEL",,"county","410200000000","开封市","410201000000","市辖区","410000000000","河南省","市辖区","1","rt_dim_area","117998","4/1/2018"
"117999",,"ACTIVE",,"county","410200000000","开封市","410202000000","龙亭区","410000000000","河南省","龙亭区","1","rt_dim_area","117999","4/1/2018"
"118000",,"ACTIVE",,"county","410200000000","开封市","410203000000","顺河回族区","410000000000","河南省","顺河回族区","1","rt_dim_area","118000","4/1/2018"
"118001",,"ACTIVE",,"county","410200000000","开封市","410204000000","鼓楼区","410000000000","河南省","鼓楼区","1","rt_dim_area","118001","4/1/2018"
"118002",,"ACTIVE",,"county","410200000000","开封市","410205000000","禹王台区","410000000000","河南省","禹王台区","1","rt_dim_area","118002","4/1/2018"
"118003",,"ACTIVE",,"county","410200000000","开封市","410211000000","金明区","410000000000","河南省","金明区","1","rt_dim_area","118003","4/1/2018"
"118004",,"ACTIVE",,"county","410200000000","开封市","410212000000","祥符区","410000000000","河南省","祥符区","1","rt_dim_area","118004","4/1/2018"
"118005",,"ACTIVE",,"county","410200000000","开封市","410221000000","杞县","410000000000","河南省","杞县","1","rt_dim_area","118005","4/1/2018"
"118006",,"ACTIVE",,"county","410200000000","开封市","410222000000","通许县","410000000000","河南省","通许县","1","rt_dim_area","118006","4/1/2018"
"118007",,"ACTIVE",,"county","410200000000","开封市","410223000000","尉氏县","410000000000","河南省","尉氏县","1","rt_dim_area","118007","4/1/2018"
"118008",,"ACTIVE",,"city","410225000000","兰考县",,,"410000000000","河南省","兰考县","1","rt_dim_area","118008","4/1/2018"
"118009",,"ACTIVE",,"county","410225000000","兰考县","410225010000","兰考县","410000000000","河南省","兰考县","1","rt_dim_area","118009","4/1/2018"
"118010",,"ACTIVE",,"city","410300000000","洛阳市",,,"410000000000","河南省","洛阳市","1","rt_dim_area","118010","4/1/2018"
"118011",,"ACTIVE",,"county","410300000000","洛阳市","410300010000","城乡一体化示范区","410000000000","河南省","城乡一体化示范区","1","rt_dim_area","118011","4/1/2018"
"118012",,"ACTIVE",,"county","410300000000","洛阳市","410300020000","伊滨区管委会","410000000000","河南省","伊滨区管委会","1","rt_dim_area","118012","4/1/2018"
"118013",,"DEL",,"county","410300000000","洛阳市","410301000000","市辖区","410000000000","河南省","市辖区","1","rt_dim_area","118013","4/1/2018"
"118014",,"ACTIVE",,"county","410300000000","洛阳市","410302000000","老城区","410000000000","河南省","老城区","1","rt_dim_area","118014","4/1/2018"
"118015",,"ACTIVE",,"county","410300000000","洛阳市","410303000000","西工区","410000000000","河南省","西工区","1","rt_dim_area","118015","4/1/2018"
"118016",,"ACTIVE",,"county","410300000000","洛阳市","410304000000","瀍河回族区","410000000000","河南省","瀍河回族区","1","rt_dim_area","118016","4/1/2018"
"118017",,"ACTIVE",,"county","410300000000","洛阳市","410305000000","涧西区","410000000000","河南省","涧西区","1","rt_dim_area","118017","4/1/2018"
"118018",,"ACTIVE",,"county","410300000000","洛阳市","410306000000","吉利区","410000000000","河南省","吉利区","1","rt_dim_area","118018","4/1/2018"
"118019",,"ACTIVE",,"county","410300000000","洛阳市","410307000000","洛龙区","410000000000","河南省","洛龙区","1","rt_dim_area","118019","4/1/2018"
"118020",,"ACTIVE",,"county","410300000000","洛阳市","410322000000","孟津县","410000000000","河南省","孟津县","1","rt_dim_area","118020","4/1/2018"
"118021",,"ACTIVE",,"county","410300000000","洛阳市","410323000000","新安县","410000000000","河南省","新安县","1","rt_dim_area","118021","4/1/2018"
"118022",,"ACTIVE",,"county","410300000000","洛阳市","410324000000","栾川县","410000000000","河南省","栾川县","1","rt_dim_area","118022","4/1/2018"
"118023",,"ACTIVE",,"county","410300000000","洛阳市","410325000000","嵩县","410000000000","河南省","嵩县","1","rt_dim_area","118023","4/1/2018"
"118024",,"ACTIVE",,"county","410300000000","洛阳市","410326000000","汝阳县","410000000000","河南省","汝阳县","1","rt_dim_area","118024","4/1/2018"
"118025",,"ACTIVE",,"county","410300000000","洛阳市","410327000000","宜阳县","410000000000","河南省","宜阳县","1","rt_dim_area","118025","4/1/2018"
"118026",,"ACTIVE",,"county","410300000000","洛阳市","410328000000","洛宁县","410000000000","河南省","洛宁县","1","rt_dim_area","118026","4/1/2018"
"118027",,"ACTIVE",,"county","410300000000","洛阳市","410329000000","伊川县","410000000000","河南省","伊川县","1","rt_dim_area","118027","4/1/2018"
"118028",,"ACTIVE",,"county","410300000000","洛阳市","410381000000","偃师市","410000000000","河南省","偃师市","1","rt_dim_area","118028","4/1/2018"
"118029",,"ACTIVE",,"city","410400000000","平顶山市",,,"410000000000","河南省","平顶山市","1","rt_dim_area","118029","4/1/2018"
"118030",,"DEL",,"county","410400000000","平顶山市","410401000000","市辖区","410000000000","河南省","市辖区","1","rt_dim_area","118030","4/1/2018"
"118031",,"ACTIVE",,"county","410400000000","平顶山市","410402000000","新华区","410000000000","河南省","新华区","1","rt_dim_area","118031","4/1/2018"
"118032",,"ACTIVE",,"county","410400000000","平顶山市","410403000000","卫东区","410000000000","河南省","卫东区","1","rt_dim_area","118032","4/1/2018"
"118033",,"ACTIVE",,"county","410400000000","平顶山市","410404000000","石龙区","410000000000","河南省","石龙区","1","rt_dim_area","118033","4/1/2018"
"118034",,"ACTIVE",,"county","410400000000","平顶山市","410411000000","湛河区","410000000000","河南省","湛河区","1","rt_dim_area","118034","4/1/2018"
"118035",,"ACTIVE",,"county","410400000000","平顶山市","410421000000","宝丰县","410000000000","河南省","宝丰县","1","rt_dim_area","118035","4/1/2018"
"118036",,"ACTIVE",,"county","410400000000","平顶山市","410422000000","叶  县","410000000000","河南省","叶  县","1","rt_dim_area","118036","4/1/2018"
"118037",,"ACTIVE",,"county","410400000000","平顶山市","410423000000","鲁山县","410000000000","河南省","鲁山县","1","rt_dim_area","118037","4/1/2018"
"118038",,"ACTIVE",,"county","410400000000","平顶山市","410425000000","郏  县","410000000000","河南省","郏  县","1","rt_dim_area","118038","4/1/2018"
"118039",,"ACTIVE",,"county","410400000000","平顶山市","410481000000","舞钢市","410000000000","河南省","舞钢市","1","rt_dim_area","118039","4/1/2018"
"118040",,"ACTIVE",,"city","410482000000","汝州市",,,"410000000000","河南省","汝州市","1","rt_dim_area","118040","4/1/2018"
"118041",,"ACTIVE",,"county","410482000000","汝州市","410482010000","汝州市","410000000000","河南省","汝州市","1","rt_dim_area","118041","4/1/2018"
"118042",,"ACTIVE",,"city","410500000000","安阳市",,,"410000000000","河南省","安阳市","1","rt_dim_area","118042","4/1/2018"
"118043",,"ACTIVE",,"county","410500000000","安阳市","410500010000","示范区","410000000000","河南省","示范区","1","rt_dim_area","118043","4/1/2018"
"118044",,"ACTIVE",,"county","410500000000","安阳市","410500020000","高新区","410000000000","河南省","高新区","1","rt_dim_area","118044","4/1/2018"
"118045",,"DEL",,"county","410500000000","安阳市","410501000000","市辖区","410000000000","河南省","市辖区","1","rt_dim_area","118045","4/1/2018"
"118046",,"ACTIVE",,"county","410500000000","安阳市","410502000000","文峰区","410000000000","河南省","文峰区","1","rt_dim_area","118046","4/1/2018"
"118047",,"ACTIVE",,"county","410500000000","安阳市","410503000000","北关区","410000000000","河南省","北关区","1","rt_dim_area","118047","4/1/2018"
"118048",,"ACTIVE",,"county","410500000000","安阳市","410505000000","殷都区","410000000000","河南省","殷都区","1","rt_dim_area","118048","4/1/2018"
"118049",,"ACTIVE",,"county","410500000000","安阳市","410506000000","龙安区","410000000000","河南省","龙安区","1","rt_dim_area","118049","4/1/2018"
"118050",,"ACTIVE",,"county","410500000000","安阳市","410522000000","安阳县","410000000000","河南省","安阳县","1","rt_dim_area","118050","4/1/2018"
"118051",,"ACTIVE",,"county","410500000000","安阳市","410523000000","汤阴县","410000000000","河南省","汤阴县","1","rt_dim_area","118051","4/1/2018"
"118052",,"ACTIVE",,"city","410526000000","滑县",,,"410000000000","河南省","滑县","1","rt_dim_area","118052","4/1/2018"
"118053",,"ACTIVE",,"county","410526000000","滑县","410526010000","滑县","410000000000","河南省","滑县","1","rt_dim_area","118053","4/1/2018"
"118054",,"ACTIVE",,"county","410500000000","安阳市","410527000000","内黄县","410000000000","河南省","内黄县","1","rt_dim_area","118054","4/1/2018"
"118055",,"ACTIVE",,"county","410500000000","安阳市","410581000000","林州市","410000000000","河南省","林州市","1","rt_dim_area","118055","4/1/2018"
"118056",,"ACTIVE",,"city","410600000000","鹤壁市",,,"410000000000","河南省","鹤壁市","1","rt_dim_area","118056","4/1/2018"
"118057",,"DEL",,"county","410600000000","鹤壁市","410601000000","市辖区","410000000000","河南省","市辖区","1","rt_dim_area","118057","4/1/2018"
"118058",,"ACTIVE",,"county","410600000000","鹤壁市","410602000000","鹤山区","410000000000","河南省","鹤山区","1","rt_dim_area","118058","4/1/2018"
"118059",,"ACTIVE",,"county","410600000000","鹤壁市","410603000000","山城区","410000000000","河南省","山城区","1","rt_dim_area","118059","4/1/2018"
"118060",,"ACTIVE",,"county","410600000000","鹤壁市","410611000000","淇滨区","410000000000","河南省","淇滨区","1","rt_dim_area","118060","4/1/2018"
"118061",,"ACTIVE",,"county","410600000000","鹤壁市","410621000000","浚县","410000000000","河南省","浚县","1","rt_dim_area","118061","4/1/2018"
"118062",,"ACTIVE",,"county","410600000000","鹤壁市","410622000000","淇县","410000000000","河南省","淇县","1","rt_dim_area","118062","4/1/2018"
"118063",,"ACTIVE",,"city","410700000000","新乡市",,,"410000000000","河南省","新乡市","1","rt_dim_area","118063","4/1/2018"
"118064",,"ACTIVE",,"county","410700000000","新乡市","410700010000","高新技术产业开发区","410000000000","河南省","高新技术产业开发区","1","rt_dim_area","118064","4/1/2018"
"118065",,"ACTIVE",,"county","410700000000","新乡市","410700020000","经济技术开发区","410000000000","河南省","经济技术开发区","1","rt_dim_area","118065","4/1/2018"
"118066",,"ACTIVE",,"county","410700000000","新乡市","410700030000","平原示范区","410000000000","河南省","平原示范区","1","rt_dim_area","118066","4/1/2018"
"118067",,"DEL",,"county","410700000000","新乡市","410701000000","市辖区","410000000000","河南省","市辖区","1","rt_dim_area","118067","4/1/2018"
"118068",,"ACTIVE",,"county","410700000000","新乡市","410702000000","红旗区","410000000000","河南省","红旗区","1","rt_dim_area","118068","4/1/2018"
"118069",,"ACTIVE",,"county","410700000000","新乡市","410703000000","卫滨区","410000000000","河南省","卫滨区","1","rt_dim_area","118069","4/1/2018"
"118070",,"ACTIVE",,"county","410700000000","新乡市","410704000000","凤泉区","410000000000","河南省","凤泉区","1","rt_dim_area","118070","4/1/2018"
"118071",,"ACTIVE",,"county","410700000000","新乡市","410711000000","牧野区","410000000000","河南省","牧野区","1","rt_dim_area","118071","4/1/2018"
"118072",,"ACTIVE",,"county","410700000000","新乡市","410721000000","新乡县","410000000000","河南省","新乡县","1","rt_dim_area","118072","4/1/2018"
"118073",,"ACTIVE",,"county","410700000000","新乡市","410724000000","获嘉县","410000000000","河南省","获嘉县","1","rt_dim_area","118073","4/1/2018"
"118074",,"ACTIVE",,"county","410700000000","新乡市","410725000000","原阳县","410000000000","河南省","原阳县","1","rt_dim_area","118074","4/1/2018"
"118075",,"ACTIVE",,"county","410700000000","新乡市","410726000000","延津县","410000000000","河南省","延津县","1","rt_dim_area","118075","4/1/2018"
"118076",,"ACTIVE",,"county","410700000000","新乡市","410727000000","封丘县","410000000000","河南省","封丘县","1","rt_dim_area","118076","4/1/2018"
"118077",,"ACTIVE",,"city","410728000000","长垣县",,,"410000000000","河南省","长垣县","1","rt_dim_area","118077","4/1/2018"
"118078",,"ACTIVE",,"county","410728000000","长垣县","410728010000","长垣县","410000000000","河南省","长垣县","1","rt_dim_area","118078","4/1/2018"
"118079",,"ACTIVE",,"county","410700000000","新乡市","410781000000","卫辉市","410000000000","河南省","卫辉市","1","rt_dim_area","118079","4/1/2018"
"118080",,"ACTIVE",,"county","410700000000","新乡市","410782000000","辉县市","410000000000","河南省","辉县市","1","rt_dim_area","118080","4/1/2018"
"118081",,"ACTIVE",,"city","410800000000","焦作市",,,"410000000000","河南省","焦作市","1","rt_dim_area","118081","4/1/2018"
"118082",,"DEL",,"county","410800000000","焦作市","410801000000","市辖区","410000000000","河南省","市辖区","1","rt_dim_area","118082","4/1/2018"
"118083",,"ACTIVE",,"county","410800000000","焦作市","410802000000","解放区","410000000000","河南省","解放区","1","rt_dim_area","118083","4/1/2018"
"118084",,"ACTIVE",,"county","410800000000","焦作市","410803000000","中站区","410000000000","河南省","中站区","1","rt_dim_area","118084","4/1/2018"
"118085",,"ACTIVE",,"county","410800000000","焦作市","410804000000","马村区","410000000000","河南省","马村区","1","rt_dim_area","118085","4/1/2018"
"118086",,"ACTIVE",,"county","410800000000","焦作市","410811000000","山阳区","410000000000","河南省","山阳区","1","rt_dim_area","118086","4/1/2018"
"118087",,"ACTIVE",,"county","410800000000","焦作市","410821000000","修武县","410000000000","河南省","修武县","1","rt_dim_area","118087","4/1/2018"
"118088",,"ACTIVE",,"county","410800000000","焦作市","410822000000","博爱县","410000000000","河南省","博爱县","1","rt_dim_area","118088","4/1/2018"
"118089",,"ACTIVE",,"county","410800000000","焦作市","410823000000","武陟县","410000000000","河南省","武陟县","1","rt_dim_area","118089","4/1/2018"
"118090",,"ACTIVE",,"county","410800000000","焦作市","410825000000","温县","410000000000","河南省","温县","1","rt_dim_area","118090","4/1/2018"
"118091",,"ACTIVE",,"county","410800000000","焦作市","410882000000","沁阳市","410000000000","河南省","沁阳市","1","rt_dim_area","118091","4/1/2018"
"118092",,"ACTIVE",,"county","410800000000","焦作市","410883000000","孟州市","410000000000","河南省","孟州市","1","rt_dim_area","118092","4/1/2018"
"118093",,"ACTIVE",,"city","410900000000","濮阳市",,,"410000000000","河南省","濮阳市","1","rt_dim_area","118093","4/1/2018"
"118094",,"DEL",,"county","410900000000","濮阳市","410901000000","市辖区","410000000000","河南省","市辖区","1","rt_dim_area","118094","4/1/2018"
"118095",,"ACTIVE",,"county","410900000000","濮阳市","410902000000","华龙区","410000000000","河南省","华龙区","1","rt_dim_area","118095","4/1/2018"
"118096",,"ACTIVE",,"county","410900000000","濮阳市","410922000000","清丰县","410000000000","河南省","清丰县","1","rt_dim_area","118096","4/1/2018"
"118097",,"ACTIVE",,"county","410900000000","濮阳市","410923000000","南乐县","410000000000","河南省","南乐县","1","rt_dim_area","118097","4/1/2018"
"118098",,"ACTIVE",,"county","410900000000","濮阳市","410926000000","范县","410000000000","河南省","范县","1","rt_dim_area","118098","4/1/2018"
"118099",,"ACTIVE",,"county","410900000000","濮阳市","410927000000","台前县","410000000000","河南省","台前县","1","rt_dim_area","118099","4/1/2018"
"118100",,"ACTIVE",,"county","410900000000","濮阳市","410928000000","濮阳县","410000000000","河南省","濮阳县","1","rt_dim_area","118100","4/1/2018"
"118101",,"ACTIVE",,"city","411000000000","许昌市",,,"410000000000","河南省","许昌市","1","rt_dim_area","118101","4/1/2018"
"118102",,"DEL",,"county","411000000000","许昌市","411001000000","市辖区","410000000000","河南省","市辖区","1","rt_dim_area","118102","4/1/2018"
"118103",,"ACTIVE",,"county","411000000000","许昌市","411002000000","魏都区","410000000000","河南省","魏都区","1","rt_dim_area","118103","4/1/2018"
"118104",,"ACTIVE",,"county","411000000000","许昌市","411023000000","许昌县","410000000000","河南省","许昌县","1","rt_dim_area","118104","4/1/2018"
"118105",,"ACTIVE",,"county","411000000000","许昌市","411024000000","鄢陵县","410000000000","河南省","鄢陵县","1","rt_dim_area","118105","4/1/2018"
"118106",,"ACTIVE",,"county","411000000000","许昌市","411025000000","襄城县","410000000000","河南省","襄城县","1","rt_dim_area","118106","4/1/2018"
"118107",,"ACTIVE",,"county","411000000000","许昌市","411081000000","禹州市","410000000000","河南省","禹州市","1","rt_dim_area","118107","4/1/2018"
"118108",,"ACTIVE",,"county","411000000000","许昌市","411082000000","长葛市","410000000000","河南省","长葛市","1","rt_dim_area","118108","4/1/2018"
"118109",,"ACTIVE",,"city","411100000000","漯河市",,,"410000000000","河南省","漯河市","1","rt_dim_area","118109","4/1/2018"
"118110",,"DEL",,"county","411100000000","漯河市","411101000000","市辖区","410000000000","河南省","市辖区","1","rt_dim_area","118110","4/1/2018"
"118111",,"ACTIVE",,"county","411100000000","漯河市","411102000000","源汇区","410000000000","河南省","源汇区","1","rt_dim_area","118111","4/1/2018"
"118112",,"ACTIVE",,"county","411100000000","漯河市","411103000000","郾城区","410000000000","河南省","郾城区","1","rt_dim_area","118112","4/1/2018"
"118113",,"ACTIVE",,"county","411100000000","漯河市","411104000000","召陵区","410000000000","河南省","召陵区","1","rt_dim_area","118113","4/1/2018"
"118114",,"ACTIVE",,"county","411100000000","漯河市","411121000000","舞阳县","410000000000","河南省","舞阳县","1","rt_dim_area","118114","4/1/2018"
"118115",,"ACTIVE",,"county","411100000000","漯河市","411122000000","临颖县","410000000000","河南省","临颖县","1","rt_dim_area","118115","4/1/2018"
"118116",,"ACTIVE",,"city","411200000000","三门峡市",,,"410000000000","河南省","三门峡市","1","rt_dim_area","118116","4/1/2018"
"118117",,"DEL",,"county","411200000000","三门峡市","411201000000","市辖区","410000000000","河南省","市辖区","1","rt_dim_area","118117","4/1/2018"
"118118",,"ACTIVE",,"county","411200000000","三门峡市","411202000000","湖滨区","410000000000","河南省","湖滨区","1","rt_dim_area","118118","4/1/2018"
"118119",,"ACTIVE",,"county","411200000000","三门峡市","411221000000","渑池县","410000000000","河南省","渑池县","1","rt_dim_area","118119","4/1/2018"
"118120",,"ACTIVE",,"county","411200000000","三门峡市","411222000000","陕县","410000000000","河南省","陕县","1","rt_dim_area","118120","4/1/2018"
"118121",,"ACTIVE",,"county","411200000000","三门峡市","411224000000","卢氏县","410000000000","河南省","卢氏县","1","rt_dim_area","118121","4/1/2018"
"118122",,"ACTIVE",,"county","411200000000","三门峡市","411281000000","义马市","410000000000","河南省","义马市","1","rt_dim_area","118122","4/1/2018"
"118123",,"ACTIVE",,"county","411200000000","三门峡市","411282000000","灵宝市","410000000000","河南省","灵宝市","1","rt_dim_area","118123","4/1/2018"
"118124",,"ACTIVE",,"city","411300000000","南阳市",,,"410000000000","河南省","南阳市","1","rt_dim_area","118124","4/1/2018"
"118125",,"ACTIVE",,"county","411300000000","南阳市","411300010000","管庄工区","410000000000","河南省","管庄工区","1","rt_dim_area","118125","4/1/2018"
"118126",,"ACTIVE",,"county","411300000000","南阳市","411300020000","高新区","410000000000","河南省","高新区","1","rt_dim_area","118126","4/1/2018"
"118127",,"ACTIVE",,"county","411300000000","南阳市","411300030000","鸭河工区","410000000000","河南省","鸭河工区","1","rt_dim_area","118127","4/1/2018"
"118128",,"ACTIVE",,"county","411300000000","南阳市","411300040000","城乡一体化示范区","410000000000","河南省","城乡一体化示范区","1","rt_dim_area","118128","4/1/2018"
"118129",,"DEL",,"county","411300000000","南阳市","411301000000","市辖区","410000000000","河南省","市辖区","1","rt_dim_area","118129","4/1/2018"
"118130",,"ACTIVE",,"county","411300000000","南阳市","411302000000","宛城区","410000000000","河南省","宛城区","1","rt_dim_area","118130","4/1/2018"
"118131",,"ACTIVE",,"county","411300000000","南阳市","411303000000","卧龙区","410000000000","河南省","卧龙区","1","rt_dim_area","118131","4/1/2018"
"118132",,"ACTIVE",,"county","411300000000","南阳市","411321000000","南召县","410000000000","河南省","南召县","1","rt_dim_area","118132","4/1/2018"
"118133",,"ACTIVE",,"county","411300000000","南阳市","411322000000","方城县","410000000000","河南省","方城县","1","rt_dim_area","118133","4/1/2018"
"118134",,"ACTIVE",,"county","411300000000","南阳市","411323000000","西峡县","410000000000","河南省","西峡县","1","rt_dim_area","118134","4/1/2018"
"118135",,"ACTIVE",,"county","411300000000","南阳市","411324000000","镇平县","410000000000","河南省","镇平县","1","rt_dim_area","118135","4/1/2018"
"118136",,"ACTIVE",,"county","411300000000","南阳市","411325000000","内乡县","410000000000","河南省","内乡县","1","rt_dim_area","118136","4/1/2018"
"118137",,"ACTIVE",,"county","411300000000","南阳市","411326000000","淅川县","410000000000","河南省","淅川县","1","rt_dim_area","118137","4/1/2018"
"118138",,"ACTIVE",,"county","411300000000","南阳市","411327000000","社旗县","410000000000","河南省","社旗县","1","rt_dim_area","118138","4/1/2018"
"118139",,"ACTIVE",,"county","411300000000","南阳市","411328000000","唐河县","410000000000","河南省","唐河县","1","rt_dim_area","118139","4/1/2018"
"118140",,"ACTIVE",,"county","411300000000","南阳市","411329000000","新野县","410000000000","河南省","新野县","1","rt_dim_area","118140","4/1/2018"
"118141",,"ACTIVE",,"county","411300000000","南阳市","411330000000","桐柏县","410000000000","河南省","桐柏县","1","rt_dim_area","118141","4/1/2018"
"118142",,"ACTIVE",,"city","411381000000","邓州市",,,"410000000000","河南省","邓州市","1","rt_dim_area","118142","4/1/2018"
"118143",,"ACTIVE",,"county","411381000000","邓州市","411381010000","邓州市","410000000000","河南省","邓州市","1","rt_dim_area","118143","4/1/2018"
"118144",,"ACTIVE",,"city","411400000000","商丘市",,,"410000000000","河南省","商丘市","1","rt_dim_area","118144","4/1/2018"
"118145",,"DEL",,"county","411400000000","商丘市","411401000000","市辖区","410000000000","河南省","市辖区","1","rt_dim_area","118145","4/1/2018"
"118146",,"ACTIVE",,"county","411400000000","商丘市","411402000000","梁园区","410000000000","河南省","梁园区","1","rt_dim_area","118146","4/1/2018"
"118147",,"ACTIVE",,"county","411400000000","商丘市","411403000000","睢阳区","410000000000","河南省","睢阳区","1","rt_dim_area","118147","4/1/2018"
"118148",,"ACTIVE",,"county","411400000000","商丘市","411421000000","民权县","410000000000","河南省","民权县","1","rt_dim_area","118148","4/1/2018"
"118149",,"ACTIVE",,"county","411400000000","商丘市","411422000000","睢县","410000000000","河南省","睢县","1","rt_dim_area","118149","4/1/2018"
"118150",,"ACTIVE",,"county","411400000000","商丘市","411423000000","宁陵县","410000000000","河南省","宁陵县","1","rt_dim_area","118150","4/1/2018"
"118151",,"ACTIVE",,"county","411400000000","商丘市","411424000000","柘城县","410000000000","河南省","柘城县","1","rt_dim_area","118151","4/1/2018"
"118152",,"ACTIVE",,"county","411400000000","商丘市","411425000000","虞城县","410000000000","河南省","虞城县","1","rt_dim_area","118152","4/1/2018"
"118153",,"ACTIVE",,"county","411400000000","商丘市","411426000000","夏邑县","410000000000","河南省","夏邑县","1","rt_dim_area","118153","4/1/2018"
"118154",,"ACTIVE",,"city","411481000000","永城市",,,"410000000000","河南省","永城市","1","rt_dim_area","118154","4/1/2018"
"118155",,"ACTIVE",,"county","411481000000","永城市","411481010000","永城市","410000000000","河南省","永城市","1","rt_dim_area","118155","4/1/2018"
"118156",,"ACTIVE",,"city","411500000000","信阳市",,,"410000000000","河南省","信阳市","1","rt_dim_area","118156","4/1/2018"
"118157",,"DEL",,"county","411500000000","信阳市","411501000000","市辖区","410000000000","河南省","市辖区","1","rt_dim_area","118157","4/1/2018"
"118158",,"ACTIVE",,"county","411500000000","信阳市","411502000000","浉河区","410000000000","河南省","浉河区","1","rt_dim_area","118158","4/1/2018"
"118159",,"ACTIVE",,"county","411500000000","信阳市","411503000000","平桥区","410000000000","河南省","平桥区","1","rt_dim_area","118159","4/1/2018"
"118160",,"ACTIVE",,"county","411500000000","信阳市","411521000000","罗山县","410000000000","河南省","罗山县","1","rt_dim_area","118160","4/1/2018"
"118161",,"ACTIVE",,"county","411500000000","信阳市","411522000000","光山县","410000000000","河南省","光山县","1","rt_dim_area","118161","4/1/2018"
"118162",,"ACTIVE",,"county","411500000000","信阳市","411523000000","新县","410000000000","河南省","新县","1","rt_dim_area","118162","4/1/2018"
"118163",,"ACTIVE",,"county","411500000000","信阳市","411524000000","商城县","410000000000","河南省","商城县","1","rt_dim_area","118163","4/1/2018"
"118164",,"ACTIVE",,"city","411525000000","固始县",,,"410000000000","河南省","固始县","1","rt_dim_area","118164","4/1/2018"
"118165",,"ACTIVE",,"county","411525000000","固始县","411525010000","固始县","410000000000","河南省","固始县","1","rt_dim_area","118165","4/1/2018"
"118166",,"ACTIVE",,"county","411500000000","信阳市","411526000000","潢川县","410000000000","河南省","潢川县","1","rt_dim_area","118166","4/1/2018"
"118167",,"ACTIVE",,"county","411500000000","信阳市","411527000000","淮滨县","410000000000","河南省","淮滨县","1","rt_dim_area","118167","4/1/2018"
"118168",,"ACTIVE",,"county","411500000000","信阳市","411528000000","息县","410000000000","河南省","息县","1","rt_dim_area","118168","4/1/2018"
"118169",,"ACTIVE",,"city","411600000000","周口市",,,"410000000000","河南省","周口市","1","rt_dim_area","118169","4/1/2018"
"118170",,"DEL",,"county","411600000000","周口市","411601000000","市辖区","410000000000","河南省","市辖区","1","rt_dim_area","118170","4/1/2018"
"118171",,"ACTIVE",,"county","411600000000","周口市","411602000000","川汇区","410000000000","河南省","川汇区","1","rt_dim_area","118171","4/1/2018"
"118172",,"ACTIVE",,"county","411600000000","周口市","411621000000","扶沟县","410000000000","河南省","扶沟县","1","rt_dim_area","118172","4/1/2018"
"118173",,"ACTIVE",,"county","411600000000","周口市","411622000000","西华县","410000000000","河南省","西华县","1","rt_dim_area","118173","4/1/2018"
"118174",,"ACTIVE",,"county","411600000000","周口市","411623000000","商水县","410000000000","河南省","商水县","1","rt_dim_area","118174","4/1/2018"
"118175",,"ACTIVE",,"county","411600000000","周口市","411624000000","沈丘县","410000000000","河南省","沈丘县","1","rt_dim_area","118175","4/1/2018"
"118176",,"ACTIVE",,"county","411600000000","周口市","411625000000","郸城县","410000000000","河南省","郸城县","1","rt_dim_area","118176","4/1/2018"
"118177",,"ACTIVE",,"county","411600000000","周口市","411626000000","淮阳县","410000000000","河南省","淮阳县","1","rt_dim_area","118177","4/1/2018"
"118178",,"ACTIVE",,"county","411600000000","周口市","411627000000","太康县","410000000000","河南省","太康县","1","rt_dim_area","118178","4/1/2018"
"118179",,"ACTIVE",,"city","411628000000","鹿邑县",,,"410000000000","河南省","鹿邑县","1","rt_dim_area","118179","4/1/2018"
"118180",,"ACTIVE",,"county","411628000000","鹿邑县","411628010000","鹿邑县","410000000000","河南省","鹿邑县","1","rt_dim_area","118180","4/1/2018"
"118181",,"ACTIVE",,"county","411600000000","周口市","411681000000","项城市","410000000000","河南省","项城市","1","rt_dim_area","118181","4/1/2018"
"118182",,"ACTIVE",,"city","411700000000","驻马店市",,,"410000000000","河南省","驻马店市","1","rt_dim_area","118182","4/1/2018"
"118183",,"DEL",,"county","411700000000","驻马店市","411701000000","市辖区","410000000000","河南省","市辖区","1","rt_dim_area","118183","4/1/2018"
"118184",,"ACTIVE",,"county","411700000000","驻马店市","411702000000","驿城区","410000000000","河南省","驿城区","1","rt_dim_area","118184","4/1/2018"
"118185",,"ACTIVE",,"county","411700000000","驻马店市","411721000000","西平县","410000000000","河南省","西平县","1","rt_dim_area","118185","4/1/2018"
"118186",,"ACTIVE",,"county","411700000000","驻马店市","411722000000","上蔡县","410000000000","河南省","上蔡县","1","rt_dim_area","118186","4/1/2018"
"118187",,"ACTIVE",,"county","411700000000","驻马店市","411723000000","平舆县","410000000000","河南省","平舆县","1","rt_dim_area","118187","4/1/2018"
"118188",,"ACTIVE",,"county","411700000000","驻马店市","411724000000","正阳县","410000000000","河南省","正阳县","1","rt_dim_area","118188","4/1/2018"
"118189",,"ACTIVE",,"county","411700000000","驻马店市","411725000000","确山县","410000000000","河南省","确山县","1","rt_dim_area","118189","4/1/2018"
"118190",,"ACTIVE",,"county","411700000000","驻马店市","411726000000","泌阳县","410000000000","河南省","泌阳县","1","rt_dim_area","118190","4/1/2018"
"118191",,"ACTIVE",,"county","411700000000","驻马店市","411727000000","汝南县","410000000000","河南省","汝南县","1","rt_dim_area","118191","4/1/2018"
"118192",,"ACTIVE",,"county","411700000000","驻马店市","411728000000","遂平县","410000000000","河南省","遂平县","1","rt_dim_area","118192","4/1/2018"
"118193",,"ACTIVE",,"city","411729000000","新蔡县",,,"410000000000","河南省","新蔡县","1","rt_dim_area","118193","4/1/2018"
"118194",,"ACTIVE",,"county","411729000000","新蔡县","411729010000","新蔡县","410000000000","河南省","新蔡县","1","rt_dim_area","118194","4/1/2018"
"118195",,"ACTIVE",,"city","418000000000","航空港区经济综合实验区",,,"410000000000","河南省","航空港区经济综合实验区","1","rt_dim_area","118195","4/1/2018"
"118196",,"ACTIVE",,"county","418000000000","航空港区经济综合实验区","418010000000","航空港区经济综合实验区","410000000000","河南省","航空港区经济综合实验区","1","rt_dim_area","118196","4/1/2018"
"118197",,"ACTIVE",,"city","419001000000","济源市",,,"410000000000","河南省","济源市","1","rt_dim_area","118197","4/1/2018"
"118198",,"ACTIVE",,"county","419001000000","济源市","419001100000","济源市","410000000000","河南省","济源市","1","rt_dim_area","118198","4/1/2018"
"118199",,"ACTIVE",,"province",,,,,"420000000000","湖北省","湖北省","1","rt_dim_area","118199","4/1/2018"
"118200",,"ACTIVE",,"city","420100000000","武汉市",,,"420000000000","湖北省","武汉市","1","rt_dim_area","118200","4/1/2018"
"118201",,"ACTIVE",,"county","420100000000","武汉市","420100010000","东湖新技术开发区","420000000000","湖北省","东湖新技术开发区","1","rt_dim_area","118201","4/1/2018"
"118202",,"ACTIVE",,"county","420100000000","武汉市","420100020000","东湖风景区","420000000000","湖北省","东湖风景区","1","rt_dim_area","118202","4/1/2018"
"118203",,"ACTIVE",,"county","420100000000","武汉市","420100030000","化工区","420000000000","湖北省","化工区","1","rt_dim_area","118203","4/1/2018"
"118204",,"DEL",,"county","420100000000","武汉市","420101000000","市辖区","420000000000","湖北省","市辖区","1","rt_dim_area","118204","4/1/2018"
"118205",,"ACTIVE",,"county","420100000000","武汉市","420102000000","江岸区","420000000000","湖北省","江岸区","1","rt_dim_area","118205","4/1/2018"
"118206",,"ACTIVE",,"county","420100000000","武汉市","420103000000","江汉区","420000000000","湖北省","江汉区","1","rt_dim_area","118206","4/1/2018"
"118207",,"ACTIVE",,"county","420100000000","武汉市","420104000000","硚口区","420000000000","湖北省","硚口区","1","rt_dim_area","118207","4/1/2018"
"118208",,"ACTIVE",,"county","420100000000","武汉市","420105000000","汉阳区","420000000000","湖北省","汉阳区","1","rt_dim_area","118208","4/1/2018"
"118209",,"ACTIVE",,"county","420100000000","武汉市","420106000000","武昌区","420000000000","湖北省","武昌区","1","rt_dim_area","118209","4/1/2018"
"118210",,"ACTIVE",,"county","420100000000","武汉市","420107000000","青山区","420000000000","湖北省","青山区","1","rt_dim_area","118210","4/1/2018"
"118211",,"ACTIVE",,"county","420100000000","武汉市","420111000000","洪山区","420000000000","湖北省","洪山区","1","rt_dim_area","118211","4/1/2018"
"118212",,"ACTIVE",,"county","420100000000","武汉市","420112000000","东西湖区","420000000000","湖北省","东西湖区","1","rt_dim_area","118212","4/1/2018"
"118213",,"ACTIVE",,"county","420100000000","武汉市","420113000000","经开区（汉南）","420000000000","湖北省","经开区（汉南）","1","rt_dim_area","118213","4/1/2018"
"118214",,"ACTIVE",,"county","420100000000","武汉市","420114000000","蔡甸区","420000000000","湖北省","蔡甸区","1","rt_dim_area","118214","4/1/2018"
"118215",,"ACTIVE",,"county","420100000000","武汉市","420115000000","江夏区","420000000000","湖北省","江夏区","1","rt_dim_area","118215","4/1/2018"
"118216",,"ACTIVE",,"county","420100000000","武汉市","420116000000","黄陂区","420000000000","湖北省","黄陂区","1","rt_dim_area","118216","4/1/2018"
"118217",,"ACTIVE",,"county","420100000000","武汉市","420117000000","新洲区","420000000000","湖北省","新洲区","1","rt_dim_area","118217","4/1/2018"
"118218",,"ACTIVE",,"city","420200000000","黄石市",,,"420000000000","湖北省","黄石市","1","rt_dim_area","118218","4/1/2018"
"118219",,"ACTIVE",,"county","420200000000","黄石市","420200010000","开发区","420000000000","湖北省","开发区","1","rt_dim_area","118219","4/1/2018"
"118220",,"DEL",,"county","420200000000","黄石市","420201000000","市辖区","420000000000","湖北省","市辖区","1","rt_dim_area","118220","4/1/2018"
"118221",,"ACTIVE",,"county","420200000000","黄石市","420202000000","黄石港区","420000000000","湖北省","黄石港区","1","rt_dim_area","118221","4/1/2018"
"118222",,"ACTIVE",,"county","420200000000","黄石市","420203000000","西塞山区","420000000000","湖北省","西塞山区","1","rt_dim_area","118222","4/1/2018"
"118223",,"ACTIVE",,"county","420200000000","黄石市","420204000000","下陆区","420000000000","湖北省","下陆区","1","rt_dim_area","118223","4/1/2018"
"118224",,"ACTIVE",,"county","420200000000","黄石市","420205000000","铁山区","420000000000","湖北省","铁山区","1","rt_dim_area","118224","4/1/2018"
"118225",,"ACTIVE",,"county","420200000000","黄石市","420222000000","阳新县","420000000000","湖北省","阳新县","1","rt_dim_area","118225","4/1/2018"
"118226",,"ACTIVE",,"county","420200000000","黄石市","420281000000","大冶市","420000000000","湖北省","大冶市","1","rt_dim_area","118226","4/1/2018"
"118227",,"ACTIVE",,"city","420300000000","十堰市",,,"420000000000","湖北省","十堰市","1","rt_dim_area","118227","4/1/2018"
"118228",,"DEL",,"county","420300000000","十堰市","420301000000","市辖区","420000000000","湖北省","市辖区","1","rt_dim_area","118228","4/1/2018"
"118229",,"ACTIVE",,"county","420300000000","十堰市","420302000000","茅箭区","420000000000","湖北省","茅箭区","1","rt_dim_area","118229","4/1/2018"
"118230",,"ACTIVE",,"county","420300000000","十堰市","420303000000","张湾区","420000000000","湖北省","张湾区","1","rt_dim_area","118230","4/1/2018"
"118231",,"ACTIVE",,"county","420300000000","十堰市","420304000000","郧阳区","420000000000","湖北省","郧阳区","1","rt_dim_area","118231","4/1/2018"
"118232",,"ACTIVE",,"county","420300000000","十堰市","420322000000","郧西县","420000000000","湖北省","郧西县","1","rt_dim_area","118232","4/1/2018"
"118233",,"ACTIVE",,"county","420300000000","十堰市","420323000000","竹山县","420000000000","湖北省","竹山县","1","rt_dim_area","118233","4/1/2018"
"118234",,"ACTIVE",,"county","420300000000","十堰市","420324000000","竹溪县","420000000000","湖北省","竹溪县","1","rt_dim_area","118234","4/1/2018"
"118235",,"ACTIVE",,"county","420300000000","十堰市","420325000000","房县","420000000000","湖北省","房县","1","rt_dim_area","118235","4/1/2018"
"118236",,"ACTIVE",,"county","420300000000","十堰市","420381000000","丹江口市","420000000000","湖北省","丹江口市","1","rt_dim_area","118236","4/1/2018"
"118237",,"ACTIVE",,"city","420500000000","宜昌市",,,"420000000000","湖北省","宜昌市","1","rt_dim_area","118237","4/1/2018"
"118238",,"ACTIVE",,"county","420500000000","宜昌市","420500010000","高新区","420000000000","湖北省","高新区","1","rt_dim_area","118238","4/1/2018"
"118239",,"DEL",,"county","420500000000","宜昌市","420501000000","市辖区","420000000000","湖北省","市辖区","1","rt_dim_area","118239","4/1/2018"
"118240",,"ACTIVE",,"county","420500000000","宜昌市","420502000000","西陵区","420000000000","湖北省","西陵区","1","rt_dim_area","118240","4/1/2018"
"118241",,"ACTIVE",,"county","420500000000","宜昌市","420503000000","伍家岗区","420000000000","湖北省","伍家岗区","1","rt_dim_area","118241","4/1/2018"
"118242",,"ACTIVE",,"county","420500000000","宜昌市","420504000000","点军区","420000000000","湖北省","点军区","1","rt_dim_area","118242","4/1/2018"
"118243",,"ACTIVE",,"county","420500000000","宜昌市","420505000000","猇亭区","420000000000","湖北省","猇亭区","1","rt_dim_area","118243","4/1/2018"
"118244",,"ACTIVE",,"county","420500000000","宜昌市","420506000000","夷陵区","420000000000","湖北省","夷陵区","1","rt_dim_area","118244","4/1/2018"
"118245",,"ACTIVE",,"county","420500000000","宜昌市","420525000000","远安县","420000000000","湖北省","远安县","1","rt_dim_area","118245","4/1/2018"
"118246",,"ACTIVE",,"county","420500000000","宜昌市","420526000000","兴山县","420000000000","湖北省","兴山县","1","rt_dim_area","118246","4/1/2018"
"118247",,"ACTIVE",,"county","420500000000","宜昌市","420527000000","秭归县","420000000000","湖北省","秭归县","1","rt_dim_area","118247","4/1/2018"
"118248",,"ACTIVE",,"county","420500000000","宜昌市","420528000000","长阳土家族自治县","420000000000","湖北省","长阳土家族自治县","1","rt_dim_area","118248","4/1/2018"
"118249",,"ACTIVE",,"county","420500000000","宜昌市","420529000000","五峰土家族自治县","420000000000","湖北省","五峰土家族自治县","1","rt_dim_area","118249","4/1/2018"
"118250",,"ACTIVE",,"county","420500000000","宜昌市","420581000000","宜都市","420000000000","湖北省","宜都市","1","rt_dim_area","118250","4/1/2018"
"118251",,"ACTIVE",,"county","420500000000","宜昌市","420582000000","当阳市","420000000000","湖北省","当阳市","1","rt_dim_area","118251","4/1/2018"
"118252",,"ACTIVE",,"county","420500000000","宜昌市","420583000000","枝江市","420000000000","湖北省","枝江市","1","rt_dim_area","118252","4/1/2018"
"118253",,"ACTIVE",,"city","420600000000","襄阳市",,,"420000000000","湖北省","襄阳市","1","rt_dim_area","118253","4/1/2018"
"118254",,"ACTIVE",,"county","420600000000","襄阳市","420600010000","高新区","420000000000","湖北省","高新区","1","rt_dim_area","118254","4/1/2018"
"118255",,"DEL",,"county","420600000000","襄阳市","420601000000","市辖区","420000000000","湖北省","市辖区","1","rt_dim_area","118255","4/1/2018"
"118256",,"ACTIVE",,"county","420600000000","襄阳市","420602000000","襄城区","420000000000","湖北省","襄城区","1","rt_dim_area","118256","4/1/2018"
"118257",,"ACTIVE",,"county","420600000000","襄阳市","420606000000","樊城区","420000000000","湖北省","樊城区","1","rt_dim_area","118257","4/1/2018"
"118258",,"ACTIVE",,"county","420600000000","襄阳市","420607000000","襄州区","420000000000","湖北省","襄州区","1","rt_dim_area","118258","4/1/2018"
"118259",,"ACTIVE",,"county","420600000000","襄阳市","420624000000","南漳县","420000000000","湖北省","南漳县","1","rt_dim_area","118259","4/1/2018"
"118260",,"ACTIVE",,"county","420600000000","襄阳市","420625000000","谷城县","420000000000","湖北省","谷城县","1","rt_dim_area","118260","4/1/2018"
"118261",,"ACTIVE",,"county","420600000000","襄阳市","420626000000","保康县","420000000000","湖北省","保康县","1","rt_dim_area","118261","4/1/2018"
"118262",,"ACTIVE",,"county","420600000000","襄阳市","420682000000","老河口市","420000000000","湖北省","老河口市","1","rt_dim_area","118262","4/1/2018"
"118263",,"ACTIVE",,"county","420600000000","襄阳市","420683000000","枣阳市","420000000000","湖北省","枣阳市","1","rt_dim_area","118263","4/1/2018"
"118264",,"ACTIVE",,"county","420600000000","襄阳市","420684000000","宜城市","420000000000","湖北省","宜城市","1","rt_dim_area","118264","4/1/2018"
"118265",,"ACTIVE",,"city","420700000000","鄂州市",,,"420000000000","湖北省","鄂州市","1","rt_dim_area","118265","4/1/2018"
"118266",,"DEL",,"county","420700000000","鄂州市","420701000000","市辖区","420000000000","湖北省","市辖区","1","rt_dim_area","118266","4/1/2018"
"118267",,"ACTIVE",,"county","420700000000","鄂州市","420702000000","梁子湖区","420000000000","湖北省","梁子湖区","1","rt_dim_area","118267","4/1/2018"
"118268",,"ACTIVE",,"county","420700000000","鄂州市","420703000000","华容区","420000000000","湖北省","华容区","1","rt_dim_area","118268","4/1/2018"
"118269",,"ACTIVE",,"county","420700000000","鄂州市","420704000000","鄂城区","420000000000","湖北省","鄂城区","1","rt_dim_area","118269","4/1/2018"
"118270",,"ACTIVE",,"city","420800000000","荆门市",,,"420000000000","湖北省","荆门市","1","rt_dim_area","118270","4/1/2018"
"118271",,"ACTIVE",,"county","420800000000","荆门市","420800010000","漳河新区","420000000000","湖北省","漳河新区","1","rt_dim_area","118271","4/1/2018"
"118272",,"ACTIVE",,"county","420800000000","荆门市","420800020000","屈家岭管理区","420000000000","湖北省","屈家岭管理区","1","rt_dim_area","118272","4/1/2018"
"118273",,"DEL",,"county","420800000000","荆门市","420801000000","市辖区","420000000000","湖北省","市辖区","1","rt_dim_area","118273","4/1/2018"
"118274",,"ACTIVE",,"county","420800000000","荆门市","420802000000","东宝区","420000000000","湖北省","东宝区","1","rt_dim_area","118274","4/1/2018"
"118275",,"ACTIVE",,"county","420800000000","荆门市","420804000000","掇刀区","420000000000","湖北省","掇刀区","1","rt_dim_area","118275","4/1/2018"
"118276",,"ACTIVE",,"county","420800000000","荆门市","420821000000","京山县","420000000000","湖北省","京山县","1","rt_dim_area","118276","4/1/2018"
"118277",,"ACTIVE",,"county","420800000000","荆门市","420822000000","沙洋县","420000000000","湖北省","沙洋县","1","rt_dim_area","118277","4/1/2018"
"118278",,"ACTIVE",,"county","420800000000","荆门市","420881000000","钟祥市","420000000000","湖北省","钟祥市","1","rt_dim_area","118278","4/1/2018"
"118279",,"ACTIVE",,"city","420900000000","孝感市",,,"420000000000","湖北省","孝感市","1","rt_dim_area","118279","4/1/2018"
"118280",,"DEL",,"county","420900000000","孝感市","420901000000","市辖区","420000000000","湖北省","市辖区","1","rt_dim_area","118280","4/1/2018"
"118281",,"ACTIVE",,"county","420900000000","孝感市","420902000000","孝南区","420000000000","湖北省","孝南区","1","rt_dim_area","118281","4/1/2018"
"118282",,"ACTIVE",,"county","420900000000","孝感市","420921000000","孝昌县","420000000000","湖北省","孝昌县","1","rt_dim_area","118282","4/1/2018"
"118283",,"ACTIVE",,"county","420900000000","孝感市","420922000000","大悟县","420000000000","湖北省","大悟县","1","rt_dim_area","118283","4/1/2018"
"118284",,"ACTIVE",,"county","420900000000","孝感市","420923000000","云梦县","420000000000","湖北省","云梦县","1","rt_dim_area","118284","4/1/2018"
"118285",,"ACTIVE",,"county","420900000000","孝感市","420981000000","应城市","420000000000","湖北省","应城市","1","rt_dim_area","118285","4/1/2018"
"118286",,"ACTIVE",,"county","420900000000","孝感市","420982000000","安陆市","420000000000","湖北省","安陆市","1","rt_dim_area","118286","4/1/2018"
"118287",,"ACTIVE",,"county","420900000000","孝感市","420984000000","汉川市","420000000000","湖北省","汉川市","1","rt_dim_area","118287","4/1/2018"
"118288",,"ACTIVE",,"city","421000000000","荆州市",,,"420000000000","湖北省","荆州市","1","rt_dim_area","118288","4/1/2018"
"118289",,"ACTIVE",,"county","421000000000","荆州市","421000010000","荆州经济技术开发区","420000000000","湖北省","荆州经济技术开发区","1","rt_dim_area","118289","4/1/2018"
"118290",,"DEL",,"county","421000000000","荆州市","421001000000","市辖区","420000000000","湖北省","市辖区","1","rt_dim_area","118290","4/1/2018"
"118291",,"ACTIVE",,"county","421000000000","荆州市","421002000000","沙市区","420000000000","湖北省","沙市区","1","rt_dim_area","118291","4/1/2018"
"118292",,"ACTIVE",,"county","421000000000","荆州市","421003000000","荆州区","420000000000","湖北省","荆州区","1","rt_dim_area","118292","4/1/2018"
"118293",,"ACTIVE",,"county","421000000000","荆州市","421022000000","公安县","420000000000","湖北省","公安县","1","rt_dim_area","118293","4/1/2018"
"118294",,"ACTIVE",,"county","421000000000","荆州市","421023000000","监利县","420000000000","湖北省","监利县","1","rt_dim_area","118294","4/1/2018"
"118295",,"ACTIVE",,"county","421000000000","荆州市","421024000000","江陵县","420000000000","湖北省","江陵县","1","rt_dim_area","118295","4/1/2018"
"118296",,"ACTIVE",,"county","421000000000","荆州市","421081000000","石首市","420000000000","湖北省","石首市","1","rt_dim_area","118296","4/1/2018"
"118297",,"ACTIVE",,"county","421000000000","荆州市","421083000000","洪湖市","420000000000","湖北省","洪湖市","1","rt_dim_area","118297","4/1/2018"
"118298",,"ACTIVE",,"county","421000000000","荆州市","421087000000","松滋市","420000000000","湖北省","松滋市","1","rt_dim_area","118298","4/1/2018"
"118299",,"ACTIVE",,"city","421100000000","黄冈市",,,"420000000000","湖北省","黄冈市","1","rt_dim_area","118299","4/1/2018"
"118300",,"DEL",,"county","421100000000","黄冈市","421101000000","市辖区","420000000000","湖北省","市辖区","1","rt_dim_area","118300","4/1/2018"
"118301",,"ACTIVE",,"county","421100000000","黄冈市","421102000000","黄州区","420000000000","湖北省","黄州区","1","rt_dim_area","118301","4/1/2018"
"118302",,"ACTIVE",,"county","421100000000","黄冈市","421121000000","团风县","420000000000","湖北省","团风县","1","rt_dim_area","118302","4/1/2018"
"118303",,"ACTIVE",,"county","421100000000","黄冈市","421122000000","红安县","420000000000","湖北省","红安县","1","rt_dim_area","118303","4/1/2018"
"118304",,"ACTIVE",,"county","421100000000","黄冈市","421123000000","罗田县","420000000000","湖北省","罗田县","1","rt_dim_area","118304","4/1/2018"
"118305",,"ACTIVE",,"county","421100000000","黄冈市","421124000000","英山县","420000000000","湖北省","英山县","1","rt_dim_area","118305","4/1/2018"
"118306",,"ACTIVE",,"county","421100000000","黄冈市","421125000000","浠水县","420000000000","湖北省","浠水县","1","rt_dim_area","118306","4/1/2018"
"118307",,"ACTIVE",,"county","421100000000","黄冈市","421126000000","蕲春县","420000000000","湖北省","蕲春县","1","rt_dim_area","118307","4/1/2018"
"118308",,"ACTIVE",,"county","421100000000","黄冈市","421127000000","黄梅县","420000000000","湖北省","黄梅县","1","rt_dim_area","118308","4/1/2018"
"118309",,"ACTIVE",,"county","421100000000","黄冈市","421181000000","麻城市","420000000000","湖北省","麻城市","1","rt_dim_area","118309","4/1/2018"
"118310",,"ACTIVE",,"county","421100000000","黄冈市","421182000000","武穴市","420000000000","湖北省","武穴市","1","rt_dim_area","118310","4/1/2018"
"118311",,"ACTIVE",,"city","421200000000","咸宁市",,,"420000000000","湖北省","咸宁市","1","rt_dim_area","118311","4/1/2018"
"118312",,"DEL",,"county","421200000000","咸宁市","421201000000","市辖区","420000000000","湖北省","市辖区","1","rt_dim_area","118312","4/1/2018"
"118313",,"ACTIVE",,"county","421200000000","咸宁市","421202000000","咸安区","420000000000","湖北省","咸安区","1","rt_dim_area","118313","4/1/2018"
"118314",,"ACTIVE",,"county","421200000000","咸宁市","421221000000","嘉鱼县","420000000000","湖北省","嘉鱼县","1","rt_dim_area","118314","4/1/2018"
"118315",,"ACTIVE",,"county","421200000000","咸宁市","421222000000","通城县","420000000000","湖北省","通城县","1","rt_dim_area","118315","4/1/2018"
"118316",,"ACTIVE",,"county","421200000000","咸宁市","421223000000","崇阳县","420000000000","湖北省","崇阳县","1","rt_dim_area","118316","4/1/2018"
"118317",,"ACTIVE",,"county","421200000000","咸宁市","421224000000","通山县","420000000000","湖北省","通山县","1","rt_dim_area","118317","4/1/2018"
"118318",,"ACTIVE",,"county","421200000000","咸宁市","421281000000","赤壁市","420000000000","湖北省","赤壁市","1","rt_dim_area","118318","4/1/2018"
"118319",,"ACTIVE",,"city","421300000000","随州市",,,"420000000000","湖北省","随州市","1","rt_dim_area","118319","4/1/2018"
"118320",,"DEL",,"county","421300000000","随州市","421301000000","市辖区","420000000000","湖北省","市辖区","1","rt_dim_area","118320","4/1/2018"
"118321",,"ACTIVE",,"county","421300000000","随州市","421303000000","曾都区","420000000000","湖北省","曾都区","1","rt_dim_area","118321","4/1/2018"
"118322",,"ACTIVE",,"county","421300000000","随州市","421321000000","随县","420000000000","湖北省","随县","1","rt_dim_area","118322","4/1/2018"
"118323",,"ACTIVE",,"county","421300000000","随州市","421381000000","广水市","420000000000","湖北省","广水市","1","rt_dim_area","118323","4/1/2018"
"118324",,"ACTIVE",,"city","422800000000","恩施土家族苗族自治州",,,"420000000000","湖北省","恩施土家族苗族自治州","1","rt_dim_area","118324","4/1/2018"
"118325",,"ACTIVE",,"county","422800000000","恩施土家族苗族自治州","422801000000","恩施市","420000000000","湖北省","恩施市","1","rt_dim_area","118325","4/1/2018"
"118326",,"ACTIVE",,"county","422800000000","恩施土家族苗族自治州","422802000000","利川市","420000000000","湖北省","利川市","1","rt_dim_area","118326","4/1/2018"
"118327",,"ACTIVE",,"county","422800000000","恩施土家族苗族自治州","422822000000","建始县","420000000000","湖北省","建始县","1","rt_dim_area","118327","4/1/2018"
"118328",,"ACTIVE",,"county","422800000000","恩施土家族苗族自治州","422823000000","巴东县","420000000000","湖北省","巴东县","1","rt_dim_area","118328","4/1/2018"
"118329",,"ACTIVE",,"county","422800000000","恩施土家族苗族自治州","422825000000","宣恩县","420000000000","湖北省","宣恩县","1","rt_dim_area","118329","4/1/2018"
"118330",,"ACTIVE",,"county","422800000000","恩施土家族苗族自治州","422826000000","咸丰县","420000000000","湖北省","咸丰县","1","rt_dim_area","118330","4/1/2018"
"118331",,"ACTIVE",,"county","422800000000","恩施土家族苗族自治州","422827000000","来凤县","420000000000","湖北省","来凤县","1","rt_dim_area","118331","4/1/2018"
"118332",,"ACTIVE",,"county","422800000000","恩施土家族苗族自治州","422828000000","鹤峰县","420000000000","湖北省","鹤峰县","1","rt_dim_area","118332","4/1/2018"
"118333",,"ACTIVE",,"city","429004000000","仙桃市",,,"420000000000","湖北省","仙桃市","1","rt_dim_area","118333","4/1/2018"
"118334",,"ACTIVE",,"county","429004000000","仙桃市","429004100000","仙桃市","420000000000","湖北省","仙桃市","1","rt_dim_area","118334","4/1/2018"
"118335",,"ACTIVE",,"city","429005000000","潜江市",,,"420000000000","湖北省","潜江市","1","rt_dim_area","118335","4/1/2018"
"118336",,"ACTIVE",,"county","429005000000","潜江市","429005100000","潜江市","420000000000","湖北省","潜江市","1","rt_dim_area","118336","4/1/2018"
"118337",,"ACTIVE",,"city","429006000000","天门市",,,"420000000000","湖北省","天门市","1","rt_dim_area","118337","4/1/2018"
"118338",,"ACTIVE",,"county","429006000000","天门市","429006100000","天门市","420000000000","湖北省","天门市","1","rt_dim_area","118338","4/1/2018"
"118339",,"ACTIVE",,"city","429021000000","神农架林区",,,"420000000000","湖北省","神农架林区","1","rt_dim_area","118339","4/1/2018"
"118340",,"ACTIVE",,"county","429021000000","神农架林区","429021100000","神农架林区","420000000000","湖北省","神农架林区","1","rt_dim_area","118340","4/1/2018"
"118341",,"ACTIVE",,"province",,,,,"430000000000","湖南省","湖南省","1","rt_dim_area","118341","4/1/2018"
"118342",,"ACTIVE",,"city","430100000000","长沙市",,,"430000000000","湖南省","长沙市","1","rt_dim_area","118342","4/1/2018"
"118343",,"ACTIVE",,"county","430100000000","长沙市","430100010000","云龙区","430000000000","湖南省","云龙区","1","rt_dim_area","118343","4/1/2018"
"118344",,"DEL",,"county","430100000000","长沙市","430101000000","市辖区","430000000000","湖南省","市辖区","1","rt_dim_area","118344","4/1/2018"
"118345",,"ACTIVE",,"county","430100000000","长沙市","430102000000","芙蓉区","430000000000","湖南省","芙蓉区","1","rt_dim_area","118345","4/1/2018"
"118346",,"ACTIVE",,"county","430100000000","长沙市","430103000000","天心区","430000000000","湖南省","天心区","1","rt_dim_area","118346","4/1/2018"
"118347",,"ACTIVE",,"county","430100000000","长沙市","430104000000","岳麓区","430000000000","湖南省","岳麓区","1","rt_dim_area","118347","4/1/2018"
"118348",,"ACTIVE",,"county","430100000000","长沙市","430105000000","开福区","430000000000","湖南省","开福区","1","rt_dim_area","118348","4/1/2018"
"118349",,"ACTIVE",,"county","430100000000","长沙市","430111000000","雨花区","430000000000","湖南省","雨花区","1","rt_dim_area","118349","4/1/2018"
"118350",,"ACTIVE",,"county","430100000000","长沙市","430112000000","望城区","430000000000","湖南省","望城区","1","rt_dim_area","118350","4/1/2018"
"118351",,"ACTIVE",,"county","430100000000","长沙市","430121000000","长沙县","430000000000","湖南省","长沙县","1","rt_dim_area","118351","4/1/2018"
"118352",,"ACTIVE",,"county","430100000000","长沙市","430124000000","宁乡县","430000000000","湖南省","宁乡县","1","rt_dim_area","118352","4/1/2018"
"118353",,"ACTIVE",,"county","430100000000","长沙市","430181000000","浏阳市","430000000000","湖南省","浏阳市","1","rt_dim_area","118353","4/1/2018"
"118354",,"ACTIVE",,"city","430200000000","株洲市",,,"430000000000","湖南省","株洲市","1","rt_dim_area","118354","4/1/2018"
"118355",,"DEL",,"county","430200000000","株洲市","430201000000","市辖区","430000000000","湖南省","市辖区","1","rt_dim_area","118355","4/1/2018"
"118356",,"ACTIVE",,"county","430200000000","株洲市","430202000000","荷塘区","430000000000","湖南省","荷塘区","1","rt_dim_area","118356","4/1/2018"
"118357",,"ACTIVE",,"county","430200000000","株洲市","430203000000","芦淞区","430000000000","湖南省","芦淞区","1","rt_dim_area","118357","4/1/2018"
"118358",,"ACTIVE",,"county","430200000000","株洲市","430204000000","石峰区","430000000000","湖南省","石峰区","1","rt_dim_area","118358","4/1/2018"
"118359",,"ACTIVE",,"county","430200000000","株洲市","430211000000","天元区","430000000000","湖南省","天元区","1","rt_dim_area","118359","4/1/2018"
"118360",,"ACTIVE",,"county","430200000000","株洲市","430221000000","株洲县","430000000000","湖南省","株洲县","1","rt_dim_area","118360","4/1/2018"
"118361",,"ACTIVE",,"county","430200000000","株洲市","430223000000","攸县","430000000000","湖南省","攸县","1","rt_dim_area","118361","4/1/2018"
"118362",,"ACTIVE",,"county","430200000000","株洲市","430224000000","茶陵县","430000000000","湖南省","茶陵县","1","rt_dim_area","118362","4/1/2018"
"118363",,"ACTIVE",,"county","430200000000","株洲市","430225000000","炎陵县","430000000000","湖南省","炎陵县","1","rt_dim_area","118363","4/1/2018"
"118364",,"ACTIVE",,"county","430200000000","株洲市","430281000000","醴陵市","430000000000","湖南省","醴陵市","1","rt_dim_area","118364","4/1/2018"
"118365",,"ACTIVE",,"city","430300000000","湘潭市",,,"430000000000","湖南省","湘潭市","1","rt_dim_area","118365","4/1/2018"
"118366",,"DEL",,"county","430300000000","湘潭市","430301000000","市辖区","430000000000","湖南省","市辖区","1","rt_dim_area","118366","4/1/2018"
"118367",,"ACTIVE",,"county","430300000000","湘潭市","430302000000","雨湖区","430000000000","湖南省","雨湖区","1","rt_dim_area","118367","4/1/2018"
"118368",,"ACTIVE",,"county","430300000000","湘潭市","430304000000","岳塘区","430000000000","湖南省","岳塘区","1","rt_dim_area","118368","4/1/2018"
"118369",,"ACTIVE",,"county","430300000000","湘潭市","430321000000","湘潭县","430000000000","湖南省","湘潭县","1","rt_dim_area","118369","4/1/2018"
"118370",,"ACTIVE",,"county","430300000000","湘潭市","430381000000","湘乡市","430000000000","湖南省","湘乡市","1","rt_dim_area","118370","4/1/2018"
"118371",,"ACTIVE",,"county","430300000000","湘潭市","430382000000","韶山市","430000000000","湖南省","韶山市","1","rt_dim_area","118371","4/1/2018"
"118372",,"ACTIVE",,"city","430400000000","衡阳市",,,"430000000000","湖南省","衡阳市","1","rt_dim_area","118372","4/1/2018"
"118373",,"ACTIVE",,"county","430400000000","衡阳市","430400010000","白沙洲工业园","430000000000","湖南省","白沙洲工业园","1","rt_dim_area","118373","4/1/2018"
"118374",,"ACTIVE",,"county","430400000000","衡阳市","430400020000","松木经开区","430000000000","湖南省","松木经开区","1","rt_dim_area","118374","4/1/2018"
"118375",,"ACTIVE",,"county","430400000000","衡阳市","430400030000","高新区","430000000000","湖南省","高新区","1","rt_dim_area","118375","4/1/2018"
"118376",,"DEL",,"county","430400000000","衡阳市","430401000000","市辖区","430000000000","湖南省","市辖区","1","rt_dim_area","118376","4/1/2018"
"118377",,"ACTIVE",,"county","430400000000","衡阳市","430405000000","珠晖区","430000000000","湖南省","珠晖区","1","rt_dim_area","118377","4/1/2018"
"118378",,"ACTIVE",,"county","430400000000","衡阳市","430406000000","雁峰区","430000000000","湖南省","雁峰区","1","rt_dim_area","118378","4/1/2018"
"118379",,"ACTIVE",,"county","430400000000","衡阳市","430407000000","石鼓区","430000000000","湖南省","石鼓区","1","rt_dim_area","118379","4/1/2018"
"118380",,"ACTIVE",,"county","430400000000","衡阳市","430408000000","蒸湘区","430000000000","湖南省","蒸湘区","1","rt_dim_area","118380","4/1/2018"
"118381",,"ACTIVE",,"county","430400000000","衡阳市","430412000000","南岳区","430000000000","湖南省","南岳区","1","rt_dim_area","118381","4/1/2018"
"118382",,"ACTIVE",,"county","430400000000","衡阳市","430421000000","衡阳县","430000000000","湖南省","衡阳县","1","rt_dim_area","118382","4/1/2018"
"118383",,"ACTIVE",,"county","430400000000","衡阳市","430422000000","衡南县","430000000000","湖南省","衡南县","1","rt_dim_area","118383","4/1/2018"
"118384",,"ACTIVE",,"county","430400000000","衡阳市","430423000000","衡山县","430000000000","湖南省","衡山县","1","rt_dim_area","118384","4/1/2018"
"118385",,"ACTIVE",,"county","430400000000","衡阳市","430424000000","衡东县","430000000000","湖南省","衡东县","1","rt_dim_area","118385","4/1/2018"
"118386",,"ACTIVE",,"county","430400000000","衡阳市","430426000000","祁东县","430000000000","湖南省","祁东县","1","rt_dim_area","118386","4/1/2018"
"118387",,"ACTIVE",,"county","430400000000","衡阳市","430481000000","耒阳市","430000000000","湖南省","耒阳市","1","rt_dim_area","118387","4/1/2018"
"118388",,"ACTIVE",,"county","430400000000","衡阳市","430482000000","常宁市","430000000000","湖南省","常宁市","1","rt_dim_area","118388","4/1/2018"
"118389",,"ACTIVE",,"city","430500000000","邵阳市",,,"430000000000","湖南省","邵阳市","1","rt_dim_area","118389","4/1/2018"
"118390",,"ACTIVE",,"county","430500000000","邵阳市","430500010000","宝工区","430000000000","湖南省","宝工区","1","rt_dim_area","118390","4/1/2018"
"118391",,"DEL",,"county","430500000000","邵阳市","430501000000","市辖区","430000000000","湖南省","市辖区","1","rt_dim_area","118391","4/1/2018"
"118392",,"ACTIVE",,"county","430500000000","邵阳市","430502000000","双清区","430000000000","湖南省","双清区","1","rt_dim_area","118392","4/1/2018"
"118393",,"ACTIVE",,"county","430500000000","邵阳市","430503000000","大祥区","430000000000","湖南省","大祥区","1","rt_dim_area","118393","4/1/2018"
"118394",,"ACTIVE",,"county","430500000000","邵阳市","430511000000","北塔区","430000000000","湖南省","北塔区","1","rt_dim_area","118394","4/1/2018"
"118395",,"ACTIVE",,"county","430500000000","邵阳市","430521000000","邵东县","430000000000","湖南省","邵东县","1","rt_dim_area","118395","4/1/2018"
"118396",,"ACTIVE",,"county","430500000000","邵阳市","430522000000","新邵县","430000000000","湖南省","新邵县","1","rt_dim_area","118396","4/1/2018"
"118397",,"ACTIVE",,"county","430500000000","邵阳市","430523000000","邵阳县","430000000000","湖南省","邵阳县","1","rt_dim_area","118397","4/1/2018"
"118398",,"ACTIVE",,"county","430500000000","邵阳市","430524000000","隆回县","430000000000","湖南省","隆回县","1","rt_dim_area","118398","4/1/2018"
"118399",,"ACTIVE",,"county","430500000000","邵阳市","430525000000","洞口县","430000000000","湖南省","洞口县","1","rt_dim_area","118399","4/1/2018"
"118400",,"ACTIVE",,"county","430500000000","邵阳市","430527000000","绥宁县","430000000000","湖南省","绥宁县","1","rt_dim_area","118400","4/1/2018"
"118401",,"ACTIVE",,"county","430500000000","邵阳市","430528000000","新宁县","430000000000","湖南省","新宁县","1","rt_dim_area","118401","4/1/2018"
"118402",,"ACTIVE",,"county","430500000000","邵阳市","430529000000","城步苗族自治县","430000000000","湖南省","城步苗族自治县","1","rt_dim_area","118402","4/1/2018"
"118403",,"ACTIVE",,"county","430500000000","邵阳市","430581000000","武冈市","430000000000","湖南省","武冈市","1","rt_dim_area","118403","4/1/2018"
"118404",,"ACTIVE",,"city","430600000000","岳阳市",,,"430000000000","湖南省","岳阳市","1","rt_dim_area","118404","4/1/2018"
"118405",,"ACTIVE",,"county","430600000000","岳阳市","430600010000","南湖新区","430000000000","湖南省","南湖新区","1","rt_dim_area","118405","4/1/2018"
"118406",,"ACTIVE",,"county","430600000000","岳阳市","430600020000","经济技术开发区","430000000000","湖南省","经济技术开发区","1","rt_dim_area","118406","4/1/2018"
"118407",,"ACTIVE",,"county","430600000000","岳阳市","430600030000","屈原管理区","430000000000","湖南省","屈原管理区","1","rt_dim_area","118407","4/1/2018"
"118408",,"ACTIVE",,"county","430600000000","岳阳市","430600040000","城陵矶新港区","430000000000","湖南省","城陵矶新港区","1","rt_dim_area","118408","4/1/2018"
"118409",,"DEL",,"county","430600000000","岳阳市","430601000000","市辖区","430000000000","湖南省","市辖区","1","rt_dim_area","118409","4/1/2018"
"118410",,"ACTIVE",,"county","430600000000","岳阳市","430602000000","岳阳楼区","430000000000","湖南省","岳阳楼区","1","rt_dim_area","118410","4/1/2018"
"118411",,"ACTIVE",,"county","430600000000","岳阳市","430603000000","云溪区","430000000000","湖南省","云溪区","1","rt_dim_area","118411","4/1/2018"
"118412",,"ACTIVE",,"county","430600000000","岳阳市","430611000000","君山区","430000000000","湖南省","君山区","1","rt_dim_area","118412","4/1/2018"
"118413",,"ACTIVE",,"county","430600000000","岳阳市","430621000000","岳阳县","430000000000","湖南省","岳阳县","1","rt_dim_area","118413","4/1/2018"
"118414",,"ACTIVE",,"county","430600000000","岳阳市","430623000000","华容县","430000000000","湖南省","华容县","1","rt_dim_area","118414","4/1/2018"
"118415",,"ACTIVE",,"county","430600000000","岳阳市","430624000000","湘阴县","430000000000","湖南省","湘阴县","1","rt_dim_area","118415","4/1/2018"
"118416",,"ACTIVE",,"county","430600000000","岳阳市","430626000000","平江县","430000000000","湖南省","平江县","1","rt_dim_area","118416","4/1/2018"
"118417",,"ACTIVE",,"county","430600000000","岳阳市","430681000000","汨罗市","430000000000","湖南省","汨罗市","1","rt_dim_area","118417","4/1/2018"
"118418",,"ACTIVE",,"county","430600000000","岳阳市","430682000000","临湘市","430000000000","湖南省","临湘市","1","rt_dim_area","118418","4/1/2018"
"118419",,"ACTIVE",,"city","430700000000","常德市",,,"430000000000","湖南省","常德市","1","rt_dim_area","118419","4/1/2018"
"118420",,"ACTIVE",,"county","430700000000","常德市","430700010000","常德经济开发区","430000000000","湖南省","常德经济开发区","1","rt_dim_area","118420","4/1/2018"
"118421",,"ACTIVE",,"county","430700000000","常德市","430700020000","桃花源旅游管理区","430000000000","湖南省","桃花源旅游管理区","1","rt_dim_area","118421","4/1/2018"
"118422",,"ACTIVE",,"county","430700000000","常德市","430700030000","柳叶湖旅游度假区","430000000000","湖南省","柳叶湖旅游度假区","1","rt_dim_area","118422","4/1/2018"
"118423",,"ACTIVE",,"county","430700000000","常德市","430700040000","西湖管理区","430000000000","湖南省","西湖管理区","1","rt_dim_area","118423","4/1/2018"
"118424",,"ACTIVE",,"county","430700000000","常德市","430700050000","西洞庭管理区","430000000000","湖南省","西洞庭管理区","1","rt_dim_area","118424","4/1/2018"
"118425",,"DEL",,"county","430700000000","常德市","430701000000","市辖区","430000000000","湖南省","市辖区","1","rt_dim_area","118425","4/1/2018"
"118426",,"ACTIVE",,"county","430700000000","常德市","430702000000","武陵区","430000000000","湖南省","武陵区","1","rt_dim_area","118426","4/1/2018"
"118427",,"ACTIVE",,"county","430700000000","常德市","430703000000","鼎城区","430000000000","湖南省","鼎城区","1","rt_dim_area","118427","4/1/2018"
"118428",,"ACTIVE",,"county","430700000000","常德市","430721000000","安乡县","430000000000","湖南省","安乡县","1","rt_dim_area","118428","4/1/2018"
"118429",,"ACTIVE",,"county","430700000000","常德市","430722000000","汉寿县","430000000000","湖南省","汉寿县","1","rt_dim_area","118429","4/1/2018"
"118430",,"ACTIVE",,"county","430700000000","常德市","430723000000","澧县","430000000000","湖南省","澧县","1","rt_dim_area","118430","4/1/2018"
"118431",,"ACTIVE",,"county","430700000000","常德市","430724000000","临澧县","430000000000","湖南省","临澧县","1","rt_dim_area","118431","4/1/2018"
"118432",,"ACTIVE",,"county","430700000000","常德市","430725000000","桃源县","430000000000","湖南省","桃源县","1","rt_dim_area","118432","4/1/2018"
"118433",,"ACTIVE",,"county","430700000000","常德市","430726000000","石门县","430000000000","湖南省","石门县","1","rt_dim_area","118433","4/1/2018"
"118434",,"ACTIVE",,"county","430700000000","常德市","430781000000","津市市","430000000000","湖南省","津市市","1","rt_dim_area","118434","4/1/2018"
"118435",,"ACTIVE",,"city","430800000000","张家界市",,,"430000000000","湖南省","张家界市","1","rt_dim_area","118435","4/1/2018"
"118436",,"ACTIVE",,"county","430800000000","张家界市","430800010000","张家界经济开发区","430000000000","湖南省","张家界经济开发区","1","rt_dim_area","118436","4/1/2018"
"118437",,"DEL",,"county","430800000000","张家界市","430801000000","市辖区","430000000000","湖南省","市辖区","1","rt_dim_area","118437","4/1/2018"
"118438",,"ACTIVE",,"county","430800000000","张家界市","430802000000","永定区","430000000000","湖南省","永定区","1","rt_dim_area","118438","4/1/2018"
"118439",,"ACTIVE",,"county","430800000000","张家界市","430811000000","武陵源区","430000000000","湖南省","武陵源区","1","rt_dim_area","118439","4/1/2018"
"118440",,"ACTIVE",,"county","430800000000","张家界市","430821000000","慈利县","430000000000","湖南省","慈利县","1","rt_dim_area","118440","4/1/2018"
"118441",,"ACTIVE",,"county","430800000000","张家界市","430822000000","桑植县","430000000000","湖南省","桑植县","1","rt_dim_area","118441","4/1/2018"
"118442",,"ACTIVE",,"city","430900000000","益阳市",,,"430000000000","湖南省","益阳市","1","rt_dim_area","118442","4/1/2018"
"118443",,"DEL",,"county","430900000000","益阳市","430901000000","市辖区","430000000000","湖南省","市辖区","1","rt_dim_area","118443","4/1/2018"
"118444",,"ACTIVE",,"county","430900000000","益阳市","430902000000","资阳区","430000000000","湖南省","资阳区","1","rt_dim_area","118444","4/1/2018"
"118445",,"ACTIVE",,"county","430900000000","益阳市","430903000000","赫山区","430000000000","湖南省","赫山区","1","rt_dim_area","118445","4/1/2018"
"118446",,"ACTIVE",,"county","430900000000","益阳市","430921000000","南县","430000000000","湖南省","南县","1","rt_dim_area","118446","4/1/2018"
"118447",,"ACTIVE",,"county","430900000000","益阳市","430922000000","桃江县","430000000000","湖南省","桃江县","1","rt_dim_area","118447","4/1/2018"
"118448",,"ACTIVE",,"county","430900000000","益阳市","430923000000","安化县","430000000000","湖南省","安化县","1","rt_dim_area","118448","4/1/2018"
"118449",,"ACTIVE",,"county","430900000000","益阳市","430981000000","沅江市","430000000000","湖南省","沅江市","1","rt_dim_area","118449","4/1/2018"
"118450",,"ACTIVE",,"city","431000000000","郴州市",,,"430000000000","湖南省","郴州市","1","rt_dim_area","118450","4/1/2018"
"118451",,"ACTIVE",,"county","431000000000","郴州市","431000010000","高新技术产业园区","430000000000","湖南省","高新技术产业园区","1","rt_dim_area","118451","4/1/2018"
"118452",,"ACTIVE",,"county","431000000000","郴州市","431000020000","郴州市经济开发区","430000000000","湖南省","郴州市经济开发区","1","rt_dim_area","118452","4/1/2018"
"118453",,"DEL",,"county","431000000000","郴州市","431001000000","市辖区","430000000000","湖南省","市辖区","1","rt_dim_area","118453","4/1/2018"
"118454",,"ACTIVE",,"county","431000000000","郴州市","431002000000","北湖区","430000000000","湖南省","北湖区","1","rt_dim_area","118454","4/1/2018"
"118455",,"ACTIVE",,"county","431000000000","郴州市","431003000000","苏仙区","430000000000","湖南省","苏仙区","1","rt_dim_area","118455","4/1/2018"
"118456",,"ACTIVE",,"county","431000000000","郴州市","431021000000","桂阳县","430000000000","湖南省","桂阳县","1","rt_dim_area","118456","4/1/2018"
"118457",,"ACTIVE",,"county","431000000000","郴州市","431022000000","宜章县","430000000000","湖南省","宜章县","1","rt_dim_area","118457","4/1/2018"
"118458",,"ACTIVE",,"county","431000000000","郴州市","431023000000","永兴县","430000000000","湖南省","永兴县","1","rt_dim_area","118458","4/1/2018"
"118459",,"ACTIVE",,"county","431000000000","郴州市","431024000000","嘉禾县","430000000000","湖南省","嘉禾县","1","rt_dim_area","118459","4/1/2018"
"118460",,"ACTIVE",,"county","431000000000","郴州市","431025000000","临武县","430000000000","湖南省","临武县","1","rt_dim_area","118460","4/1/2018"
"118461",,"ACTIVE",,"county","431000000000","郴州市","431026000000","汝城县","430000000000","湖南省","汝城县","1","rt_dim_area","118461","4/1/2018"
"118462",,"ACTIVE",,"county","431000000000","郴州市","431027000000","桂东县","430000000000","湖南省","桂东县","1","rt_dim_area","118462","4/1/2018"
"118463",,"ACTIVE",,"county","431000000000","郴州市","431028000000","安仁县","430000000000","湖南省","安仁县","1","rt_dim_area","118463","4/1/2018"
"118464",,"ACTIVE",,"county","431000000000","郴州市","431081000000","资兴市","430000000000","湖南省","资兴市","1","rt_dim_area","118464","4/1/2018"
"118465",,"ACTIVE",,"city","431100000000","永州市",,,"430000000000","湖南省","永州市","1","rt_dim_area","118465","4/1/2018"
"118466",,"ACTIVE",,"county","431100000000","永州市","431100010000","经开区","430000000000","湖南省","经开区","1","rt_dim_area","118466","4/1/2018"
"118467",,"ACTIVE",,"county","431100000000","永州市","431100020000","金洞管理区","430000000000","湖南省","金洞管理区","1","rt_dim_area","118467","4/1/2018"
"118468",,"ACTIVE",,"county","431100000000","永州市","431100030000","回龙圩管理区","430000000000","湖南省","回龙圩管理区","1","rt_dim_area","118468","4/1/2018"
"118469",,"DEL",,"county","431100000000","永州市","431101000000","市辖区","430000000000","湖南省","市辖区","1","rt_dim_area","118469","4/1/2018"
"118470",,"ACTIVE",,"county","431100000000","永州市","431102000000","零陵区","430000000000","湖南省","零陵区","1","rt_dim_area","118470","4/1/2018"
"118471",,"ACTIVE",,"county","431100000000","永州市","431103000000","冷水滩区","430000000000","湖南省","冷水滩区","1","rt_dim_area","118471","4/1/2018"
"118472",,"ACTIVE",,"county","431100000000","永州市","431121000000","祁阳县","430000000000","湖南省","祁阳县","1","rt_dim_area","118472","4/1/2018"
"118473",,"ACTIVE",,"county","431100000000","永州市","431122000000","东安县","430000000000","湖南省","东安县","1","rt_dim_area","118473","4/1/2018"
"118474",,"ACTIVE",,"county","431100000000","永州市","431123000000","双牌县","430000000000","湖南省","双牌县","1","rt_dim_area","118474","4/1/2018"
"118475",,"ACTIVE",,"county","431100000000","永州市","431124000000","道县","430000000000","湖南省","道县","1","rt_dim_area","118475","4/1/2018"
"118476",,"ACTIVE",,"county","431100000000","永州市","431125000000","江永县","430000000000","湖南省","江永县","1","rt_dim_area","118476","4/1/2018"
"118477",,"ACTIVE",,"county","431100000000","永州市","431126000000","宁远县","430000000000","湖南省","宁远县","1","rt_dim_area","118477","4/1/2018"
"118478",,"ACTIVE",,"county","431100000000","永州市","431127000000","蓝山县","430000000000","湖南省","蓝山县","1","rt_dim_area","118478","4/1/2018"
"118479",,"ACTIVE",,"county","431100000000","永州市","431128000000","新田县","430000000000","湖南省","新田县","1","rt_dim_area","118479","4/1/2018"
"118480",,"ACTIVE",,"county","431100000000","永州市","431129000000","江华瑶族自治县","430000000000","湖南省","江华瑶族自治县","1","rt_dim_area","118480","4/1/2018"
"118481",,"ACTIVE",,"city","431200000000","怀化市",,,"430000000000","湖南省","怀化市","1","rt_dim_area","118481","4/1/2018"
"118482",,"ACTIVE",,"county","431200000000","怀化市","431200010000","洪江区","430000000000","湖南省","洪江区","1","rt_dim_area","118482","4/1/2018"
"118483",,"ACTIVE",,"county","431200000000","怀化市","431200020000","怀化市经济开发区","430000000000","湖南省","怀化市经济开发区","1","rt_dim_area","118483","4/1/2018"
"118484",,"DEL",,"county","431200000000","怀化市","431201000000","市辖区","430000000000","湖南省","市辖区","1","rt_dim_area","118484","4/1/2018"
"118485",,"ACTIVE",,"county","431200000000","怀化市","431202000000","鹤城区","430000000000","湖南省","鹤城区","1","rt_dim_area","118485","4/1/2018"
"118486",,"ACTIVE",,"county","431200000000","怀化市","431221000000","中方县","430000000000","湖南省","中方县","1","rt_dim_area","118486","4/1/2018"
"118487",,"ACTIVE",,"county","431200000000","怀化市","431222000000","沅陵县","430000000000","湖南省","沅陵县","1","rt_dim_area","118487","4/1/2018"
"118488",,"ACTIVE",,"county","431200000000","怀化市","431223000000","辰溪县","430000000000","湖南省","辰溪县","1","rt_dim_area","118488","4/1/2018"
"118489",,"ACTIVE",,"county","431200000000","怀化市","431224000000","溆浦县","430000000000","湖南省","溆浦县","1","rt_dim_area","118489","4/1/2018"
"118490",,"ACTIVE",,"county","431200000000","怀化市","431225000000","会同县","430000000000","湖南省","会同县","1","rt_dim_area","118490","4/1/2018"
"118491",,"ACTIVE",,"county","431200000000","怀化市","431226000000","麻阳苗族自治县","430000000000","湖南省","麻阳苗族自治县","1","rt_dim_area","118491","4/1/2018"
"118492",,"ACTIVE",,"county","431200000000","怀化市","431227000000","新晃侗族自治县","430000000000","湖南省","新晃侗族自治县","1","rt_dim_area","118492","4/1/2018"
"118493",,"ACTIVE",,"county","431200000000","怀化市","431228000000","芷江侗族自治县","430000000000","湖南省","芷江侗族自治县","1","rt_dim_area","118493","4/1/2018"
"118494",,"ACTIVE",,"county","431200000000","怀化市","431229000000","靖州苗族侗族自治县","430000000000","湖南省","靖州苗族侗族自治县","1","rt_dim_area","118494","4/1/2018"
"118495",,"ACTIVE",,"county","431200000000","怀化市","431230000000","通道侗族自治县","430000000000","湖南省","通道侗族自治县","1","rt_dim_area","118495","4/1/2018"
"118496",,"ACTIVE",,"county","431200000000","怀化市","431281000000","洪江市","430000000000","湖南省","洪江市","1","rt_dim_area","118496","4/1/2018"
"118497",,"ACTIVE",,"city","431300000000","娄底市",,,"430000000000","湖南省","娄底市","1","rt_dim_area","118497","4/1/2018"
"118498",,"DEL",,"county","431300000000","娄底市","431301000000","市辖区","430000000000","湖南省","市辖区","1","rt_dim_area","118498","4/1/2018"
"118499",,"ACTIVE",,"county","431300000000","娄底市","431302000000","娄星区","430000000000","湖南省","娄星区","1","rt_dim_area","118499","4/1/2018"
"118500",,"ACTIVE",,"county","431300000000","娄底市","431321000000","双峰县","430000000000","湖南省","双峰县","1","rt_dim_area","118500","4/1/2018"
"118501",,"ACTIVE",,"county","431300000000","娄底市","431322000000","新化县","430000000000","湖南省","新化县","1","rt_dim_area","118501","4/1/2018"
"118502",,"ACTIVE",,"county","431300000000","娄底市","431381000000","冷水江市","430000000000","湖南省","冷水江市","1","rt_dim_area","118502","4/1/2018"
"118503",,"ACTIVE",,"county","431300000000","娄底市","431382000000","涟源市","430000000000","湖南省","涟源市","1","rt_dim_area","118503","4/1/2018"
"118504",,"ACTIVE",,"city","433100000000","湘西土家族苗族自治州",,,"430000000000","湖南省","湘西土家族苗族自治州","1","rt_dim_area","118504","4/1/2018"
"118505",,"ACTIVE",,"county","433100000000","湘西土家族苗族自治州","433100010000","湘西自治州经济开发区","430000000000","湖南省","湘西自治州经济开发区","1","rt_dim_area","118505","4/1/2018"
"118506",,"ACTIVE",,"county","433100000000","湘西土家族苗族自治州","433101000000","吉首市","430000000000","湖南省","吉首市","1","rt_dim_area","118506","4/1/2018"
"118507",,"ACTIVE",,"county","433100000000","湘西土家族苗族自治州","433122000000","泸溪县","430000000000","湖南省","泸溪县","1","rt_dim_area","118507","4/1/2018"
"118508",,"ACTIVE",,"county","433100000000","湘西土家族苗族自治州","433123000000","凤凰县","430000000000","湖南省","凤凰县","1","rt_dim_area","118508","4/1/2018"
"118509",,"ACTIVE",,"county","433100000000","湘西土家族苗族自治州","433124000000","花垣县","430000000000","湖南省","花垣县","1","rt_dim_area","118509","4/1/2018"
"118510",,"ACTIVE",,"county","433100000000","湘西土家族苗族自治州","433125000000","保靖县","430000000000","湖南省","保靖县","1","rt_dim_area","118510","4/1/2018"
"118511",,"ACTIVE",,"county","433100000000","湘西土家族苗族自治州","433126000000","古丈县","430000000000","湖南省","古丈县","1","rt_dim_area","118511","4/1/2018"
"118512",,"ACTIVE",,"county","433100000000","湘西土家族苗族自治州","433127000000","永顺县","430000000000","湖南省","永顺县","1","rt_dim_area","118512","4/1/2018"
"118513",,"ACTIVE",,"county","433100000000","湘西土家族苗族自治州","433130000000","龙山县","430000000000","湖南省","龙山县","1","rt_dim_area","118513","4/1/2018"
"118514",,"ACTIVE",,"province",,,,,"440000000000","广东省","广东省","1","rt_dim_area","118514","4/1/2018"
"118515",,"ACTIVE",,"city","440100000000","广州市",,,"440000000000","广东省","广州市","1","rt_dim_area","118515","4/1/2018"
"118516",,"DEL",,"county","440100000000","广州市","440101000000","市辖区","440000000000","广东省","市辖区","1","rt_dim_area","118516","4/1/2018"
"118517",,"ACTIVE",,"county","440100000000","广州市","440103000000","荔湾区","440000000000","广东省","荔湾区","1","rt_dim_area","118517","4/1/2018"
"118518",,"ACTIVE",,"county","440100000000","广州市","440104000000","越秀区","440000000000","广东省","越秀区","1","rt_dim_area","118518","4/1/2018"
"118519",,"ACTIVE",,"county","440100000000","广州市","440105000000","海珠区","440000000000","广东省","海珠区","1","rt_dim_area","118519","4/1/2018"
"118520",,"ACTIVE",,"county","440100000000","广州市","440106000000","天河区","440000000000","广东省","天河区","1","rt_dim_area","118520","4/1/2018"
"118521",,"ACTIVE",,"county","440100000000","广州市","440111000000","白云区","440000000000","广东省","白云区","1","rt_dim_area","118521","4/1/2018"
"118522",,"ACTIVE",,"county","440100000000","广州市","440112000000","黄埔区","440000000000","广东省","黄埔区","1","rt_dim_area","118522","4/1/2018"
"118523",,"ACTIVE",,"county","440100000000","广州市","440113000000","番禺区","440000000000","广东省","番禺区","1","rt_dim_area","118523","4/1/2018"
"118524",,"ACTIVE",,"county","440100000000","广州市","440114000000","花都区","440000000000","广东省","花都区","1","rt_dim_area","118524","4/1/2018"
"118525",,"ACTIVE",,"county","440100000000","广州市","440115000000","南沙区","440000000000","广东省","南沙区","1","rt_dim_area","118525","4/1/2018"
"118526",,"ACTIVE",,"county","440100000000","广州市","440117000000","从化区","440000000000","广东省","从化区","1","rt_dim_area","118526","4/1/2018"
"118527",,"ACTIVE",,"county","440100000000","广州市","440118000000","增城区","440000000000","广东省","增城区","1","rt_dim_area","118527","4/1/2018"
"118528",,"ACTIVE",,"city","440200000000","韶关市",,,"440000000000","广东省","韶关市","1","rt_dim_area","118528","4/1/2018"
"118529",,"DEL",,"county","440200000000","韶关市","440201000000","市辖区","440000000000","广东省","市辖区","1","rt_dim_area","118529","4/1/2018"
"118530",,"ACTIVE",,"county","440200000000","韶关市","440203000000","武江区","440000000000","广东省","武江区","1","rt_dim_area","118530","4/1/2018"
"118531",,"ACTIVE",,"county","440200000000","韶关市","440204000000","浈江区","440000000000","广东省","浈江区","1","rt_dim_area","118531","4/1/2018"
"118532",,"ACTIVE",,"county","440200000000","韶关市","440205000000","曲江区","440000000000","广东省","曲江区","1","rt_dim_area","118532","4/1/2018"
"118533",,"ACTIVE",,"county","440200000000","韶关市","440222000000","始兴县","440000000000","广东省","始兴县","1","rt_dim_area","118533","4/1/2018"
"118534",,"ACTIVE",,"county","440200000000","韶关市","440224000000","仁化县","440000000000","广东省","仁化县","1","rt_dim_area","118534","4/1/2018"
"118535",,"ACTIVE",,"county","440200000000","韶关市","440229000000","翁源县","440000000000","广东省","翁源县","1","rt_dim_area","118535","4/1/2018"
"118536",,"ACTIVE",,"county","440200000000","韶关市","440232000000","乳源瑶族自治县","440000000000","广东省","乳源瑶族自治县","1","rt_dim_area","118536","4/1/2018"
"118537",,"ACTIVE",,"county","440200000000","韶关市","440233000000","新丰县","440000000000","广东省","新丰县","1","rt_dim_area","118537","4/1/2018"
"118538",,"ACTIVE",,"county","440200000000","韶关市","440281000000","乐昌市","440000000000","广东省","乐昌市","1","rt_dim_area","118538","4/1/2018"
"118539",,"ACTIVE",,"county","440200000000","韶关市","440282000000","南雄市","440000000000","广东省","南雄市","1","rt_dim_area","118539","4/1/2018"
"118540",,"ACTIVE",,"city","440300000000","深圳市",,,"440000000000","广东省","深圳市","1","rt_dim_area","118540","4/1/2018"
"118541",,"DEL",,"county","440300000000","深圳市","440301000000","市辖区","440000000000","广东省","市辖区","1","rt_dim_area","118541","4/1/2018"
"118542",,"ACTIVE",,"county","440300000000","深圳市","440303000000","罗湖区","440000000000","广东省","罗湖区","1","rt_dim_area","118542","4/1/2018"
"118543",,"ACTIVE",,"county","440300000000","深圳市","440304000000","福田区","440000000000","广东省","福田区","1","rt_dim_area","118543","4/1/2018"
"118544",,"ACTIVE",,"county","440300000000","深圳市","440305000000","南山区","440000000000","广东省","南山区","1","rt_dim_area","118544","4/1/2018"
"118545",,"ACTIVE",,"county","440300000000","深圳市","440306000000","宝安区","440000000000","广东省","宝安区","1","rt_dim_area","118545","4/1/2018"
"118546",,"ACTIVE",,"county","440300000000","深圳市","440307000000","龙岗区","440000000000","广东省","龙岗区","1","rt_dim_area","118546","4/1/2018"
"118547",,"ACTIVE",,"county","440300000000","深圳市","440308000000","盐田区","440000000000","广东省","盐田区","1","rt_dim_area","118547","4/1/2018"
"118548",,"ACTIVE",,"county","440300000000","深圳市","440309000000","龙华区","440000000000","广东省","龙华区","1","rt_dim_area","118548","4/1/2018"
"118549",,"ACTIVE",,"county","440300000000","深圳市","440310000000","坪山区","440000000000","广东省","坪山区","1","rt_dim_area","118549","4/1/2018"
"118550",,"ACTIVE",,"county","440300000000","深圳市","440311000000","光明新区","440000000000","广东省","光明新区","1","rt_dim_area","118550","4/1/2018"
"118551",,"ACTIVE",,"county","440300000000","深圳市","440312000000","大鹏新区","440000000000","广东省","大鹏新区","1","rt_dim_area","118551","4/1/2018"
"118552",,"ACTIVE",,"city","440400000000","珠海市",,,"440000000000","广东省","珠海市","1","rt_dim_area","118552","4/1/2018"
"118553",,"DEL",,"county","440400000000","珠海市","440401000000","市辖区","440000000000","广东省","市辖区","1","rt_dim_area","118553","4/1/2018"
"118554",,"ACTIVE",,"county","440400000000","珠海市","440402000000","香洲区","440000000000","广东省","香洲区","1","rt_dim_area","118554","4/1/2018"
"118555",,"ACTIVE",,"county","440400000000","珠海市","440403000000","斗门区","440000000000","广东省","斗门区","1","rt_dim_area","118555","4/1/2018"
"118556",,"ACTIVE",,"county","440400000000","珠海市","440404000000","金湾区","440000000000","广东省","金湾区","1","rt_dim_area","118556","4/1/2018"
"118557",,"ACTIVE",,"city","440500000000","汕头市",,,"440000000000","广东省","汕头市","1","rt_dim_area","118557","4/1/2018"
"118558",,"ACTIVE",,"county","440500000000","汕头市","440500010000","汕头高新技术产业开发区","440000000000","广东省","汕头高新技术产业开发区","1","rt_dim_area","118558","4/1/2018"
"118559",,"ACTIVE",,"county","440500000000","汕头市","440500020000","汕头经济特区保税区","440000000000","广东省","汕头经济特区保税区","1","rt_dim_area","118559","4/1/2018"
"118560",,"ACTIVE",,"county","440500000000","汕头市","440500030000","华侨经济文化合作试验区","440000000000","广东省","华侨经济文化合作试验区","1","rt_dim_area","118560","4/1/2018"
"118561",,"DEL",,"county","440500000000","汕头市","440501000000","市辖区","440000000000","广东省","市辖区","1","rt_dim_area","118561","4/1/2018"
"118562",,"ACTIVE",,"county","440500000000","汕头市","440507000000","龙湖区","440000000000","广东省","龙湖区","1","rt_dim_area","118562","4/1/2018"
"118563",,"ACTIVE",,"county","440500000000","汕头市","440511000000","金平区","440000000000","广东省","金平区","1","rt_dim_area","118563","4/1/2018"
"118564",,"ACTIVE",,"county","440500000000","汕头市","440512000000","濠江区","440000000000","广东省","濠江区","1","rt_dim_area","118564","4/1/2018"
"118565",,"ACTIVE",,"county","440500000000","汕头市","440513000000","潮阳区","440000000000","广东省","潮阳区","1","rt_dim_area","118565","4/1/2018"
"118566",,"ACTIVE",,"county","440500000000","汕头市","440514000000","潮南区","440000000000","广东省","潮南区","1","rt_dim_area","118566","4/1/2018"
"118567",,"ACTIVE",,"county","440500000000","汕头市","440515000000","澄海区","440000000000","广东省","澄海区","1","rt_dim_area","118567","4/1/2018"
"118568",,"ACTIVE",,"county","440500000000","汕头市","440523000000","南澳县","440000000000","广东省","南澳县","1","rt_dim_area","118568","4/1/2018"
"118569",,"ACTIVE",,"city","440600000000","佛山市",,,"440000000000","广东省","佛山市","1","rt_dim_area","118569","4/1/2018"
"118570",,"DEL",,"county","440600000000","佛山市","440601000000","市辖区","440000000000","广东省","市辖区","1","rt_dim_area","118570","4/1/2018"
"118571",,"ACTIVE",,"county","440600000000","佛山市","440604000000","禅城区","440000000000","广东省","禅城区","1","rt_dim_area","118571","4/1/2018"
"118572",,"ACTIVE",,"county","440600000000","佛山市","440605000000","南海区","440000000000","广东省","南海区","1","rt_dim_area","118572","4/1/2018"
"118573",,"ACTIVE",,"county","440600000000","佛山市","440606000000","顺德区","440000000000","广东省","顺德区","1","rt_dim_area","118573","4/1/2018"
"118574",,"ACTIVE",,"county","440600000000","佛山市","440607000000","三水区","440000000000","广东省","三水区","1","rt_dim_area","118574","4/1/2018"
"118575",,"ACTIVE",,"county","440600000000","佛山市","440608000000","高明区","440000000000","广东省","高明区","1","rt_dim_area","118575","4/1/2018"
"118576",,"ACTIVE",,"city","440700000000","江门市",,,"440000000000","广东省","江门市","1","rt_dim_area","118576","4/1/2018"
"118577",,"DEL",,"county","440700000000","江门市","440701000000","市辖区","440000000000","广东省","市辖区","1","rt_dim_area","118577","4/1/2018"
"118578",,"ACTIVE",,"county","440700000000","江门市","440703000000","蓬江区","440000000000","广东省","蓬江区","1","rt_dim_area","118578","4/1/2018"
"118579",,"ACTIVE",,"county","440700000000","江门市","440704000000","江海区","440000000000","广东省","江海区","1","rt_dim_area","118579","4/1/2018"
"118580",,"ACTIVE",,"county","440700000000","江门市","440705000000","新会区","440000000000","广东省","新会区","1","rt_dim_area","118580","4/1/2018"
"118581",,"ACTIVE",,"county","440700000000","江门市","440781000000","台山市","440000000000","广东省","台山市","1","rt_dim_area","118581","4/1/2018"
"118582",,"ACTIVE",,"county","440700000000","江门市","440783000000","开平市","440000000000","广东省","开平市","1","rt_dim_area","118582","4/1/2018"
"118583",,"ACTIVE",,"county","440700000000","江门市","440784000000","鹤山市","440000000000","广东省","鹤山市","1","rt_dim_area","118583","4/1/2018"
"118584",,"ACTIVE",,"county","440700000000","江门市","440785000000","恩平市","440000000000","广东省","恩平市","1","rt_dim_area","118584","4/1/2018"
"118585",,"ACTIVE",,"city","440800000000","湛江市",,,"440000000000","广东省","湛江市","1","rt_dim_area","118585","4/1/2018"
"118586",,"DEL",,"county","440800000000","湛江市","440801000000","市辖区","440000000000","广东省","市辖区","1","rt_dim_area","118586","4/1/2018"
"118587",,"ACTIVE",,"county","440800000000","湛江市","440802000000","赤坎区","440000000000","广东省","赤坎区","1","rt_dim_area","118587","4/1/2018"
"118588",,"ACTIVE",,"county","440800000000","湛江市","440803000000","霞山区","440000000000","广东省","霞山区","1","rt_dim_area","118588","4/1/2018"
"118589",,"ACTIVE",,"county","440800000000","湛江市","440804000000","坡头区","440000000000","广东省","坡头区","1","rt_dim_area","118589","4/1/2018"
"118590",,"ACTIVE",,"county","440800000000","湛江市","440811000000","麻章区","440000000000","广东省","麻章区","1","rt_dim_area","118590","4/1/2018"
"118591",,"ACTIVE",,"county","440800000000","湛江市","440823000000","遂溪县","440000000000","广东省","遂溪县","1","rt_dim_area","118591","4/1/2018"
"118592",,"ACTIVE",,"county","440800000000","湛江市","440825000000","徐闻县","440000000000","广东省","徐闻县","1","rt_dim_area","118592","4/1/2018"
"118593",,"ACTIVE",,"county","440800000000","湛江市","440881000000","廉江市","440000000000","广东省","廉江市","1","rt_dim_area","118593","4/1/2018"
"118594",,"ACTIVE",,"county","440800000000","湛江市","440882000000","雷州市","440000000000","广东省","雷州市","1","rt_dim_area","118594","4/1/2018"
"118595",,"ACTIVE",,"county","440800000000","湛江市","440883000000","吴川市","440000000000","广东省","吴川市","1","rt_dim_area","118595","4/1/2018"
"118596",,"ACTIVE",,"city","440900000000","茂名市",,,"440000000000","广东省","茂名市","1","rt_dim_area","118596","4/1/2018"
"118597",,"ACTIVE",,"county","440900000000","茂名市","440900010000","茂名水东湾新城","440000000000","广东省","茂名水东湾新城","1","rt_dim_area","118597","4/1/2018"
"118598",,"DEL",,"county","440900000000","茂名市","440901000000","市辖区","440000000000","广东省","市辖区","1","rt_dim_area","118598","4/1/2018"
"118599",,"ACTIVE",,"county","440900000000","茂名市","440902000000","茂南区","440000000000","广东省","茂南区","1","rt_dim_area","118599","4/1/2018"
"118600",,"ACTIVE",,"county","440900000000","茂名市","440904000000","电白区","440000000000","广东省","电白区","1","rt_dim_area","118600","4/1/2018"
"118601",,"ACTIVE",,"county","440900000000","茂名市","440981000000","高州市","440000000000","广东省","高州市","1","rt_dim_area","118601","4/1/2018"
"118602",,"ACTIVE",,"county","440900000000","茂名市","440982000000","化州市","440000000000","广东省","化州市","1","rt_dim_area","118602","4/1/2018"
"118603",,"ACTIVE",,"county","440900000000","茂名市","440983000000","信宜市","440000000000","广东省","信宜市","1","rt_dim_area","118603","4/1/2018"
"118604",,"ACTIVE",,"county","440900000000","茂名市","440991000000","茂名高新技术产业开发区","440000000000","广东省","茂名高新技术产业开发区","1","rt_dim_area","118604","4/1/2018"
"118605",,"ACTIVE",,"county","440900000000","茂名市","440992000000","广东茂名滨海新区","440000000000","广东省","广东茂名滨海新区","1","rt_dim_area","118605","4/1/2018"
"118606",,"ACTIVE",,"city","441200000000","肇庆市",,,"440000000000","广东省","肇庆市","1","rt_dim_area","118606","4/1/2018"
"118607",,"DEL",,"county","441200000000","肇庆市","441201000000","市辖区","440000000000","广东省","市辖区","1","rt_dim_area","118607","4/1/2018"
"118608",,"ACTIVE",,"county","441200000000","肇庆市","441202000000","端州区","440000000000","广东省","端州区","1","rt_dim_area","118608","4/1/2018"
"118609",,"ACTIVE",,"county","441200000000","肇庆市","441203000000","鼎湖区","440000000000","广东省","鼎湖区","1","rt_dim_area","118609","4/1/2018"
"118610",,"ACTIVE",,"county","441200000000","肇庆市","441204000000","高要区","440000000000","广东省","高要区","1","rt_dim_area","118610","4/1/2018"
"118611",,"ACTIVE",,"county","441200000000","肇庆市","441223000000","广宁县","440000000000","广东省","广宁县","1","rt_dim_area","118611","4/1/2018"
"118612",,"ACTIVE",,"county","441200000000","肇庆市","441224000000","怀集县","440000000000","广东省","怀集县","1","rt_dim_area","118612","4/1/2018"
"118613",,"ACTIVE",,"county","441200000000","肇庆市","441225000000","封开县","440000000000","广东省","封开县","1","rt_dim_area","118613","4/1/2018"
"118614",,"ACTIVE",,"county","441200000000","肇庆市","441226000000","德庆县","440000000000","广东省","德庆县","1","rt_dim_area","118614","4/1/2018"
"118615",,"ACTIVE",,"county","441200000000","肇庆市","441261000000","高新区","440000000000","广东省","高新区","1","rt_dim_area","118615","4/1/2018"
"118616",,"ACTIVE",,"county","441200000000","肇庆市","441284000000","四会市","440000000000","广东省","四会市","1","rt_dim_area","118616","4/1/2018"
"118617",,"ACTIVE",,"city","441300000000","惠州市",,,"440000000000","广东省","惠州市","1","rt_dim_area","118617","4/1/2018"
"118618",,"DEL",,"county","441300000000","惠州市","441301000000","市辖区","440000000000","广东省","市辖区","1","rt_dim_area","118618","4/1/2018"
"118619",,"ACTIVE",,"county","441300000000","惠州市","441302000000","惠城区","440000000000","广东省","惠城区","1","rt_dim_area","118619","4/1/2018"
"118620",,"ACTIVE",,"county","441300000000","惠州市","441303000000","惠阳区","440000000000","广东省","惠阳区","1","rt_dim_area","118620","4/1/2018"
"118621",,"ACTIVE",,"county","441300000000","惠州市","441304000000","惠州大亚湾经济技术开发区","440000000000","广东省","惠州大亚湾经济技术开发区","1","rt_dim_area","118621","4/1/2018"
"118622",,"ACTIVE",,"county","441300000000","惠州市","441322000000","博罗县","440000000000","广东省","博罗县","1","rt_dim_area","118622","4/1/2018"
"118623",,"ACTIVE",,"county","441300000000","惠州市","441323000000","惠东县","440000000000","广东省","惠东县","1","rt_dim_area","118623","4/1/2018"
"118624",,"ACTIVE",,"county","441300000000","惠州市","441324000000","龙门县","440000000000","广东省","龙门县","1","rt_dim_area","118624","4/1/2018"
"118625",,"ACTIVE",,"county","441300000000","惠州市","441362000000","仲恺高新技术产业开发区","440000000000","广东省","仲恺高新技术产业开发区","1","rt_dim_area","118625","4/1/2018"
"118626",,"ACTIVE",,"city","441400000000","梅州市",,,"440000000000","广东省","梅州市","1","rt_dim_area","118626","4/1/2018"
"118627",,"DEL",,"county","441400000000","梅州市","441401000000","市辖区","440000000000","广东省","市辖区","1","rt_dim_area","118627","4/1/2018"
"118628",,"ACTIVE",,"county","441400000000","梅州市","441402000000","梅江区","440000000000","广东省","梅江区","1","rt_dim_area","118628","4/1/2018"
"118629",,"ACTIVE",,"county","441400000000","梅州市","441403000000","梅县区","440000000000","广东省","梅县区","1","rt_dim_area","118629","4/1/2018"
"118630",,"ACTIVE",,"county","441400000000","梅州市","441422000000","大埔县","440000000000","广东省","大埔县","1","rt_dim_area","118630","4/1/2018"
"118631",,"ACTIVE",,"county","441400000000","梅州市","441423000000","丰顺县","440000000000","广东省","丰顺县","1","rt_dim_area","118631","4/1/2018"
"118632",,"ACTIVE",,"county","441400000000","梅州市","441424000000","五华县","440000000000","广东省","五华县","1","rt_dim_area","118632","4/1/2018"
"118633",,"ACTIVE",,"county","441400000000","梅州市","441426000000","平远县","440000000000","广东省","平远县","1","rt_dim_area","118633","4/1/2018"
"118634",,"ACTIVE",,"county","441400000000","梅州市","441427000000","蕉岭县","440000000000","广东省","蕉岭县","1","rt_dim_area","118634","4/1/2018"
"118635",,"ACTIVE",,"county","441400000000","梅州市","441481000000","兴宁市","440000000000","广东省","兴宁市","1","rt_dim_area","118635","4/1/2018"
"118636",,"ACTIVE",,"city","441500000000","汕尾市",,,"440000000000","广东省","汕尾市","1","rt_dim_area","118636","4/1/2018"
"118637",,"DEL",,"county","441500000000","汕尾市","441501000000","市辖区","440000000000","广东省","市辖区","1","rt_dim_area","118637","4/1/2018"
"118638",,"ACTIVE",,"county","441500000000","汕尾市","441502000000","城区","440000000000","广东省","城区","1","rt_dim_area","118638","4/1/2018"
"118639",,"ACTIVE",,"county","441500000000","汕尾市","441503000000","广东汕尾红海湾经济开发区","440000000000","广东省","广东汕尾红海湾经济开发区","1","rt_dim_area","118639","4/1/2018"
"118640",,"ACTIVE",,"county","441500000000","汕尾市","441504000000","深汕特别合作区","440000000000","广东省","深汕特别合作区","1","rt_dim_area","118640","4/1/2018"
"118641",,"ACTIVE",,"county","441500000000","汕尾市","441505000000","汕尾市华侨管理区","440000000000","广东省","汕尾市华侨管理区","1","rt_dim_area","118641","4/1/2018"
"118642",,"ACTIVE",,"county","441500000000","汕尾市","441506000000","广东汕尾星都经济开发区","440000000000","广东省","广东汕尾星都经济开发区","1","rt_dim_area","118642","4/1/2018"
"118643",,"ACTIVE",,"county","441500000000","汕尾市","441521000000","海丰县","440000000000","广东省","海丰县","1","rt_dim_area","118643","4/1/2018"
"118644",,"ACTIVE",,"county","441500000000","汕尾市","441523000000","陆河县","440000000000","广东省","陆河县","1","rt_dim_area","118644","4/1/2018"
"118645",,"ACTIVE",,"county","441500000000","汕尾市","441581000000","陆丰市","440000000000","广东省","陆丰市","1","rt_dim_area","118645","4/1/2018"
"118646",,"ACTIVE",,"city","441600000000","河源市",,,"440000000000","广东省","河源市","1","rt_dim_area","118646","4/1/2018"
"118647",,"ACTIVE",,"county","441600000000","河源市","441600010000","河源市高新技术开发区","440000000000","广东省","河源市高新技术开发区","1","rt_dim_area","118647","4/1/2018"
"118648",,"ACTIVE",,"county","441600000000","河源市","441600020000","河源江东新区","440000000000","广东省","河源江东新区","1","rt_dim_area","118648","4/1/2018"
"118649",,"DEL",,"county","441600000000","河源市","441601000000","市辖区","440000000000","广东省","市辖区","1","rt_dim_area","118649","4/1/2018"
"118650",,"ACTIVE",,"county","441600000000","河源市","441602000000","源城区","440000000000","广东省","源城区","1","rt_dim_area","118650","4/1/2018"
"118651",,"ACTIVE",,"county","441600000000","河源市","441621000000","紫金县","440000000000","广东省","紫金县","1","rt_dim_area","118651","4/1/2018"
"118652",,"ACTIVE",,"county","441600000000","河源市","441622000000","龙川县","440000000000","广东省","龙川县","1","rt_dim_area","118652","4/1/2018"
"118653",,"ACTIVE",,"county","441600000000","河源市","441623000000","连平县","440000000000","广东省","连平县","1","rt_dim_area","118653","4/1/2018"
"118654",,"ACTIVE",,"county","441600000000","河源市","441624000000","和平县","440000000000","广东省","和平县","1","rt_dim_area","118654","4/1/2018"
"118655",,"ACTIVE",,"county","441600000000","河源市","441625000000","东源县","440000000000","广东省","东源县","1","rt_dim_area","118655","4/1/2018"
"118656",,"ACTIVE",,"city","441700000000","阳江市",,,"440000000000","广东省","阳江市","1","rt_dim_area","118656","4/1/2018"
"118657",,"DEL",,"county","441700000000","阳江市","441701000000","市辖区","440000000000","广东省","市辖区","1","rt_dim_area","118657","4/1/2018"
"118658",,"ACTIVE",,"county","441700000000","阳江市","441702000000","江城区","440000000000","广东省","江城区","1","rt_dim_area","118658","4/1/2018"
"118659",,"ACTIVE",,"county","441700000000","阳江市","441704000000","阳东区","440000000000","广东省","阳东区","1","rt_dim_area","118659","4/1/2018"
"118660",,"ACTIVE",,"county","441700000000","阳江市","441721000000","阳西县","440000000000","广东省","阳西县","1","rt_dim_area","118660","4/1/2018"
"118661",,"ACTIVE",,"county","441700000000","阳江市","441781000000","阳春市","440000000000","广东省","阳春市","1","rt_dim_area","118661","4/1/2018"
"118662",,"ACTIVE",,"city","441800000000","清远市",,,"440000000000","广东省","清远市","1","rt_dim_area","118662","4/1/2018"
"118663",,"DEL",,"county","441800000000","清远市","441801000000","市辖区","440000000000","广东省","市辖区","1","rt_dim_area","118663","4/1/2018"
"118664",,"ACTIVE",,"county","441800000000","清远市","441802000000","清城区","440000000000","广东省","清城区","1","rt_dim_area","118664","4/1/2018"
"118665",,"ACTIVE",,"county","441800000000","清远市","441803000000","清新区","440000000000","广东省","清新区","1","rt_dim_area","118665","4/1/2018"
"118666",,"ACTIVE",,"county","441800000000","清远市","441821000000","佛冈县","440000000000","广东省","佛冈县","1","rt_dim_area","118666","4/1/2018"
"118667",,"ACTIVE",,"county","441800000000","清远市","441823000000","阳山县","440000000000","广东省","阳山县","1","rt_dim_area","118667","4/1/2018"
"118668",,"ACTIVE",,"county","441800000000","清远市","441825000000","连山壮族瑶族自治县","440000000000","广东省","连山壮族瑶族自治县","1","rt_dim_area","118668","4/1/2018"
"118669",,"ACTIVE",,"county","441800000000","清远市","441826000000","连南瑶族自治县","440000000000","广东省","连南瑶族自治县","1","rt_dim_area","118669","4/1/2018"
"118670",,"ACTIVE",,"county","441800000000","清远市","441881000000","英德市","440000000000","广东省","英德市","1","rt_dim_area","118670","4/1/2018"
"118671",,"ACTIVE",,"county","441800000000","清远市","441882000000","连州市","440000000000","广东省","连州市","1","rt_dim_area","118671","4/1/2018"
"118672",,"ACTIVE",,"city","441900000000","东莞市",,,"440000000000","广东省","东莞市","1","rt_dim_area","118672","4/1/2018"
"118673",,"ACTIVE",,"county","441900000000","东莞市","441913000000","东城街道办事处","440000000000","广东省","东城街道办事处","1","rt_dim_area","118673","4/1/2018"
"118674",,"ACTIVE",,"county","441900000000","东莞市","441914000000","南城街道办事处","440000000000","广东省","南城街道办事处","1","rt_dim_area","118674","4/1/2018"
"118675",,"ACTIVE",,"county","441900000000","东莞市","441915000000","万江街道办事处","440000000000","广东省","万江街道办事处","1","rt_dim_area","118675","4/1/2018"
"118676",,"ACTIVE",,"county","441900000000","东莞市","441916000000","莞城街道办事处","440000000000","广东省","莞城街道办事处","1","rt_dim_area","118676","4/1/2018"
"118677",,"ACTIVE",,"county","441900000000","东莞市","441931000000","松山湖生态园管委会","440000000000","广东省","松山湖生态园管委会","1","rt_dim_area","118677","4/1/2018"
"118678",,"ACTIVE",,"county","441900000000","东莞市","441951000000","石碣镇","440000000000","广东省","石碣镇","1","rt_dim_area","118678","4/1/2018"
"118679",,"ACTIVE",,"county","441900000000","东莞市","441952000000","石龙镇","440000000000","广东省","石龙镇","1","rt_dim_area","118679","4/1/2018"
"118680",,"ACTIVE",,"county","441900000000","东莞市","441953000000","茶山镇","440000000000","广东省","茶山镇","1","rt_dim_area","118680","4/1/2018"
"118681",,"ACTIVE",,"county","441900000000","东莞市","441954000000","石排镇","440000000000","广东省","石排镇","1","rt_dim_area","118681","4/1/2018"
"118682",,"ACTIVE",,"county","441900000000","东莞市","441955000000","企石镇","440000000000","广东省","企石镇","1","rt_dim_area","118682","4/1/2018"
"118683",,"ACTIVE",,"county","441900000000","东莞市","441956000000","横沥镇","440000000000","广东省","横沥镇","1","rt_dim_area","118683","4/1/2018"
"118684",,"ACTIVE",,"county","441900000000","东莞市","441957000000","桥头镇","440000000000","广东省","桥头镇","1","rt_dim_area","118684","4/1/2018"
"118685",,"ACTIVE",,"county","441900000000","东莞市","441958000000","谢岗镇","440000000000","广东省","谢岗镇","1","rt_dim_area","118685","4/1/2018"
"118686",,"ACTIVE",,"county","441900000000","东莞市","441959000000","东坑镇","440000000000","广东省","东坑镇","1","rt_dim_area","118686","4/1/2018"
"118687",,"ACTIVE",,"county","441900000000","东莞市","441960000000","常平镇","440000000000","广东省","常平镇","1","rt_dim_area","118687","4/1/2018"
"118688",,"ACTIVE",,"county","441900000000","东莞市","441961000000","寮步镇","440000000000","广东省","寮步镇","1","rt_dim_area","118688","4/1/2018"
"118689",,"ACTIVE",,"county","441900000000","东莞市","441962000000","樟木头镇","440000000000","广东省","樟木头镇","1","rt_dim_area","118689","4/1/2018"
"118690",,"ACTIVE",,"county","441900000000","东莞市","441963000000","大朗镇","440000000000","广东省","大朗镇","1","rt_dim_area","118690","4/1/2018"
"118691",,"ACTIVE",,"county","441900000000","东莞市","441964000000","黄江镇","440000000000","广东省","黄江镇","1","rt_dim_area","118691","4/1/2018"
"118692",,"ACTIVE",,"county","441900000000","东莞市","441965000000","清溪镇","440000000000","广东省","清溪镇","1","rt_dim_area","118692","4/1/2018"
"118693",,"ACTIVE",,"county","441900000000","东莞市","441966000000","塘厦镇","440000000000","广东省","塘厦镇","1","rt_dim_area","118693","4/1/2018"
"118694",,"ACTIVE",,"county","441900000000","东莞市","441967000000","凤岗镇","440000000000","广东省","凤岗镇","1","rt_dim_area","118694","4/1/2018"
"118695",,"ACTIVE",,"county","441900000000","东莞市","441968000000","大岭山镇","440000000000","广东省","大岭山镇","1","rt_dim_area","118695","4/1/2018"
"118696",,"ACTIVE",,"county","441900000000","东莞市","441969000000","长安市","440000000000","广东省","长安市","1","rt_dim_area","118696","4/1/2018"
"118697",,"ACTIVE",,"county","441900000000","东莞市","441971000000","虎门市","440000000000","广东省","虎门市","1","rt_dim_area","118697","4/1/2018"
"118698",,"ACTIVE",,"county","441900000000","东莞市","441972000000","厚街镇","440000000000","广东省","厚街镇","1","rt_dim_area","118698","4/1/2018"
"118699",,"ACTIVE",,"county","441900000000","东莞市","441973000000","沙田虎门港管委会","440000000000","广东省","沙田虎门港管委会","1","rt_dim_area","118699","4/1/2018"
"118700",,"ACTIVE",,"county","441900000000","东莞市","441974000000","道滘镇","440000000000","广东省","道滘镇","1","rt_dim_area","118700","4/1/2018"
"118701",,"ACTIVE",,"county","441900000000","东莞市","441975000000","洪梅镇","440000000000","广东省","洪梅镇","1","rt_dim_area","118701","4/1/2018"
"118702",,"ACTIVE",,"county","441900000000","东莞市","441976000000","麻涌镇","440000000000","广东省","麻涌镇","1","rt_dim_area","118702","4/1/2018"
"118703",,"ACTIVE",,"county","441900000000","东莞市","441977000000","望牛墩镇","440000000000","广东省","望牛墩镇","1","rt_dim_area","118703","4/1/2018"
"118704",,"ACTIVE",,"county","441900000000","东莞市","441978000000","中堂镇","440000000000","广东省","中堂镇","1","rt_dim_area","118704","4/1/2018"
"118705",,"ACTIVE",,"county","441900000000","东莞市","441979000000","高埗镇","440000000000","广东省","高埗镇","1","rt_dim_area","118705","4/1/2018"
"118706",,"ACTIVE",,"city","442000000000","中山市",,,"440000000000","广东省","中山市","1","rt_dim_area","118706","4/1/2018"
"118707",,"ACTIVE",,"county","442000000000","中山市","442001000000","中山市","440000000000","广东省","中山市","1","rt_dim_area","118707","4/1/2018"
"118708",,"ACTIVE",,"city","445100000000","潮州市",,,"440000000000","广东省","潮州市","1","rt_dim_area","118708","4/1/2018"
"118709",,"DEL",,"county","445100000000","潮州市","445101000000","市辖区","440000000000","广东省","市辖区","1","rt_dim_area","118709","4/1/2018"
"118710",,"ACTIVE",,"county","445100000000","潮州市","445102000000","湘桥区","440000000000","广东省","湘桥区","1","rt_dim_area","118710","4/1/2018"
"118711",,"ACTIVE",,"county","445100000000","潮州市","445103000000","潮安区","440000000000","广东省","潮安区","1","rt_dim_area","118711","4/1/2018"
"118712",,"ACTIVE",,"county","445100000000","潮州市","445122000000","饶平县","440000000000","广东省","饶平县","1","rt_dim_area","118712","4/1/2018"
"118713",,"ACTIVE",,"city","445200000000","揭阳市",,,"440000000000","广东省","揭阳市","1","rt_dim_area","118713","4/1/2018"
"118714",,"DEL",,"county","445200000000","揭阳市","445201000000","市辖区","440000000000","广东省","市辖区","1","rt_dim_area","118714","4/1/2018"
"118715",,"ACTIVE",,"county","445200000000","揭阳市","445202000000","榕城区","440000000000","广东省","榕城区","1","rt_dim_area","118715","4/1/2018"
"118716",,"ACTIVE",,"county","445200000000","揭阳市","445203000000","揭东区","440000000000","广东省","揭东区","1","rt_dim_area","118716","4/1/2018"
"118717",,"ACTIVE",,"county","445200000000","揭阳市","445222000000","揭西县","440000000000","广东省","揭西县","1","rt_dim_area","118717","4/1/2018"
"118718",,"ACTIVE",,"county","445200000000","揭阳市","445224000000","惠来县","440000000000","广东省","惠来县","1","rt_dim_area","118718","4/1/2018"
"118719",,"ACTIVE",,"county","445200000000","揭阳市","445281000000","普宁市","440000000000","广东省","普宁市","1","rt_dim_area","118719","4/1/2018"
"118720",,"ACTIVE",,"city","445300000000","云浮市",,,"440000000000","广东省","云浮市","1","rt_dim_area","118720","4/1/2018"
"118721",,"DEL",,"county","445300000000","云浮市","445301000000","市辖区","440000000000","广东省","市辖区","1","rt_dim_area","118721","4/1/2018"
"118722",,"ACTIVE",,"county","445300000000","云浮市","445302000000","云城区","440000000000","广东省","云城区","1","rt_dim_area","118722","4/1/2018"
"118723",,"ACTIVE",,"county","445300000000","云浮市","445303000000","云安区","440000000000","广东省","云安区","1","rt_dim_area","118723","4/1/2018"
"118724",,"ACTIVE",,"county","445300000000","云浮市","445321000000","新兴县","440000000000","广东省","新兴县","1","rt_dim_area","118724","4/1/2018"
"118725",,"ACTIVE",,"county","445300000000","云浮市","445322000000","郁南县","440000000000","广东省","郁南县","1","rt_dim_area","118725","4/1/2018"
"118726",,"ACTIVE",,"county","445300000000","云浮市","445381000000","罗定市","440000000000","广东省","罗定市","1","rt_dim_area","118726","4/1/2018"
"118727",,"ACTIVE",,"province",,,,,"450000000000","广西壮族自治区","广西壮族自治区","1","rt_dim_area","118727","4/1/2018"
"118728",,"ACTIVE",,"city","450100000000","南宁市",,,"450000000000","广西壮族自治区","南宁市","1","rt_dim_area","118728","4/1/2018"
"118729",,"ACTIVE",,"county","450100000000","南宁市","450100010000","南宁经济技术开发区","450000000000","广西壮族自治区","南宁经济技术开发区","1","rt_dim_area","118729","4/1/2018"
"118730",,"ACTIVE",,"county","450100000000","南宁市","450100020000","南宁高新技术产业开发区","450000000000","广西壮族自治区","南宁高新技术产业开发区","1","rt_dim_area","118730","4/1/2018"
"118731",,"ACTIVE",,"county","450100000000","南宁市","450100030000","广西东盟经济技术开发区","450000000000","广西壮族自治区","广西东盟经济技术开发区","1","rt_dim_area","118731","4/1/2018"
"118732",,"ACTIVE",,"county","450100000000","南宁市","450100040000","南宁青秀山风景名胜旅游区","450000000000","广西壮族自治区","南宁青秀山风景名胜旅游区","1","rt_dim_area","118732","4/1/2018"
"118733",,"ACTIVE",,"county","450100000000","南宁市","450100050000","广西南宁五象新区","450000000000","广西壮族自治区","广西南宁五象新区","1","rt_dim_area","118733","4/1/2018"
"118734",,"ACTIVE",,"county","450100000000","南宁市","450101000000","市辖区","450000000000","广西壮族自治区","市辖区","1","rt_dim_area","118734","4/1/2018"
"118735",,"ACTIVE",,"county","450100000000","南宁市","450102000000","兴宁区","450000000000","广西壮族自治区","兴宁区","1","rt_dim_area","118735","4/1/2018"
"118736",,"ACTIVE",,"county","450100000000","南宁市","450103000000","青秀区","450000000000","广西壮族自治区","青秀区","1","rt_dim_area","118736","4/1/2018"
"118737",,"ACTIVE",,"county","450100000000","南宁市","450105000000","江南区","450000000000","广西壮族自治区","江南区","1","rt_dim_area","118737","4/1/2018"
"118738",,"ACTIVE",,"county","450100000000","南宁市","450107000000","西乡塘区","450000000000","广西壮族自治区","西乡塘区","1","rt_dim_area","118738","4/1/2018"
"118739",,"ACTIVE",,"county","450100000000","南宁市","450108000000","良庆区","450000000000","广西壮族自治区","良庆区","1","rt_dim_area","118739","4/1/2018"
"118740",,"ACTIVE",,"county","450100000000","南宁市","450109000000","邕宁区","450000000000","广西壮族自治区","邕宁区","1","rt_dim_area","118740","4/1/2018"
"118741",,"ACTIVE",,"county","450100000000","南宁市","450110000000","武鸣区","450000000000","广西壮族自治区","武鸣区","1","rt_dim_area","118741","4/1/2018"
"118742",,"ACTIVE",,"county","450100000000","南宁市","450123000000","隆安县","450000000000","广西壮族自治区","隆安县","1","rt_dim_area","118742","4/1/2018"
"118743",,"ACTIVE",,"county","450100000000","南宁市","450124000000","马山县","450000000000","广西壮族自治区","马山县","1","rt_dim_area","118743","4/1/2018"
"118744",,"ACTIVE",,"county","450100000000","南宁市","450125000000","上林县","450000000000","广西壮族自治区","上林县","1","rt_dim_area","118744","4/1/2018"
"118745",,"ACTIVE",,"county","450100000000","南宁市","450126000000","宾阳县","450000000000","广西壮族自治区","宾阳县","1","rt_dim_area","118745","4/1/2018"
"118746",,"ACTIVE",,"county","450100000000","南宁市","450127000000","横县","450000000000","广西壮族自治区","横县","1","rt_dim_area","118746","4/1/2018"
"118747",,"ACTIVE",,"city","450200000000","柳州市",,,"450000000000","广西壮族自治区","柳州市","1","rt_dim_area","118747","4/1/2018"
"118748",,"ACTIVE",,"county","450200000000","柳州市","450200010000","柳东新区","450000000000","广西壮族自治区","柳东新区","1","rt_dim_area","118748","4/1/2018"
"118749",,"ACTIVE",,"county","450200000000","柳州市","450200020000","阳和工业新区","450000000000","广西壮族自治区","阳和工业新区","1","rt_dim_area","118749","4/1/2018"
"118750",,"ACTIVE",,"county","450200000000","柳州市","450201000000","市辖区","450000000000","广西壮族自治区","市辖区","1","rt_dim_area","118750","4/1/2018"
"118751",,"ACTIVE",,"county","450200000000","柳州市","450202000000","城中区","450000000000","广西壮族自治区","城中区","1","rt_dim_area","118751","4/1/2018"
"118752",,"ACTIVE",,"county","450200000000","柳州市","450203000000","鱼峰区","450000000000","广西壮族自治区","鱼峰区","1","rt_dim_area","118752","4/1/2018"
"118753",,"ACTIVE",,"county","450200000000","柳州市","450204000000","柳南区","450000000000","广西壮族自治区","柳南区","1","rt_dim_area","118753","4/1/2018"
"118754",,"ACTIVE",,"county","450200000000","柳州市","450205000000","柳北区","450000000000","广西壮族自治区","柳北区","1","rt_dim_area","118754","4/1/2018"
"118755",,"ACTIVE",,"county","450200000000","柳州市","450206000000","柳江区","450000000000","广西壮族自治区","柳江区","1","rt_dim_area","118755","4/1/2018"
"118756",,"ACTIVE",,"county","450200000000","柳州市","450222000000","柳城县","450000000000","广西壮族自治区","柳城县","1","rt_dim_area","118756","4/1/2018"
"118757",,"ACTIVE",,"county","450200000000","柳州市","450223000000","鹿寨县","450000000000","广西壮族自治区","鹿寨县","1","rt_dim_area","118757","4/1/2018"
"118758",,"ACTIVE",,"county","450200000000","柳州市","450224000000","融安县","450000000000","广西壮族自治区","融安县","1","rt_dim_area","118758","4/1/2018"
"118759",,"ACTIVE",,"county","450200000000","柳州市","450225000000","融水苗族自治县","450000000000","广西壮族自治区","融水苗族自治县","1","rt_dim_area","118759","4/1/2018"
"118760",,"ACTIVE",,"county","450200000000","柳州市","450226000000","三江侗族自治县","450000000000","广西壮族自治区","三江侗族自治县","1","rt_dim_area","118760","4/1/2018"
"118761",,"ACTIVE",,"city","450300000000","桂林市",,,"450000000000","广西壮族自治区","桂林市","1","rt_dim_area","118761","4/1/2018"
"118762",,"ACTIVE",,"county","450300000000","桂林市","450301000000","市辖区","450000000000","广西壮族自治区","市辖区","1","rt_dim_area","118762","4/1/2018"
"118763",,"ACTIVE",,"county","450300000000","桂林市","450302000000","秀峰区","450000000000","广西壮族自治区","秀峰区","1","rt_dim_area","118763","4/1/2018"
"118764",,"ACTIVE",,"county","450300000000","桂林市","450303000000","叠彩区","450000000000","广西壮族自治区","叠彩区","1","rt_dim_area","118764","4/1/2018"
"118765",,"ACTIVE",,"county","450300000000","桂林市","450304000000","象山区","450000000000","广西壮族自治区","象山区","1","rt_dim_area","118765","4/1/2018"
"118766",,"ACTIVE",,"county","450300000000","桂林市","450305000000","七星区","450000000000","广西壮族自治区","七星区","1","rt_dim_area","118766","4/1/2018"
"118767",,"ACTIVE",,"county","450300000000","桂林市","450311000000","雁山区","450000000000","广西壮族自治区","雁山区","1","rt_dim_area","118767","4/1/2018"
"118768",,"ACTIVE",,"county","450300000000","桂林市","450312000000","临桂区","450000000000","广西壮族自治区","临桂区","1","rt_dim_area","118768","4/1/2018"
"118769",,"ACTIVE",,"county","450300000000","桂林市","450321000000","阳朔县","450000000000","广西壮族自治区","阳朔县","1","rt_dim_area","118769","4/1/2018"
"118770",,"ACTIVE",,"county","450300000000","桂林市","450323000000","灵川县","450000000000","广西壮族自治区","灵川县","1","rt_dim_area","118770","4/1/2018"
"118771",,"ACTIVE",,"county","450300000000","桂林市","450324000000","全州县","450000000000","广西壮族自治区","全州县","1","rt_dim_area","118771","4/1/2018"
"118772",,"ACTIVE",,"county","450300000000","桂林市","450325000000","兴安县","450000000000","广西壮族自治区","兴安县","1","rt_dim_area","118772","4/1/2018"
"118773",,"ACTIVE",,"county","450300000000","桂林市","450326000000","永福县","450000000000","广西壮族自治区","永福县","1","rt_dim_area","118773","4/1/2018"
"118774",,"ACTIVE",,"county","450300000000","桂林市","450327000000","灌阳县","450000000000","广西壮族自治区","灌阳县","1","rt_dim_area","118774","4/1/2018"
"118775",,"ACTIVE",,"county","450300000000","桂林市","450328000000","龙胜各族自治县","450000000000","广西壮族自治区","龙胜各族自治县","1","rt_dim_area","118775","4/1/2018"
"118776",,"ACTIVE",,"county","450300000000","桂林市","450329000000","资源县","450000000000","广西壮族自治区","资源县","1","rt_dim_area","118776","4/1/2018"
"118777",,"ACTIVE",,"county","450300000000","桂林市","450330000000","平乐县","450000000000","广西壮族自治区","平乐县","1","rt_dim_area","118777","4/1/2018"
"118778",,"ACTIVE",,"county","450300000000","桂林市","450331000000","荔浦县","450000000000","广西壮族自治区","荔浦县","1","rt_dim_area","118778","4/1/2018"
"118779",,"ACTIVE",,"county","450300000000","桂林市","450332000000","恭城瑶族自治县","450000000000","广西壮族自治区","恭城瑶族自治县","1","rt_dim_area","118779","4/1/2018"
"118780",,"ACTIVE",,"city","450400000000","梧州市",,,"450000000000","广西壮族自治区","梧州市","1","rt_dim_area","118780","4/1/2018"
"118781",,"ACTIVE",,"county","450400000000","梧州市","450401000000","市辖区","450000000000","广西壮族自治区","市辖区","1","rt_dim_area","118781","4/1/2018"
"118782",,"ACTIVE",,"county","450400000000","梧州市","450403000000","万秀区","450000000000","广西壮族自治区","万秀区","1","rt_dim_area","118782","4/1/2018"
"118783",,"ACTIVE",,"county","450400000000","梧州市","450405000000","长洲区","450000000000","广西壮族自治区","长洲区","1","rt_dim_area","118783","4/1/2018"
"118784",,"ACTIVE",,"county","450400000000","梧州市","450406000000","龙圩区","450000000000","广西壮族自治区","龙圩区","1","rt_dim_area","118784","4/1/2018"
"118785",,"ACTIVE",,"county","450400000000","梧州市","450421000000","苍梧县","450000000000","广西壮族自治区","苍梧县","1","rt_dim_area","118785","4/1/2018"
"118786",,"ACTIVE",,"county","450400000000","梧州市","450422000000","藤县","450000000000","广西壮族自治区","藤县","1","rt_dim_area","118786","4/1/2018"
"118787",,"ACTIVE",,"county","450400000000","梧州市","450423000000","蒙山县","450000000000","广西壮族自治区","蒙山县","1","rt_dim_area","118787","4/1/2018"
"118788",,"ACTIVE",,"county","450400000000","梧州市","450481000000","岑溪市","450000000000","广西壮族自治区","岑溪市","1","rt_dim_area","118788","4/1/2018"
"118789",,"ACTIVE",,"city","450500000000","北海市",,,"450000000000","广西壮族自治区","北海市","1","rt_dim_area","118789","4/1/2018"
"118790",,"ACTIVE",,"county","450500000000","北海市","450501000000","市辖区","450000000000","广西壮族自治区","市辖区","1","rt_dim_area","118790","4/1/2018"
"118791",,"ACTIVE",,"county","450500000000","北海市","450502000000","海城区","450000000000","广西壮族自治区","海城区","1","rt_dim_area","118791","4/1/2018"
"118792",,"ACTIVE",,"county","450500000000","北海市","450503000000","银海区","450000000000","广西壮族自治区","银海区","1","rt_dim_area","118792","4/1/2018"
"118793",,"ACTIVE",,"county","450500000000","北海市","450512000000","铁山港区","450000000000","广西壮族自治区","铁山港区","1","rt_dim_area","118793","4/1/2018"
"118794",,"ACTIVE",,"county","450500000000","北海市","450521000000","合浦县","450000000000","广西壮族自治区","合浦县","1","rt_dim_area","118794","4/1/2018"
"118795",,"ACTIVE",,"city","450600000000","防城港市",,,"450000000000","广西壮族自治区","防城港市","1","rt_dim_area","118795","4/1/2018"
"118796",,"ACTIVE",,"county","450600000000","防城港市","450601000000","市辖区","450000000000","广西壮族自治区","市辖区","1","rt_dim_area","118796","4/1/2018"
"118797",,"ACTIVE",,"county","450600000000","防城港市","450602000000","港口区","450000000000","广西壮族自治区","港口区","1","rt_dim_area","118797","4/1/2018"
"118798",,"ACTIVE",,"county","450600000000","防城港市","450603000000","防城区","450000000000","广西壮族自治区","防城区","1","rt_dim_area","118798","4/1/2018"
"118799",,"ACTIVE",,"county","450600000000","防城港市","450621000000","上思县","450000000000","广西壮族自治区","上思县","1","rt_dim_area","118799","4/1/2018"
"118800",,"ACTIVE",,"county","450600000000","防城港市","450681000000","东兴市","450000000000","广西壮族自治区","东兴市","1","rt_dim_area","118800","4/1/2018"
"118801",,"ACTIVE",,"city","450700000000","钦州市",,,"450000000000","广西壮族自治区","钦州市","1","rt_dim_area","118801","4/1/2018"
"118802",,"ACTIVE",,"county","450700000000","钦州市","450700010000","钦州港经济技术开发区","450000000000","广西壮族自治区","钦州港经济技术开发区","1","rt_dim_area","118802","4/1/2018"
"118803",,"ACTIVE",,"county","450700000000","钦州市","450701000000","市辖区","450000000000","广西壮族自治区","市辖区","1","rt_dim_area","118803","4/1/2018"
"118804",,"ACTIVE",,"county","450700000000","钦州市","450702000000","钦南区","450000000000","广西壮族自治区","钦南区","1","rt_dim_area","118804","4/1/2018"
"118805",,"ACTIVE",,"county","450700000000","钦州市","450703000000","钦北区","450000000000","广西壮族自治区","钦北区","1","rt_dim_area","118805","4/1/2018"
"118806",,"ACTIVE",,"county","450700000000","钦州市","450721000000","灵山县","450000000000","广西壮族自治区","灵山县","1","rt_dim_area","118806","4/1/2018"
"118807",,"ACTIVE",,"county","450700000000","钦州市","450722000000","浦北县","450000000000","广西壮族自治区","浦北县","1","rt_dim_area","118807","4/1/2018"
"118808",,"ACTIVE",,"city","450800000000","贵港市",,,"450000000000","广西壮族自治区","贵港市","1","rt_dim_area","118808","4/1/2018"
"118809",,"ACTIVE",,"county","450800000000","贵港市","450801000000","市辖区","450000000000","广西壮族自治区","市辖区","1","rt_dim_area","118809","4/1/2018"
"118810",,"ACTIVE",,"county","450800000000","贵港市","450802000000","港北区","450000000000","广西壮族自治区","港北区","1","rt_dim_area","118810","4/1/2018"
"118811",,"ACTIVE",,"county","450800000000","贵港市","450803000000","港南区","450000000000","广西壮族自治区","港南区","1","rt_dim_area","118811","4/1/2018"
"118812",,"ACTIVE",,"county","450800000000","贵港市","450804000000","覃塘区","450000000000","广西壮族自治区","覃塘区","1","rt_dim_area","118812","4/1/2018"
"118813",,"ACTIVE",,"county","450800000000","贵港市","450821000000","平南县","450000000000","广西壮族自治区","平南县","1","rt_dim_area","118813","4/1/2018"
"118814",,"ACTIVE",,"county","450800000000","贵港市","450881000000","桂平市","450000000000","广西壮族自治区","桂平市","1","rt_dim_area","118814","4/1/2018"
"118815",,"ACTIVE",,"city","450900000000","玉林市",,,"450000000000","广西壮族自治区","玉林市","1","rt_dim_area","118815","4/1/2018"
"118816",,"ACTIVE",,"county","450900000000","玉林市","450901000000","市辖区","450000000000","广西壮族自治区","市辖区","1","rt_dim_area","118816","4/1/2018"
"118817",,"ACTIVE",,"county","450900000000","玉林市","450902000000","玉州区","450000000000","广西壮族自治区","玉州区","1","rt_dim_area","118817","4/1/2018"
"118818",,"ACTIVE",,"county","450900000000","玉林市","450903000000","福绵区","450000000000","广西壮族自治区","福绵区","1","rt_dim_area","118818","4/1/2018"
"118819",,"ACTIVE",,"county","450900000000","玉林市","450904000000","玉东新区","450000000000","广西壮族自治区","玉东新区","1","rt_dim_area","118819","4/1/2018"
"118820",,"ACTIVE",,"county","450900000000","玉林市","450921000000","容县","450000000000","广西壮族自治区","容县","1","rt_dim_area","118820","4/1/2018"
"118821",,"ACTIVE",,"county","450900000000","玉林市","450922000000","陆川县","450000000000","广西壮族自治区","陆川县","1","rt_dim_area","118821","4/1/2018"
"118822",,"ACTIVE",,"county","450900000000","玉林市","450923000000","博白县","450000000000","广西壮族自治区","博白县","1","rt_dim_area","118822","4/1/2018"
"118823",,"ACTIVE",,"county","450900000000","玉林市","450924000000","兴业县","450000000000","广西壮族自治区","兴业县","1","rt_dim_area","118823","4/1/2018"
"118824",,"ACTIVE",,"county","450900000000","玉林市","450981000000","北流市","450000000000","广西壮族自治区","北流市","1","rt_dim_area","118824","4/1/2018"
"118825",,"ACTIVE",,"city","451000000000","百色市",,,"450000000000","广西壮族自治区","百色市","1","rt_dim_area","118825","4/1/2018"
"118826",,"ACTIVE",,"county","451000000000","百色市","451001000000","市辖区","450000000000","广西壮族自治区","市辖区","1","rt_dim_area","118826","4/1/2018"
"118827",,"ACTIVE",,"county","451000000000","百色市","451002000000","右江区","450000000000","广西壮族自治区","右江区","1","rt_dim_area","118827","4/1/2018"
"118828",,"ACTIVE",,"county","451000000000","百色市","451021000000","田阳县","450000000000","广西壮族自治区","田阳县","1","rt_dim_area","118828","4/1/2018"
"118829",,"ACTIVE",,"county","451000000000","百色市","451022000000","田东县","450000000000","广西壮族自治区","田东县","1","rt_dim_area","118829","4/1/2018"
"118830",,"ACTIVE",,"county","451000000000","百色市","451023000000","平果县","450000000000","广西壮族自治区","平果县","1","rt_dim_area","118830","4/1/2018"
"118831",,"ACTIVE",,"county","451000000000","百色市","451024000000","德保县","450000000000","广西壮族自治区","德保县","1","rt_dim_area","118831","4/1/2018"
"118832",,"ACTIVE",,"county","451000000000","百色市","451025000000","靖西市","450000000000","广西壮族自治区","靖西市","1","rt_dim_area","118832","4/1/2018"
"118833",,"ACTIVE",,"county","451000000000","百色市","451026000000","那坡县","450000000000","广西壮族自治区","那坡县","1","rt_dim_area","118833","4/1/2018"
"118834",,"ACTIVE",,"county","451000000000","百色市","451027000000","凌云县","450000000000","广西壮族自治区","凌云县","1","rt_dim_area","118834","4/1/2018"
"118835",,"ACTIVE",,"county","451000000000","百色市","451028000000","乐业县","450000000000","广西壮族自治区","乐业县","1","rt_dim_area","118835","4/1/2018"
"118836",,"ACTIVE",,"county","451000000000","百色市","451029000000","田林县","450000000000","广西壮族自治区","田林县","1","rt_dim_area","118836","4/1/2018"
"118837",,"ACTIVE",,"county","451000000000","百色市","451030000000","西林县","450000000000","广西壮族自治区","西林县","1","rt_dim_area","118837","4/1/2018"
"118838",,"ACTIVE",,"county","451000000000","百色市","451031000000","隆林各族自治县","450000000000","广西壮族自治区","隆林各族自治县","1","rt_dim_area","118838","4/1/2018"
"118839",,"ACTIVE",,"city","451100000000","贺州市",,,"450000000000","广西壮族自治区","贺州市","1","rt_dim_area","118839","4/1/2018"
"118840",,"ACTIVE",,"county","451100000000","贺州市","451101000000","市辖区","450000000000","广西壮族自治区","市辖区","1","rt_dim_area","118840","4/1/2018"
"118841",,"ACTIVE",,"county","451100000000","贺州市","451102000000","八步区","450000000000","广西壮族自治区","八步区","1","rt_dim_area","118841","4/1/2018"
"118842",,"ACTIVE",,"county","451100000000","贺州市","451103000000","平桂区","450000000000","广西壮族自治区","平桂区","1","rt_dim_area","118842","4/1/2018"
"118843",,"ACTIVE",,"county","451100000000","贺州市","451121000000","昭平县","450000000000","广西壮族自治区","昭平县","1","rt_dim_area","118843","4/1/2018"
"118844",,"ACTIVE",,"county","451100000000","贺州市","451122000000","钟山县","450000000000","广西壮族自治区","钟山县","1","rt_dim_area","118844","4/1/2018"
"118845",,"ACTIVE",,"county","451100000000","贺州市","451123000000","富川瑶族自治县","450000000000","广西壮族自治区","富川瑶族自治县","1","rt_dim_area","118845","4/1/2018"
"118846",,"ACTIVE",,"city","451200000000","河池市",,,"450000000000","广西壮族自治区","河池市","1","rt_dim_area","118846","4/1/2018"
"118847",,"ACTIVE",,"county","451200000000","河池市","451200010000","河池市东江工业园区","450000000000","广西壮族自治区","河池市东江工业园区","1","rt_dim_area","118847","4/1/2018"
"118848",,"ACTIVE",,"county","451200000000","河池市","451200020000","河池市大任工业园区","450000000000","广西壮族自治区","河池市大任工业园区","1","rt_dim_area","118848","4/1/2018"
"118849",,"ACTIVE",,"county","451200000000","河池市","451201000000","市辖区","450000000000","广西壮族自治区","市辖区","1","rt_dim_area","118849","4/1/2018"
"118850",,"ACTIVE",,"county","451200000000","河池市","451202000000","金城江区","450000000000","广西壮族自治区","金城江区","1","rt_dim_area","118850","4/1/2018"
"118851",,"ACTIVE",,"county","451200000000","河池市","451221000000","南丹县","450000000000","广西壮族自治区","南丹县","1","rt_dim_area","118851","4/1/2018"
"118852",,"ACTIVE",,"county","451200000000","河池市","451222000000","天峨县","450000000000","广西壮族自治区","天峨县","1","rt_dim_area","118852","4/1/2018"
"118853",,"ACTIVE",,"county","451200000000","河池市","451223000000","凤山县","450000000000","广西壮族自治区","凤山县","1","rt_dim_area","118853","4/1/2018"
"118854",,"ACTIVE",,"county","451200000000","河池市","451224000000","东兰县","450000000000","广西壮族自治区","东兰县","1","rt_dim_area","118854","4/1/2018"
"118855",,"ACTIVE",,"county","451200000000","河池市","451225000000","罗城仫佬族自治县","450000000000","广西壮族自治区","罗城仫佬族自治县","1","rt_dim_area","118855","4/1/2018"
"118856",,"ACTIVE",,"county","451200000000","河池市","451226000000","环江毛南族自治县","450000000000","广西壮族自治区","环江毛南族自治县","1","rt_dim_area","118856","4/1/2018"
"118857",,"ACTIVE",,"county","451200000000","河池市","451227000000","巴马瑶族自治县","450000000000","广西壮族自治区","巴马瑶族自治县","1","rt_dim_area","118857","4/1/2018"
"118858",,"ACTIVE",,"county","451200000000","河池市","451228000000","都安瑶族自治县","450000000000","广西壮族自治区","都安瑶族自治县","1","rt_dim_area","118858","4/1/2018"
"118859",,"ACTIVE",,"county","451200000000","河池市","451229000000","大化瑶族自治县","450000000000","广西壮族自治区","大化瑶族自治县","1","rt_dim_area","118859","4/1/2018"
"118860",,"ACTIVE",,"county","451200000000","河池市","451281000000","宜州市","450000000000","广西壮族自治区","宜州市","1","rt_dim_area","118860","4/1/2018"
"118861",,"ACTIVE",,"city","451300000000","来宾市",,,"450000000000","广西壮族自治区","来宾市","1","rt_dim_area","118861","4/1/2018"
"118862",,"ACTIVE",,"county","451300000000","来宾市","451301000000","市辖区","450000000000","广西壮族自治区","市辖区","1","rt_dim_area","118862","4/1/2018"
"118863",,"ACTIVE",,"county","451300000000","来宾市","451302000000","兴宾区","450000000000","广西壮族自治区","兴宾区","1","rt_dim_area","118863","4/1/2018"
"118864",,"ACTIVE",,"county","451300000000","来宾市","451321000000","忻城县","450000000000","广西壮族自治区","忻城县","1","rt_dim_area","118864","4/1/2018"
"118865",,"ACTIVE",,"county","451300000000","来宾市","451322000000","象州县","450000000000","广西壮族自治区","象州县","1","rt_dim_area","118865","4/1/2018"
"118866",,"ACTIVE",,"county","451300000000","来宾市","451323000000","武宣县","450000000000","广西壮族自治区","武宣县","1","rt_dim_area","118866","4/1/2018"
"118867",,"ACTIVE",,"county","451300000000","来宾市","451324000000","金秀瑶族自治县","450000000000","广西壮族自治区","金秀瑶族自治县","1","rt_dim_area","118867","4/1/2018"
"118868",,"ACTIVE",,"county","451300000000","来宾市","451381000000","合山市","450000000000","广西壮族自治区","合山市","1","rt_dim_area","118868","4/1/2018"
"118869",,"ACTIVE",,"city","451400000000","崇左市",,,"450000000000","广西壮族自治区","崇左市","1","rt_dim_area","118869","4/1/2018"
"118870",,"ACTIVE",,"county","451400000000","崇左市","451401000000","市辖区","450000000000","广西壮族自治区","市辖区","1","rt_dim_area","118870","4/1/2018"
"118871",,"ACTIVE",,"county","451400000000","崇左市","451402000000","江州区","450000000000","广西壮族自治区","江州区","1","rt_dim_area","118871","4/1/2018"
"118872",,"ACTIVE",,"county","451400000000","崇左市","451421000000","扶绥县","450000000000","广西壮族自治区","扶绥县","1","rt_dim_area","118872","4/1/2018"
"118873",,"ACTIVE",,"county","451400000000","崇左市","451422000000","宁明县","450000000000","广西壮族自治区","宁明县","1","rt_dim_area","118873","4/1/2018"
"118874",,"ACTIVE",,"county","451400000000","崇左市","451423000000","龙州县","450000000000","广西壮族自治区","龙州县","1","rt_dim_area","118874","4/1/2018"
"118875",,"ACTIVE",,"county","451400000000","崇左市","451424000000","大新县","450000000000","广西壮族自治区","大新县","1","rt_dim_area","118875","4/1/2018"
"118876",,"ACTIVE",,"county","451400000000","崇左市","451425000000","天等县","450000000000","广西壮族自治区","天等县","1","rt_dim_area","118876","4/1/2018"
"118877",,"ACTIVE",,"county","451400000000","崇左市","451481000000","凭祥市","450000000000","广西壮族自治区","凭祥市","1","rt_dim_area","118877","4/1/2018"
"118878",,"ACTIVE",,"province",,,,,"460000000000","海南省","海南省","1","rt_dim_area","118878","4/1/2018"
"118879",,"ACTIVE",,"city","460100000000","海口市",,,"460000000000","海南省","海口市","1","rt_dim_area","118879","4/1/2018"
"118880",,"DEL",,"county","460100000000","海口市","460101000000","市辖区","460000000000","海南省","市辖区","1","rt_dim_area","118880","4/1/2018"
"118881",,"ACTIVE",,"county","460100000000","海口市","460105000000","秀英区","460000000000","海南省","秀英区","1","rt_dim_area","118881","4/1/2018"
"118882",,"ACTIVE",,"county","460100000000","海口市","460106000000","龙华区","460000000000","海南省","龙华区","1","rt_dim_area","118882","4/1/2018"
"118883",,"ACTIVE",,"county","460100000000","海口市","460107000000","琼山区","460000000000","海南省","琼山区","1","rt_dim_area","118883","4/1/2018"
"118884",,"ACTIVE",,"county","460100000000","海口市","460108000000","美兰区","460000000000","海南省","美兰区","1","rt_dim_area","118884","4/1/2018"
"118885",,"ACTIVE",,"city","460200000000","三亚市",,,"460000000000","海南省","三亚市","1","rt_dim_area","118885","4/1/2018"
"118886",,"DEL",,"county","460200000000","三亚市","460201000000","市辖区","460000000000","海南省","市辖区","1","rt_dim_area","118886","4/1/2018"
"118887",,"ACTIVE",,"county","460200000000","三亚市","460202000000","海棠区","460000000000","海南省","海棠区","1","rt_dim_area","118887","4/1/2018"
"118888",,"ACTIVE",,"county","460200000000","三亚市","460203000000","吉阳区","460000000000","海南省","吉阳区","1","rt_dim_area","118888","4/1/2018"
"118889",,"ACTIVE",,"county","460200000000","三亚市","460204000000","天涯区","460000000000","海南省","天涯区","1","rt_dim_area","118889","4/1/2018"
"118890",,"ACTIVE",,"county","460200000000","三亚市","460205000000","崖州区","460000000000","海南省","崖州区","1","rt_dim_area","118890","4/1/2018"
"118891",,"ACTIVE",,"city","460300000000","三沙市",,,"460000000000","海南省","三沙市","1","rt_dim_area","118891","4/1/2018"
"118892",,"ACTIVE",,"county","460300000000","三沙市","460321000000","西沙群岛","460000000000","海南省","西沙群岛","1","rt_dim_area","118892","4/1/2018"
"118893",,"ACTIVE",,"county","460300000000","三沙市","460322000000","南沙群岛","460000000000","海南省","南沙群岛","1","rt_dim_area","118893","4/1/2018"
"118894",,"ACTIVE",,"county","460300000000","三沙市","460323000000","中沙群岛的岛礁及其海域","460000000000","海南省","中沙群岛的岛礁及其海域","1","rt_dim_area","118894","4/1/2018"
"118895",,"ACTIVE",,"city","468000000000","洋浦经济开发区管委会",,,"460000000000","海南省","洋浦经济开发区管委会","1","rt_dim_area","118895","4/1/2018"
"118896",,"ACTIVE",,"county","468000000000","洋浦经济开发区管委会","468000010000","洋浦经济开发区管委会","460000000000","海南省","洋浦经济开发区管委会","1","rt_dim_area","118896","4/1/2018"
"118897",,"ACTIVE",,"city","469001000000","五指山市",,,"460000000000","海南省","五指山市","1","rt_dim_area","118897","4/1/2018"
"118898",,"ACTIVE",,"county","469001000000","五指山市","469001100000","五指山市","460000000000","海南省","五指山市","1","rt_dim_area","118898","4/1/2018"
"118899",,"ACTIVE",,"city","469002000000","琼海市",,,"460000000000","海南省","琼海市","1","rt_dim_area","118899","4/1/2018"
"118900",,"ACTIVE",,"county","469002000000","琼海市","469002100000","琼海市","460000000000","海南省","琼海市","1","rt_dim_area","118900","4/1/2018"
"118901",,"ACTIVE",,"city","469003000000","儋州市",,,"460000000000","海南省","儋州市","1","rt_dim_area","118901","4/1/2018"
"118902",,"ACTIVE",,"county","469003000000","儋州市","469003100000","儋州市","460000000000","海南省","儋州市","1","rt_dim_area","118902","4/1/2018"
"118903",,"ACTIVE",,"city","469005000000","文昌市",,,"460000000000","海南省","文昌市","1","rt_dim_area","118903","4/1/2018"
"118904",,"ACTIVE",,"county","469005000000","文昌市","469005100000","文昌市","460000000000","海南省","文昌市","1","rt_dim_area","118904","4/1/2018"
"118905",,"ACTIVE",,"city","469006000000","万宁市",,,"460000000000","海南省","万宁市","1","rt_dim_area","118905","4/1/2018"
"118906",,"ACTIVE",,"county","469006000000","万宁市","469006100000","万宁市","460000000000","海南省","万宁市","1","rt_dim_area","118906","4/1/2018"
"118907",,"ACTIVE",,"city","469007000000","东方市",,,"460000000000","海南省","东方市","1","rt_dim_area","118907","4/1/2018"
"118908",,"ACTIVE",,"county","469007000000","东方市","469007100000","东方市","460000000000","海南省","东方市","1","rt_dim_area","118908","4/1/2018"
"118909",,"ACTIVE",,"city","469021000000","定安县",,,"460000000000","海南省","定安县","1","rt_dim_area","118909","4/1/2018"
"118910",,"ACTIVE",,"county","469021000000","定安县","469021100000","定安县","460000000000","海南省","定安县","1","rt_dim_area","118910","4/1/2018"
"118911",,"ACTIVE",,"city","469022000000","屯昌县",,,"460000000000","海南省","屯昌县","1","rt_dim_area","118911","4/1/2018"
"118912",,"ACTIVE",,"county","469022000000","屯昌县","469022100000","屯昌县","460000000000","海南省","屯昌县","1","rt_dim_area","118912","4/1/2018"
"118913",,"ACTIVE",,"city","469023000000","澄迈县",,,"460000000000","海南省","澄迈县","1","rt_dim_area","118913","4/1/2018"
"118914",,"ACTIVE",,"county","469023000000","澄迈县","469023100000","澄迈县","460000000000","海南省","澄迈县","1","rt_dim_area","118914","4/1/2018"
"118915",,"ACTIVE",,"city","469024000000","临高县",,,"460000000000","海南省","临高县","1","rt_dim_area","118915","4/1/2018"
"118916",,"ACTIVE",,"county","469024000000","临高县","469024100000","临高县","460000000000","海南省","临高县","1","rt_dim_area","118916","4/1/2018"
"118917",,"ACTIVE",,"city","469025000000","白沙黎族自治县",,,"460000000000","海南省","白沙黎族自治县","1","rt_dim_area","118917","4/1/2018"
"118918",,"ACTIVE",,"county","469025000000","白沙黎族自治县","469025100000","白沙黎族自治县","460000000000","海南省","白沙黎族自治县","1","rt_dim_area","118918","4/1/2018"
"118919",,"ACTIVE",,"city","469026000000","昌江黎族自治县",,,"460000000000","海南省","昌江黎族自治县","1","rt_dim_area","118919","4/1/2018"
"118920",,"ACTIVE",,"county","469026000000","昌江黎族自治县","469026100000","昌江黎族自治县","460000000000","海南省","昌江黎族自治县","1","rt_dim_area","118920","4/1/2018"
"118921",,"ACTIVE",,"city","469027000000","乐东黎族自治县",,,"460000000000","海南省","乐东黎族自治县","1","rt_dim_area","118921","4/1/2018"
"118922",,"ACTIVE",,"county","469027000000","乐东黎族自治县","469027100000","乐东黎族自治县","460000000000","海南省","乐东黎族自治县","1","rt_dim_area","118922","4/1/2018"
"118923",,"ACTIVE",,"city","469028000000","陵水黎族自治县",,,"460000000000","海南省","陵水黎族自治县","1","rt_dim_area","118923","4/1/2018"
"118924",,"ACTIVE",,"county","469028000000","陵水黎族自治县","469028100000","陵水黎族自治县","460000000000","海南省","陵水黎族自治县","1","rt_dim_area","118924","4/1/2018"
"118925",,"ACTIVE",,"city","469029000000","保亭黎族苗族自治县",,,"460000000000","海南省","保亭黎族苗族自治县","1","rt_dim_area","118925","4/1/2018"
"118926",,"ACTIVE",,"county","469029000000","保亭黎族苗族自治县","469029100000","保亭黎族苗族自治县","460000000000","海南省","保亭黎族苗族自治县","1","rt_dim_area","118926","4/1/2018"
"118927",,"ACTIVE",,"city","469030000000","琼中黎族苗族自治县",,,"460000000000","海南省","琼中黎族苗族自治县","1","rt_dim_area","118927","4/1/2018"
"118928",,"ACTIVE",,"county","469030000000","琼中黎族苗族自治县","469030100000","琼中黎族苗族自治县","460000000000","海南省","琼中黎族苗族自治县","1","rt_dim_area","118928","4/1/2018"
"118929",,"ACTIVE",,"province",,,,,"500000000000","重庆市","重庆市","1","rt_dim_area","118929","4/1/2018"
"118930",,"ACTIVE",,"city","500100000000","市辖区",,,"500000000000","重庆市","市辖区","1","rt_dim_area","118930","4/1/2018"
"118931",,"ACTIVE",,"county","500100000000","市辖区","500100010000","两江新区","500000000000","重庆市","两江新区","1","rt_dim_area","118931","4/1/2018"
"118932",,"ACTIVE",,"county","500100000000","市辖区","500100020000","双桥经开区","500000000000","重庆市","双桥经开区","1","rt_dim_area","118932","4/1/2018"
"118933",,"ACTIVE",,"county","500100000000","市辖区","500100030000","万盛经开区","500000000000","重庆市","万盛经开区","1","rt_dim_area","118933","4/1/2018"
"118934",,"ACTIVE",,"county","500100000000","市辖区","500101000000","万州区","500000000000","重庆市","万州区","1","rt_dim_area","118934","4/1/2018"
"118935",,"ACTIVE",,"county","500100000000","市辖区","500102000000","涪陵区","500000000000","重庆市","涪陵区","1","rt_dim_area","118935","4/1/2018"
"118936",,"ACTIVE",,"county","500100000000","市辖区","500103000000","渝中区","500000000000","重庆市","渝中区","1","rt_dim_area","118936","4/1/2018"
"118937",,"ACTIVE",,"county","500100000000","市辖区","500104000000","大渡口区","500000000000","重庆市","大渡口区","1","rt_dim_area","118937","4/1/2018"
"118938",,"ACTIVE",,"county","500100000000","市辖区","500105000000","江北区","500000000000","重庆市","江北区","1","rt_dim_area","118938","4/1/2018"
"118939",,"ACTIVE",,"county","500100000000","市辖区","500106000000","沙坪坝区","500000000000","重庆市","沙坪坝区","1","rt_dim_area","118939","4/1/2018"
"118940",,"ACTIVE",,"county","500100000000","市辖区","500107000000","九龙坡区","500000000000","重庆市","九龙坡区","1","rt_dim_area","118940","4/1/2018"
"118941",,"ACTIVE",,"county","500100000000","市辖区","500108000000","南岸区","500000000000","重庆市","南岸区","1","rt_dim_area","118941","4/1/2018"
"118942",,"ACTIVE",,"county","500100000000","市辖区","500109000000","北碚区","500000000000","重庆市","北碚区","1","rt_dim_area","118942","4/1/2018"
"118943",,"ACTIVE",,"county","500100000000","市辖区","500110000000","綦江区","500000000000","重庆市","綦江区","1","rt_dim_area","118943","4/1/2018"
"118944",,"ACTIVE",,"county","500100000000","市辖区","500111000000","大足区","500000000000","重庆市","大足区","1","rt_dim_area","118944","4/1/2018"
"118945",,"ACTIVE",,"county","500100000000","市辖区","500112000000","渝北区","500000000000","重庆市","渝北区","1","rt_dim_area","118945","4/1/2018"
"118946",,"ACTIVE",,"county","500100000000","市辖区","500113000000","巴南区","500000000000","重庆市","巴南区","1","rt_dim_area","118946","4/1/2018"
"118947",,"ACTIVE",,"county","500100000000","市辖区","500114000000","黔江区","500000000000","重庆市","黔江区","1","rt_dim_area","118947","4/1/2018"
"118948",,"ACTIVE",,"county","500100000000","市辖区","500115000000","长寿区","500000000000","重庆市","长寿区","1","rt_dim_area","118948","4/1/2018"
"118949",,"ACTIVE",,"county","500100000000","市辖区","500116000000","江津区","500000000000","重庆市","江津区","1","rt_dim_area","118949","4/1/2018"
"118950",,"ACTIVE",,"county","500100000000","市辖区","500117000000","合川区","500000000000","重庆市","合川区","1","rt_dim_area","118950","4/1/2018"
"118951",,"ACTIVE",,"county","500100000000","市辖区","500118000000","永川区","500000000000","重庆市","永川区","1","rt_dim_area","118951","4/1/2018"
"118952",,"ACTIVE",,"county","500100000000","市辖区","500119000000","南川区","500000000000","重庆市","南川区","1","rt_dim_area","118952","4/1/2018"
"118953",,"ACTIVE",,"county","500100000000","市辖区","500120000000","璧山区","500000000000","重庆市","璧山区","1","rt_dim_area","118953","4/1/2018"
"118954",,"ACTIVE",,"county","500100000000","市辖区","500151000000","铜梁区","500000000000","重庆市","铜梁区","1","rt_dim_area","118954","4/1/2018"
"118955",,"ACTIVE",,"county","500100000000","市辖区","500152000000","潼南区","500000000000","重庆市","潼南区","1","rt_dim_area","118955","4/1/2018"
"118956",,"ACTIVE",,"county","500100000000","市辖区","500153000000","荣昌区","500000000000","重庆市","荣昌区","1","rt_dim_area","118956","4/1/2018"
"118957",,"ACTIVE",,"city","500200000000","县",,,"500000000000","重庆市","县","1","rt_dim_area","118957","4/1/2018"
"118958",,"ACTIVE",,"county","500100000000","市辖区","500228000000","梁平区","500000000000","重庆市","梁平区","1","rt_dim_area","118958","4/1/2018"
"118959",,"ACTIVE",,"county","500200000000","县","500229000000","城口县","500000000000","重庆市","城口县","1","rt_dim_area","118959","4/1/2018"
"118960",,"ACTIVE",,"county","500200000000","县","500230000000","丰都县","500000000000","重庆市","丰都县","1","rt_dim_area","118960","4/1/2018"
"118961",,"ACTIVE",,"county","500200000000","县","500231000000","垫江县","500000000000","重庆市","垫江县","1","rt_dim_area","118961","4/1/2018"
"118962",,"ACTIVE",,"county","500100000000","市辖区","500232000000","武隆区","500000000000","重庆市","武隆区","1","rt_dim_area","118962","4/1/2018"
"118963",,"ACTIVE",,"county","500200000000","县","500233000000","忠县","500000000000","重庆市","忠县","1","rt_dim_area","118963","4/1/2018"
"118964",,"ACTIVE",,"county","500100000000","市辖区","500234000000","开州区","500000000000","重庆市","开州区","1","rt_dim_area","118964","4/1/2018"
"118965",,"ACTIVE",,"county","500200000000","县","500235000000","云阳县","500000000000","重庆市","云阳县","1","rt_dim_area","118965","4/1/2018"
"118966",,"ACTIVE",,"county","500200000000","县","500236000000","奉节县","500000000000","重庆市","奉节县","1","rt_dim_area","118966","4/1/2018"
"118967",,"ACTIVE",,"county","500200000000","县","500237000000","巫山县","500000000000","重庆市","巫山县","1","rt_dim_area","118967","4/1/2018"
"118968",,"ACTIVE",,"county","500200000000","县","500238000000","巫溪县","500000000000","重庆市","巫溪县","1","rt_dim_area","118968","4/1/2018"
"118969",,"ACTIVE",,"county","500200000000","县","500240000000","石柱土家族自治县","500000000000","重庆市","石柱土家族自治县","1","rt_dim_area","118969","4/1/2018"
"118970",,"ACTIVE",,"county","500200000000","县","500241000000","秀山土家族苗族自治县","500000000000","重庆市","秀山土家族苗族自治县","1","rt_dim_area","118970","4/1/2018"
"118971",,"ACTIVE",,"county","500200000000","县","500242000000","酉阳土家族苗族自治县","500000000000","重庆市","酉阳土家族苗族自治县","1","rt_dim_area","118971","4/1/2018"
"118972",,"ACTIVE",,"county","500200000000","县","500243000000","彭水苗族土家族自治县","500000000000","重庆市","彭水苗族土家族自治县","1","rt_dim_area","118972","4/1/2018"
"118973",,"ACTIVE",,"province",,,,,"510000000000","四川省","四川省","1","rt_dim_area","118973","4/1/2018"
"118974",,"ACTIVE",,"city","510100000000","成都市",,,"510000000000","四川省","成都市","1","rt_dim_area","118974","4/1/2018"
"118975",,"ACTIVE",,"county","510100000000","成都市","510100010000","天府新区","510000000000","四川省","天府新区","1","rt_dim_area","118975","4/1/2018"
"118976",,"DEL",,"county","510100000000","成都市","510101000000","市辖区","510000000000","四川省","市辖区","1","rt_dim_area","118976","4/1/2018"
"118977",,"ACTIVE",,"county","510100000000","成都市","510104000000","锦江区","510000000000","四川省","锦江区","1","rt_dim_area","118977","4/1/2018"
"118978",,"ACTIVE",,"county","510100000000","成都市","510105000000","青羊区","510000000000","四川省","青羊区","1","rt_dim_area","118978","4/1/2018"
"118979",,"ACTIVE",,"county","510100000000","成都市","510106000000","金牛区","510000000000","四川省","金牛区","1","rt_dim_area","118979","4/1/2018"
"118980",,"ACTIVE",,"county","510100000000","成都市","510107000000","武侯区","510000000000","四川省","武侯区","1","rt_dim_area","118980","4/1/2018"
"118981",,"ACTIVE",,"county","510100000000","成都市","510108000000","成华区","510000000000","四川省","成华区","1","rt_dim_area","118981","4/1/2018"
"118982",,"ACTIVE",,"county","510100000000","成都市","510112000000","龙泉驿区","510000000000","四川省","龙泉驿区","1","rt_dim_area","118982","4/1/2018"
"118983",,"ACTIVE",,"county","510100000000","成都市","510113000000","青白江区","510000000000","四川省","青白江区","1","rt_dim_area","118983","4/1/2018"
"118984",,"ACTIVE",,"county","510100000000","成都市","510114000000","新都区","510000000000","四川省","新都区","1","rt_dim_area","118984","4/1/2018"
"118985",,"ACTIVE",,"county","510100000000","成都市","510115000000","温江区","510000000000","四川省","温江区","1","rt_dim_area","118985","4/1/2018"
"118986",,"ACTIVE",,"county","510100000000","成都市","510121000000","金堂县","510000000000","四川省","金堂县","1","rt_dim_area","118986","4/1/2018"
"118987",,"ACTIVE",,"county","510100000000","成都市","510122000000","双流区","510000000000","四川省","双流区","1","rt_dim_area","118987","4/1/2018"
"118988",,"ACTIVE",,"county","510100000000","成都市","510124000000","郫都区","510000000000","四川省","郫都区","1","rt_dim_area","118988","4/1/2018"
"118989",,"ACTIVE",,"county","510100000000","成都市","510129000000","大邑县","510000000000","四川省","大邑县","1","rt_dim_area","118989","4/1/2018"
"118990",,"ACTIVE",,"county","510100000000","成都市","510131000000","蒲江县","510000000000","四川省","蒲江县","1","rt_dim_area","118990","4/1/2018"
"118991",,"ACTIVE",,"county","510100000000","成都市","510132000000","新津区","510000000000","四川省","新津区","1","rt_dim_area","118991","4/1/2018"
"118992",,"ACTIVE",,"county","510100000000","成都市","510181000000","都江堰市","510000000000","四川省","都江堰市","1","rt_dim_area","118992","4/1/2018"
"118993",,"ACTIVE",,"county","510100000000","成都市","510182000000","彭州市","510000000000","四川省","彭州市","1","rt_dim_area","118993","4/1/2018"
"118994",,"ACTIVE",,"county","510100000000","成都市","510183000000","邛崃市","510000000000","四川省","邛崃市","1","rt_dim_area","118994","4/1/2018"
"118995",,"ACTIVE",,"county","510100000000","成都市","510184000000","崇州市","510000000000","四川省","崇州市","1","rt_dim_area","118995","4/1/2018"
"118996",,"ACTIVE",,"city","510300000000","自贡市",,,"510000000000","四川省","自贡市","1","rt_dim_area","118996","4/1/2018"
"118997",,"DEL",,"county","510300000000","自贡市","510301000000","市辖区","510000000000","四川省","市辖区","1","rt_dim_area","118997","4/1/2018"
"118998",,"ACTIVE",,"county","510300000000","自贡市","510302000000","自流井区","510000000000","四川省","自流井区","1","rt_dim_area","118998","4/1/2018"
"118999",,"ACTIVE",,"county","510300000000","自贡市","510303000000","贡井区","510000000000","四川省","贡井区","1","rt_dim_area","118999","4/1/2018"
"119000",,"ACTIVE",,"county","510300000000","自贡市","510304000000","大安区","510000000000","四川省","大安区","1","rt_dim_area","119000","4/1/2018"
"119001",,"ACTIVE",,"county","510300000000","自贡市","510311000000","沿滩区","510000000000","四川省","沿滩区","1","rt_dim_area","119001","4/1/2018"
"119002",,"ACTIVE",,"county","510300000000","自贡市","510321000000","荣县","510000000000","四川省","荣县","1","rt_dim_area","119002","4/1/2018"
"119003",,"ACTIVE",,"county","510300000000","自贡市","510322000000","富顺县","510000000000","四川省","富顺县","1","rt_dim_area","119003","4/1/2018"
"119004",,"ACTIVE",,"city","510400000000","攀枝花市",,,"510000000000","四川省","攀枝花市","1","rt_dim_area","119004","4/1/2018"
"119005",,"DEL",,"county","510400000000","攀枝花市","510401000000","市辖区","510000000000","四川省","市辖区","1","rt_dim_area","119005","4/1/2018"
"119006",,"ACTIVE",,"county","510400000000","攀枝花市","510402000000","东区","510000000000","四川省","东区","1","rt_dim_area","119006","4/1/2018"
"119007",,"ACTIVE",,"county","510400000000","攀枝花市","510403000000","西区","510000000000","四川省","西区","1","rt_dim_area","119007","4/1/2018"
"119008",,"ACTIVE",,"county","510400000000","攀枝花市","510411000000","仁和区","510000000000","四川省","仁和区","1","rt_dim_area","119008","4/1/2018"
"119009",,"ACTIVE",,"county","510400000000","攀枝花市","510421000000","米易县","510000000000","四川省","米易县","1","rt_dim_area","119009","4/1/2018"
"119010",,"ACTIVE",,"county","510400000000","攀枝花市","510422000000","盐边县","510000000000","四川省","盐边县","1","rt_dim_area","119010","4/1/2018"
"119011",,"ACTIVE",,"city","510500000000","泸州市",,,"510000000000","四川省","泸州市","1","rt_dim_area","119011","4/1/2018"
"119012",,"DEL",,"county","510500000000","泸州市","510501000000","市辖区","510000000000","四川省","市辖区","1","rt_dim_area","119012","4/1/2018"
"119013",,"ACTIVE",,"county","510500000000","泸州市","510502000000","江阳区","510000000000","四川省","江阳区","1","rt_dim_area","119013","4/1/2018"
"119014",,"ACTIVE",,"county","510500000000","泸州市","510503000000","纳溪区","510000000000","四川省","纳溪区","1","rt_dim_area","119014","4/1/2018"
"119015",,"ACTIVE",,"county","510500000000","泸州市","510504000000","龙马潭区","510000000000","四川省","龙马潭区","1","rt_dim_area","119015","4/1/2018"
"119016",,"ACTIVE",,"county","510500000000","泸州市","510521000000","泸县","510000000000","四川省","泸县","1","rt_dim_area","119016","4/1/2018"
"119017",,"ACTIVE",,"county","510500000000","泸州市","510522000000","合江县","510000000000","四川省","合江县","1","rt_dim_area","119017","4/1/2018"
"119018",,"ACTIVE",,"county","510500000000","泸州市","510524000000","叙永县","510000000000","四川省","叙永县","1","rt_dim_area","119018","4/1/2018"
"119019",,"ACTIVE",,"county","510500000000","泸州市","510525000000","古蔺县","510000000000","四川省","古蔺县","1","rt_dim_area","119019","4/1/2018"
"119020",,"ACTIVE",,"city","510600000000","德阳市",,,"510000000000","四川省","德阳市","1","rt_dim_area","119020","4/1/2018"
"119021",,"DEL",,"county","510600000000","德阳市","510601000000","市辖区","510000000000","四川省","市辖区","1","rt_dim_area","119021","4/1/2018"
"119022",,"ACTIVE",,"county","510600000000","德阳市","510603000000","旌阳区","510000000000","四川省","旌阳区","1","rt_dim_area","119022","4/1/2018"
"119023",,"ACTIVE",,"county","510600000000","德阳市","510623000000","中江县","510000000000","四川省","中江县","1","rt_dim_area","119023","4/1/2018"
"119024",,"ACTIVE",,"county","510600000000","德阳市","510626000000","罗江区","510000000000","四川省","罗江区","1","rt_dim_area","119024","4/1/2018"
"119025",,"ACTIVE",,"county","510600000000","德阳市","510681000000","广汉市","510000000000","四川省","广汉市","1","rt_dim_area","119025","4/1/2018"
"119026",,"ACTIVE",,"county","510600000000","德阳市","510682000000","什邡市","510000000000","四川省","什邡市","1","rt_dim_area","119026","4/1/2018"
"119027",,"ACTIVE",,"county","510600000000","德阳市","510683000000","绵竹市","510000000000","四川省","绵竹市","1","rt_dim_area","119027","4/1/2018"
"119028",,"ACTIVE",,"city","510700000000","绵阳市",,,"510000000000","四川省","绵阳市","1","rt_dim_area","119028","4/1/2018"
"119029",,"DEL",,"county","510700000000","绵阳市","510701000000","市辖区","510000000000","四川省","市辖区","1","rt_dim_area","119029","4/1/2018"
"119030",,"ACTIVE",,"county","510700000000","绵阳市","510703000000","涪城区","510000000000","四川省","涪城区","1","rt_dim_area","119030","4/1/2018"
"119031",,"ACTIVE",,"county","510700000000","绵阳市","510704000000","游仙区","510000000000","四川省","游仙区","1","rt_dim_area","119031","4/1/2018"
"119032",,"ACTIVE",,"county","510700000000","绵阳市","510722000000","三台县","510000000000","四川省","三台县","1","rt_dim_area","119032","4/1/2018"
"119033",,"ACTIVE",,"county","510700000000","绵阳市","510723000000","盐亭县","510000000000","四川省","盐亭县","1","rt_dim_area","119033","4/1/2018"
"119034",,"ACTIVE",,"county","510700000000","绵阳市","510724000000","安州区","510000000000","四川省","安州区","1","rt_dim_area","119034","4/1/2018"
"119035",,"ACTIVE",,"county","510700000000","绵阳市","510725000000","梓潼县","510000000000","四川省","梓潼县","1","rt_dim_area","119035","4/1/2018"
"119036",,"ACTIVE",,"county","510700000000","绵阳市","510726000000","北川羌族自治县","510000000000","四川省","北川羌族自治县","1","rt_dim_area","119036","4/1/2018"
"119037",,"ACTIVE",,"county","510700000000","绵阳市","510727000000","平武县","510000000000","四川省","平武县","1","rt_dim_area","119037","4/1/2018"
"119038",,"ACTIVE",,"county","510700000000","绵阳市","510781000000","江油市","510000000000","四川省","江油市","1","rt_dim_area","119038","4/1/2018"
"119039",,"ACTIVE",,"city","510800000000","广元市",,,"510000000000","四川省","广元市","1","rt_dim_area","119039","4/1/2018"
"119040",,"DEL",,"county","510800000000","广元市","510801000000","市辖区","510000000000","四川省","市辖区","1","rt_dim_area","119040","4/1/2018"
"119041",,"ACTIVE",,"county","510800000000","广元市","510802000000","利州区","510000000000","四川省","利州区","1","rt_dim_area","119041","4/1/2018"
"119042",,"ACTIVE",,"county","510800000000","广元市","510811000000","昭化区","510000000000","四川省","昭化区","1","rt_dim_area","119042","4/1/2018"
"119043",,"ACTIVE",,"county","510800000000","广元市","510812000000","朝天区","510000000000","四川省","朝天区","1","rt_dim_area","119043","4/1/2018"
"119044",,"ACTIVE",,"county","510800000000","广元市","510821000000","旺苍县","510000000000","四川省","旺苍县","1","rt_dim_area","119044","4/1/2018"
"119045",,"ACTIVE",,"county","510800000000","广元市","510822000000","青川县","510000000000","四川省","青川县","1","rt_dim_area","119045","4/1/2018"
"119046",,"ACTIVE",,"county","510800000000","广元市","510823000000","剑阁县","510000000000","四川省","剑阁县","1","rt_dim_area","119046","4/1/2018"
"119047",,"ACTIVE",,"county","510800000000","广元市","510824000000","苍溪县","510000000000","四川省","苍溪县","1","rt_dim_area","119047","4/1/2018"
"119048",,"ACTIVE",,"city","510900000000","遂宁市",,,"510000000000","四川省","遂宁市","1","rt_dim_area","119048","4/1/2018"
"119049",,"DEL",,"county","510900000000","遂宁市","510901000000","市辖区","510000000000","四川省","市辖区","1","rt_dim_area","119049","4/1/2018"
"119050",,"ACTIVE",,"county","510900000000","遂宁市","510903000000","船山区","510000000000","四川省","船山区","1","rt_dim_area","119050","4/1/2018"
"119051",,"ACTIVE",,"county","510900000000","遂宁市","510904000000","安居区","510000000000","四川省","安居区","1","rt_dim_area","119051","4/1/2018"
"119052",,"ACTIVE",,"county","510900000000","遂宁市","510921000000","蓬溪县","510000000000","四川省","蓬溪县","1","rt_dim_area","119052","4/1/2018"
"119053",,"ACTIVE",,"county","510900000000","遂宁市","510922000000","射洪县","510000000000","四川省","射洪县","1","rt_dim_area","119053","4/1/2018"
"119054",,"ACTIVE",,"county","510900000000","遂宁市","510923000000","大英县","510000000000","四川省","大英县","1","rt_dim_area","119054","4/1/2018"
"119055",,"ACTIVE",,"city","511000000000","内江市",,,"510000000000","四川省","内江市","1","rt_dim_area","119055","4/1/2018"
"119056",,"DEL",,"county","511000000000","内江市","511001000000","市辖区","510000000000","四川省","市辖区","1","rt_dim_area","119056","4/1/2018"
"119057",,"ACTIVE",,"county","511000000000","内江市","511002000000","市中区","510000000000","四川省","市中区","1","rt_dim_area","119057","4/1/2018"
"119058",,"ACTIVE",,"county","511000000000","内江市","511011000000","东兴区","510000000000","四川省","东兴区","1","rt_dim_area","119058","4/1/2018"
"119059",,"ACTIVE",,"county","511000000000","内江市","511024000000","威远县","510000000000","四川省","威远县","1","rt_dim_area","119059","4/1/2018"
"119060",,"ACTIVE",,"county","511000000000","内江市","511025000000","资中县","510000000000","四川省","资中县","1","rt_dim_area","119060","4/1/2018"
"119061",,"ACTIVE",,"county","511000000000","内江市","511028000000","隆昌市","510000000000","四川省","隆昌市","1","rt_dim_area","119061","4/1/2018"
"119062",,"ACTIVE",,"city","511100000000","乐山市",,,"510000000000","四川省","乐山市","1","rt_dim_area","119062","4/1/2018"
"119063",,"DEL",,"county","511100000000","乐山市","511101000000","市辖区","510000000000","四川省","市辖区","1","rt_dim_area","119063","4/1/2018"
"119064",,"ACTIVE",,"county","511100000000","乐山市","511102000000","市中区","510000000000","四川省","市中区","1","rt_dim_area","119064","4/1/2018"
"119065",,"ACTIVE",,"county","511100000000","乐山市","511111000000","沙湾区","510000000000","四川省","沙湾区","1","rt_dim_area","119065","4/1/2018"
"119066",,"ACTIVE",,"county","511100000000","乐山市","511112000000","五通桥区","510000000000","四川省","五通桥区","1","rt_dim_area","119066","4/1/2018"
"119067",,"ACTIVE",,"county","511100000000","乐山市","511113000000","金口河区","510000000000","四川省","金口河区","1","rt_dim_area","119067","4/1/2018"
"119068",,"ACTIVE",,"county","511100000000","乐山市","511123000000","犍为县","510000000000","四川省","犍为县","1","rt_dim_area","119068","4/1/2018"
"119069",,"ACTIVE",,"county","511100000000","乐山市","511124000000","井研县","510000000000","四川省","井研县","1","rt_dim_area","119069","4/1/2018"
"119070",,"ACTIVE",,"county","511100000000","乐山市","511126000000","夹江县","510000000000","四川省","夹江县","1","rt_dim_area","119070","4/1/2018"
"119071",,"ACTIVE",,"county","511100000000","乐山市","511129000000","沐川县","510000000000","四川省","沐川县","1","rt_dim_area","119071","4/1/2018"
"119072",,"ACTIVE",,"county","511100000000","乐山市","511132000000","峨边彝族自治县","510000000000","四川省","峨边彝族自治县","1","rt_dim_area","119072","4/1/2018"
"119073",,"ACTIVE",,"county","511100000000","乐山市","511133000000","马边彝族自治县","510000000000","四川省","马边彝族自治县","1","rt_dim_area","119073","4/1/2018"
"119074",,"ACTIVE",,"county","511100000000","乐山市","511181000000","峨眉山市","510000000000","四川省","峨眉山市","1","rt_dim_area","119074","4/1/2018"
"119075",,"ACTIVE",,"city","511300000000","南充市",,,"510000000000","四川省","南充市","1","rt_dim_area","119075","4/1/2018"
"119076",,"DEL",,"county","511300000000","南充市","511301000000","市辖区","510000000000","四川省","市辖区","1","rt_dim_area","119076","4/1/2018"
"119077",,"ACTIVE",,"county","511300000000","南充市","511302000000","顺庆区","510000000000","四川省","顺庆区","1","rt_dim_area","119077","4/1/2018"
"119078",,"ACTIVE",,"county","511300000000","南充市","511303000000","高坪区","510000000000","四川省","高坪区","1","rt_dim_area","119078","4/1/2018"
"119079",,"ACTIVE",,"county","511300000000","南充市","511304000000","嘉陵区","510000000000","四川省","嘉陵区","1","rt_dim_area","119079","4/1/2018"
"119080",,"ACTIVE",,"county","511300000000","南充市","511321000000","南部县","510000000000","四川省","南部县","1","rt_dim_area","119080","4/1/2018"
"119081",,"ACTIVE",,"county","511300000000","南充市","511322000000","营山县","510000000000","四川省","营山县","1","rt_dim_area","119081","4/1/2018"
"119082",,"ACTIVE",,"county","511300000000","南充市","511323000000","蓬安县","510000000000","四川省","蓬安县","1","rt_dim_area","119082","4/1/2018"
"119083",,"ACTIVE",,"county","511300000000","南充市","511324000000","仪陇县","510000000000","四川省","仪陇县","1","rt_dim_area","119083","4/1/2018"
"119084",,"ACTIVE",,"county","511300000000","南充市","511325000000","西充县","510000000000","四川省","西充县","1","rt_dim_area","119084","4/1/2018"
"119085",,"ACTIVE",,"county","511300000000","南充市","511381000000","阆中市","510000000000","四川省","阆中市","1","rt_dim_area","119085","4/1/2018"
"119086",,"ACTIVE",,"city","511400000000","眉山市",,,"510000000000","四川省","眉山市","1","rt_dim_area","119086","4/1/2018"
"119087",,"DEL",,"county","511400000000","眉山市","511401000000","市辖区","510000000000","四川省","市辖区","1","rt_dim_area","119087","4/1/2018"
"119088",,"ACTIVE",,"county","511400000000","眉山市","511402000000","东坡区","510000000000","四川省","东坡区","1","rt_dim_area","119088","4/1/2018"
"119089",,"ACTIVE",,"county","511400000000","眉山市","511403000000","彭山区","510000000000","四川省","彭山区","1","rt_dim_area","119089","4/1/2018"
"119090",,"ACTIVE",,"county","511400000000","眉山市","511421000000","仁寿县","510000000000","四川省","仁寿县","1","rt_dim_area","119090","4/1/2018"
"119091",,"ACTIVE",,"county","511400000000","眉山市","511423000000","洪雅县","510000000000","四川省","洪雅县","1","rt_dim_area","119091","4/1/2018"
"119092",,"ACTIVE",,"county","511400000000","眉山市","511424000000","丹棱县","510000000000","四川省","丹棱县","1","rt_dim_area","119092","4/1/2018"
"119093",,"ACTIVE",,"county","511400000000","眉山市","511425000000","青神县","510000000000","四川省","青神县","1","rt_dim_area","119093","4/1/2018"
"119094",,"ACTIVE",,"city","511500000000","宜宾市",,,"510000000000","四川省","宜宾市","1","rt_dim_area","119094","4/1/2018"
"119095",,"DEL",,"county","511500000000","宜宾市","511501000000","市辖区","510000000000","四川省","市辖区","1","rt_dim_area","119095","4/1/2018"
"119096",,"ACTIVE",,"county","511500000000","宜宾市","511502000000","翠屏区","510000000000","四川省","翠屏区","1","rt_dim_area","119096","4/1/2018"
"119097",,"ACTIVE",,"county","511500000000","宜宾市","511503000000","南溪区","510000000000","四川省","南溪区","1","rt_dim_area","119097","4/1/2018"
"119098",,"ACTIVE",,"county","511500000000","宜宾市","511521000000","叙州区","510000000000","四川省","叙州区","1","rt_dim_area","119098","4/1/2018"
"119099",,"ACTIVE",,"county","511500000000","宜宾市","511523000000","江安县","510000000000","四川省","江安县","1","rt_dim_area","119099","4/1/2018"
"119100",,"ACTIVE",,"county","511500000000","宜宾市","511524000000","长宁县","510000000000","四川省","长宁县","1","rt_dim_area","119100","4/1/2018"
"119101",,"ACTIVE",,"county","511500000000","宜宾市","511525000000","高县","510000000000","四川省","高县","1","rt_dim_area","119101","4/1/2018"
"119102",,"ACTIVE",,"county","511500000000","宜宾市","511526000000","珙县","510000000000","四川省","珙县","1","rt_dim_area","119102","4/1/2018"
"119103",,"ACTIVE",,"county","511500000000","宜宾市","511527000000","筠连县","510000000000","四川省","筠连县","1","rt_dim_area","119103","4/1/2018"
"119104",,"ACTIVE",,"county","511500000000","宜宾市","511528000000","兴文县","510000000000","四川省","兴文县","1","rt_dim_area","119104","4/1/2018"
"119105",,"ACTIVE",,"county","511500000000","宜宾市","511529000000","屏山县","510000000000","四川省","屏山县","1","rt_dim_area","119105","4/1/2018"
"119106",,"ACTIVE",,"city","511600000000","广安市",,,"510000000000","四川省","广安市","1","rt_dim_area","119106","4/1/2018"
"119107",,"DEL",,"county","511600000000","广安市","511601000000","市辖区","510000000000","四川省","市辖区","1","rt_dim_area","119107","4/1/2018"
"119108",,"ACTIVE",,"county","511600000000","广安市","511602000000","广安区","510000000000","四川省","广安区","1","rt_dim_area","119108","4/1/2018"
"119109",,"ACTIVE",,"county","511600000000","广安市","511603000000","前锋区","510000000000","四川省","前锋区","1","rt_dim_area","119109","4/1/2018"
"119110",,"ACTIVE",,"county","511600000000","广安市","511621000000","岳池县","510000000000","四川省","岳池县","1","rt_dim_area","119110","4/1/2018"
"119111",,"ACTIVE",,"county","511600000000","广安市","511622000000","武胜县","510000000000","四川省","武胜县","1","rt_dim_area","119111","4/1/2018"
"119112",,"ACTIVE",,"county","511600000000","广安市","511623000000","邻水县","510000000000","四川省","邻水县","1","rt_dim_area","119112","4/1/2018"
"119113",,"ACTIVE",,"county","511600000000","广安市","511681000000","华蓥市","510000000000","四川省","华蓥市","1","rt_dim_area","119113","4/1/2018"
"119114",,"ACTIVE",,"city","511700000000","达州市",,,"510000000000","四川省","达州市","1","rt_dim_area","119114","4/1/2018"
"119115",,"DEL",,"county","511700000000","达州市","511701000000","市辖区","510000000000","四川省","市辖区","1","rt_dim_area","119115","4/1/2018"
"119116",,"ACTIVE",,"county","511700000000","达州市","511702000000","通川区","510000000000","四川省","通川区","1","rt_dim_area","119116","4/1/2018"
"119117",,"ACTIVE",,"county","511700000000","达州市","511703000000","达川区","510000000000","四川省","达川区","1","rt_dim_area","119117","4/1/2018"
"119118",,"ACTIVE",,"county","511700000000","达州市","511722000000","宣汉县","510000000000","四川省","宣汉县","1","rt_dim_area","119118","4/1/2018"
"119119",,"ACTIVE",,"county","511700000000","达州市","511723000000","开江县","510000000000","四川省","开江县","1","rt_dim_area","119119","4/1/2018"
"119120",,"ACTIVE",,"county","511700000000","达州市","511724000000","大竹县","510000000000","四川省","大竹县","1","rt_dim_area","119120","4/1/2018"
"119121",,"ACTIVE",,"county","511700000000","达州市","511725000000","渠县","510000000000","四川省","渠县","1","rt_dim_area","119121","4/1/2018"
"119122",,"ACTIVE",,"county","511700000000","达州市","511781000000","万源市","510000000000","四川省","万源市","1","rt_dim_area","119122","4/1/2018"
"119123",,"ACTIVE",,"city","511800000000","雅安市",,,"510000000000","四川省","雅安市","1","rt_dim_area","119123","4/1/2018"
"119124",,"DEL",,"county","511800000000","雅安市","511801000000","市辖区","510000000000","四川省","市辖区","1","rt_dim_area","119124","4/1/2018"
"119125",,"ACTIVE",,"county","511800000000","雅安市","511802000000","雨城区","510000000000","四川省","雨城区","1","rt_dim_area","119125","4/1/2018"
"119126",,"ACTIVE",,"county","511800000000","雅安市","511803000000","名山区","510000000000","四川省","名山区","1","rt_dim_area","119126","4/1/2018"
"119127",,"ACTIVE",,"county","511800000000","雅安市","511822000000","荥经县","510000000000","四川省","荥经县","1","rt_dim_area","119127","4/1/2018"
"119128",,"ACTIVE",,"county","511800000000","雅安市","511823000000","汉源县","510000000000","四川省","汉源县","1","rt_dim_area","119128","4/1/2018"
"119129",,"ACTIVE",,"county","511800000000","雅安市","511824000000","石棉县","510000000000","四川省","石棉县","1","rt_dim_area","119129","4/1/2018"
"119130",,"ACTIVE",,"county","511800000000","雅安市","511825000000","天全县","510000000000","四川省","天全县","1","rt_dim_area","119130","4/1/2018"
"119131",,"ACTIVE",,"county","511800000000","雅安市","511826000000","芦山县","510000000000","四川省","芦山县","1","rt_dim_area","119131","4/1/2018"
"119132",,"ACTIVE",,"county","511800000000","雅安市","511827000000","宝兴县","510000000000","四川省","宝兴县","1","rt_dim_area","119132","4/1/2018"
"119133",,"ACTIVE",,"city","511900000000","巴中市",,,"510000000000","四川省","巴中市","1","rt_dim_area","119133","4/1/2018"
"119134",,"DEL",,"county","511900000000","巴中市","511901000000","市辖区","510000000000","四川省","市辖区","1","rt_dim_area","119134","4/1/2018"
"119135",,"ACTIVE",,"county","511900000000","巴中市","511902000000","巴州区","510000000000","四川省","巴州区","1","rt_dim_area","119135","4/1/2018"
"119136",,"ACTIVE",,"county","511900000000","巴中市","511903000000","恩阳区","510000000000","四川省","恩阳区","1","rt_dim_area","119136","4/1/2018"
"119137",,"ACTIVE",,"county","511900000000","巴中市","511921000000","通江县","510000000000","四川省","通江县","1","rt_dim_area","119137","4/1/2018"
"119138",,"ACTIVE",,"county","511900000000","巴中市","511922000000","南江县","510000000000","四川省","南江县","1","rt_dim_area","119138","4/1/2018"
"119139",,"ACTIVE",,"county","511900000000","巴中市","511923000000","平昌县","510000000000","四川省","平昌县","1","rt_dim_area","119139","4/1/2018"
"119140",,"ACTIVE",,"city","512000000000","资阳市",,,"510000000000","四川省","资阳市","1","rt_dim_area","119140","4/1/2018"
"119141",,"DEL",,"county","512000000000","资阳市","512001000000","市辖区","510000000000","四川省","市辖区","1","rt_dim_area","119141","4/1/2018"
"119142",,"ACTIVE",,"county","512000000000","资阳市","512002000000","雁江区","510000000000","四川省","雁江区","1","rt_dim_area","119142","4/1/2018"
"119143",,"ACTIVE",,"county","512000000000","资阳市","512021000000","安岳县","510000000000","四川省","安岳县","1","rt_dim_area","119143","4/1/2018"
"119144",,"ACTIVE",,"county","512000000000","资阳市","512022000000","乐至县","510000000000","四川省","乐至县","1","rt_dim_area","119144","4/1/2018"
"119145",,"ACTIVE","1527821579","county","510100000000","成都市","510185000000","简阳市","510000000000","四川省","简阳市","1","rt_dim_area","119145","4/1/2018"
"119146",,"ACTIVE",,"city","513200000000","阿坝藏族羌族自治州",,,"510000000000","四川省","阿坝藏族羌族自治州","1","rt_dim_area","119146","4/1/2018"
"119147",,"ACTIVE",,"county","513200000000","阿坝藏族羌族自治州","513221000000","汶川县","510000000000","四川省","汶川县","1","rt_dim_area","119147","4/1/2018"
"119148",,"ACTIVE",,"county","513200000000","阿坝藏族羌族自治州","513222000000","理县","510000000000","四川省","理县","1","rt_dim_area","119148","4/1/2018"
"119149",,"ACTIVE",,"county","513200000000","阿坝藏族羌族自治州","513223000000","茂县","510000000000","四川省","茂县","1","rt_dim_area","119149","4/1/2018"
"119150",,"ACTIVE",,"county","513200000000","阿坝藏族羌族自治州","513224000000","松潘县","510000000000","四川省","松潘县","1","rt_dim_area","119150","4/1/2018"
"119151",,"ACTIVE",,"county","513200000000","阿坝藏族羌族自治州","513225000000","九寨沟县","510000000000","四川省","九寨沟县","1","rt_dim_area","119151","4/1/2018"
"119152",,"ACTIVE",,"county","513200000000","阿坝藏族羌族自治州","513226000000","金川县","510000000000","四川省","金川县","1","rt_dim_area","119152","4/1/2018"
"119153",,"ACTIVE",,"county","513200000000","阿坝藏族羌族自治州","513227000000","小金县","510000000000","四川省","小金县","1","rt_dim_area","119153","4/1/2018"
"119154",,"ACTIVE",,"county","513200000000","阿坝藏族羌族自治州","513228000000","黑水县","510000000000","四川省","黑水县","1","rt_dim_area","119154","4/1/2018"
"119155",,"ACTIVE",,"county","513200000000","阿坝藏族羌族自治州","513229000000","马尔康市","510000000000","四川省","马尔康市","1","rt_dim_area","119155","4/1/2018"
"119156",,"ACTIVE",,"county","513200000000","阿坝藏族羌族自治州","513230000000","壤塘县","510000000000","四川省","壤塘县","1","rt_dim_area","119156","4/1/2018"
"119157",,"ACTIVE",,"county","513200000000","阿坝藏族羌族自治州","513231000000","阿坝县","510000000000","四川省","阿坝县","1","rt_dim_area","119157","4/1/2018"
"119158",,"ACTIVE",,"county","513200000000","阿坝藏族羌族自治州","513232000000","若尔盖县","510000000000","四川省","若尔盖县","1","rt_dim_area","119158","4/1/2018"
"119159",,"ACTIVE",,"county","513200000000","阿坝藏族羌族自治州","513233000000","红原县","510000000000","四川省","红原县","1","rt_dim_area","119159","4/1/2018"
"119160",,"ACTIVE",,"city","513300000000","甘孜藏族自治州",,,"510000000000","四川省","甘孜藏族自治州","1","rt_dim_area","119160","4/1/2018"
"119161",,"ACTIVE",,"county","513300000000","甘孜藏族自治州","513301000000","康定市","510000000000","四川省","康定市","1","rt_dim_area","119161","4/1/2018"
"119162",,"ACTIVE",,"county","513300000000","甘孜藏族自治州","513322000000","泸定县","510000000000","四川省","泸定县","1","rt_dim_area","119162","4/1/2018"
"119163",,"ACTIVE",,"county","513300000000","甘孜藏族自治州","513323000000","丹巴县","510000000000","四川省","丹巴县","1","rt_dim_area","119163","4/1/2018"
"119164",,"ACTIVE",,"county","513300000000","甘孜藏族自治州","513324000000","九龙县","510000000000","四川省","九龙县","1","rt_dim_area","119164","4/1/2018"
"119165",,"ACTIVE",,"county","513300000000","甘孜藏族自治州","513325000000","雅江县","510000000000","四川省","雅江县","1","rt_dim_area","119165","4/1/2018"
"119166",,"ACTIVE",,"county","513300000000","甘孜藏族自治州","513326000000","道孚县","510000000000","四川省","道孚县","1","rt_dim_area","119166","4/1/2018"
"119167",,"ACTIVE",,"county","513300000000","甘孜藏族自治州","513327000000","炉霍县","510000000000","四川省","炉霍县","1","rt_dim_area","119167","4/1/2018"
"119168",,"ACTIVE",,"county","513300000000","甘孜藏族自治州","513328000000","甘孜县","510000000000","四川省","甘孜县","1","rt_dim_area","119168","4/1/2018"
"119169",,"ACTIVE",,"county","513300000000","甘孜藏族自治州","513329000000","新龙县","510000000000","四川省","新龙县","1","rt_dim_area","119169","4/1/2018"
"119170",,"ACTIVE",,"county","513300000000","甘孜藏族自治州","513330000000","德格县","510000000000","四川省","德格县","1","rt_dim_area","119170","4/1/2018"
"119171",,"ACTIVE",,"county","513300000000","甘孜藏族自治州","513331000000","白玉县","510000000000","四川省","白玉县","1","rt_dim_area","119171","4/1/2018"
"119172",,"ACTIVE",,"county","513300000000","甘孜藏族自治州","513332000000","石渠县","510000000000","四川省","石渠县","1","rt_dim_area","119172","4/1/2018"
"119173",,"ACTIVE",,"county","513300000000","甘孜藏族自治州","513333000000","色达县","510000000000","四川省","色达县","1","rt_dim_area","119173","4/1/2018"
"119174",,"ACTIVE",,"county","513300000000","甘孜藏族自治州","513334000000","理塘县","510000000000","四川省","理塘县","1","rt_dim_area","119174","4/1/2018"
"119175",,"ACTIVE",,"county","513300000000","甘孜藏族自治州","513335000000","巴塘县","510000000000","四川省","巴塘县","1","rt_dim_area","119175","4/1/2018"
"119176",,"ACTIVE",,"county","513300000000","甘孜藏族自治州","513336000000","乡城县","510000000000","四川省","乡城县","1","rt_dim_area","119176","4/1/2018"
"119177",,"ACTIVE",,"county","513300000000","甘孜藏族自治州","513337000000","稻城县","510000000000","四川省","稻城县","1","rt_dim_area","119177","4/1/2018"
"119178",,"ACTIVE",,"county","513300000000","甘孜藏族自治州","513338000000","得荣县","510000000000","四川省","得荣县","1","rt_dim_area","119178","4/1/2018"
"119179",,"ACTIVE",,"city","513400000000","凉山彝族自治州",,,"510000000000","四川省","凉山彝族自治州","1","rt_dim_area","119179","4/1/2018"
"119180",,"ACTIVE",,"county","513400000000","凉山彝族自治州","513401000000","西昌市","510000000000","四川省","西昌市","1","rt_dim_area","119180","4/1/2018"
"119181",,"ACTIVE",,"county","513400000000","凉山彝族自治州","513422000000","木里藏族自治县","510000000000","四川省","木里藏族自治县","1","rt_dim_area","119181","4/1/2018"
"119182",,"ACTIVE",,"county","513400000000","凉山彝族自治州","513423000000","盐源县","510000000000","四川省","盐源县","1","rt_dim_area","119182","4/1/2018"
"119183",,"ACTIVE",,"county","513400000000","凉山彝族自治州","513424000000","德昌县","510000000000","四川省","德昌县","1","rt_dim_area","119183","4/1/2018"
"119184",,"ACTIVE",,"county","513400000000","凉山彝族自治州","513425000000","会理市","510000000000","四川省","会理市","1","rt_dim_area","119184","4/1/2018"
"119185",,"ACTIVE",,"county","513400000000","凉山彝族自治州","513426000000","会东县","510000000000","四川省","会东县","1","rt_dim_area","119185","4/1/2018"
"119186",,"ACTIVE",,"county","513400000000","凉山彝族自治州","513427000000","宁南县","510000000000","四川省","宁南县","1","rt_dim_area","119186","4/1/2018"
"119187",,"ACTIVE",,"county","513400000000","凉山彝族自治州","513428000000","普格县","510000000000","四川省","普格县","1","rt_dim_area","119187","4/1/2018"
"119188",,"ACTIVE",,"county","513400000000","凉山彝族自治州","513429000000","布拖县","510000000000","四川省","布拖县","1","rt_dim_area","119188","4/1/2018"
"119189",,"ACTIVE",,"county","513400000000","凉山彝族自治州","513430000000","金阳县","510000000000","四川省","金阳县","1","rt_dim_area","119189","4/1/2018"
"119190",,"ACTIVE",,"county","513400000000","凉山彝族自治州","513431000000","昭觉县","510000000000","四川省","昭觉县","1","rt_dim_area","119190","4/1/2018"
"119191",,"ACTIVE",,"county","513400000000","凉山彝族自治州","513432000000","喜德县","510000000000","四川省","喜德县","1","rt_dim_area","119191","4/1/2018"
"119192",,"ACTIVE",,"county","513400000000","凉山彝族自治州","513433000000","冕宁县","510000000000","四川省","冕宁县","1","rt_dim_area","119192","4/1/2018"
"119193",,"ACTIVE",,"county","513400000000","凉山彝族自治州","513434000000","越西县","510000000000","四川省","越西县","1","rt_dim_area","119193","4/1/2018"
"119194",,"ACTIVE",,"county","513400000000","凉山彝族自治州","513435000000","甘洛县","510000000000","四川省","甘洛县","1","rt_dim_area","119194","4/1/2018"
"119195",,"ACTIVE",,"county","513400000000","凉山彝族自治州","513436000000","美姑县","510000000000","四川省","美姑县","1","rt_dim_area","119195","4/1/2018"
"119196",,"ACTIVE",,"county","513400000000","凉山彝族自治州","513437000000","雷波县","510000000000","四川省","雷波县","1","rt_dim_area","119196","4/1/2018"
"119197",,"ACTIVE",,"province",,,,,"520000000000","贵州省","贵州省","1","rt_dim_area","119197","4/1/2018"
"119198",,"ACTIVE",,"city","520100000000","贵阳市",,,"520000000000","贵州省","贵阳市","1","rt_dim_area","119198","4/1/2018"
"119199",,"DEL",,"county","520100000000","贵阳市","520101000000","市辖区","520000000000","贵州省","市辖区","1","rt_dim_area","119199","4/1/2018"
"119200",,"ACTIVE",,"county","520100000000","贵阳市","520102000000","南明区","520000000000","贵州省","南明区","1","rt_dim_area","119200","4/1/2018"
"119201",,"ACTIVE",,"county","520100000000","贵阳市","520103000000","云岩区","520000000000","贵州省","云岩区","1","rt_dim_area","119201","4/1/2018"
"119202",,"ACTIVE",,"county","520100000000","贵阳市","520111000000","花溪区","520000000000","贵州省","花溪区","1","rt_dim_area","119202","4/1/2018"
"119203",,"ACTIVE",,"county","520100000000","贵阳市","520112000000","乌当区","520000000000","贵州省","乌当区","1","rt_dim_area","119203","4/1/2018"
"119204",,"ACTIVE",,"county","520100000000","贵阳市","520113000000","白云区","520000000000","贵州省","白云区","1","rt_dim_area","119204","4/1/2018"
"119205",,"ACTIVE",,"county","520100000000","贵阳市","520115000000","观山湖区","520000000000","贵州省","观山湖区","1","rt_dim_area","119205","4/1/2018"
"119206",,"ACTIVE",,"county","520100000000","贵阳市","520121000000","开阳县","520000000000","贵州省","开阳县","1","rt_dim_area","119206","4/1/2018"
"119207",,"ACTIVE",,"county","520100000000","贵阳市","520122000000","息烽县","520000000000","贵州省","息烽县","1","rt_dim_area","119207","4/1/2018"
"119208",,"ACTIVE",,"county","520100000000","贵阳市","520123000000","修文县","520000000000","贵州省","修文县","1","rt_dim_area","119208","4/1/2018"
"119209",,"ACTIVE",,"county","520100000000","贵阳市","520181000000","清镇市","520000000000","贵州省","清镇市","1","rt_dim_area","119209","4/1/2018"
"119210",,"ACTIVE",,"city","520200000000","六盘水市",,,"520000000000","贵州省","六盘水市","1","rt_dim_area","119210","4/1/2018"
"119211",,"ACTIVE",,"county","520200000000","六盘水市","520201000000","钟山区","520000000000","贵州省","钟山区","1","rt_dim_area","119211","4/1/2018"
"119212",,"ACTIVE",,"county","520200000000","六盘水市","520203000000","六枝特区","520000000000","贵州省","六枝特区","1","rt_dim_area","119212","4/1/2018"
"119213",,"ACTIVE",,"county","520200000000","六盘水市","520221000000","水城县","520000000000","贵州省","水城县","1","rt_dim_area","119213","4/1/2018"
"119214",,"ACTIVE",,"county","520200000000","六盘水市","520222000000","盘县","520000000000","贵州省","盘县","1","rt_dim_area","119214","4/1/2018"
"119215",,"ACTIVE",,"city","520300000000","遵义市",,,"520000000000","贵州省","遵义市","1","rt_dim_area","119215","4/1/2018"
"119216",,"DEL",,"county","520300000000","遵义市","520301000000","市辖区","520000000000","贵州省","市辖区","1","rt_dim_area","119216","4/1/2018"
"119217",,"ACTIVE",,"county","520300000000","遵义市","520302000000","红花岗区","520000000000","贵州省","红花岗区","1","rt_dim_area","119217","4/1/2018"
"119218",,"ACTIVE",,"county","520300000000","遵义市","520303000000","汇川区","520000000000","贵州省","汇川区","1","rt_dim_area","119218","4/1/2018"
"119219",,"ACTIVE",,"county","520300000000","遵义市","520304000000","播州区","520000000000","贵州省","播州区","1","rt_dim_area","119219","4/1/2018"
"119220",,"ACTIVE",,"county","520300000000","遵义市","520321000000","新蒲新区","520000000000","贵州省","新蒲新区","1","rt_dim_area","119220","4/1/2018"
"119221",,"ACTIVE",,"county","520300000000","遵义市","520322000000","桐梓县","520000000000","贵州省","桐梓县","1","rt_dim_area","119221","4/1/2018"
"119222",,"ACTIVE",,"county","520300000000","遵义市","520323000000","绥阳县","520000000000","贵州省","绥阳县","1","rt_dim_area","119222","4/1/2018"
"119223",,"ACTIVE",,"county","520300000000","遵义市","520324000000","正安县","520000000000","贵州省","正安县","1","rt_dim_area","119223","4/1/2018"
"119224",,"ACTIVE",,"county","520300000000","遵义市","520325000000","道真仡佬族苗族自治县","520000000000","贵州省","道真仡佬族苗族自治县","1","rt_dim_area","119224","4/1/2018"
"119225",,"ACTIVE",,"county","520300000000","遵义市","520326000000","务川仡佬族苗族自治县","520000000000","贵州省","务川仡佬族苗族自治县","1","rt_dim_area","119225","4/1/2018"
"119226",,"ACTIVE",,"county","520300000000","遵义市","520327000000","凤冈县","520000000000","贵州省","凤冈县","1","rt_dim_area","119226","4/1/2018"
"119227",,"ACTIVE",,"county","520300000000","遵义市","520328000000","湄潭县","520000000000","贵州省","湄潭县","1","rt_dim_area","119227","4/1/2018"
"119228",,"ACTIVE",,"county","520300000000","遵义市","520329000000","余庆县","520000000000","贵州省","余庆县","1","rt_dim_area","119228","4/1/2018"
"119229",,"ACTIVE",,"county","520300000000","遵义市","520330000000","习水县","520000000000","贵州省","习水县","1","rt_dim_area","119229","4/1/2018"
"119230",,"ACTIVE",,"county","520300000000","遵义市","520381000000","赤水市","520000000000","贵州省","赤水市","1","rt_dim_area","119230","4/1/2018"
"119231",,"ACTIVE",,"city","520382000000","仁怀市",,,"520000000000","贵州省","仁怀市","1","rt_dim_area","119231","4/1/2018"
"119232",,"ACTIVE",,"county","520382000000","仁怀市","520382100000","仁怀市","520000000000","贵州省","仁怀市","1","rt_dim_area","119232","4/1/2018"
"119233",,"ACTIVE",,"city","520400000000","安顺市",,,"520000000000","贵州省","安顺市","1","rt_dim_area","119233","4/1/2018"
"119234",,"DEL",,"county","520400000000","安顺市","520401000000","市辖区","520000000000","贵州省","市辖区","1","rt_dim_area","119234","4/1/2018"
"119235",,"ACTIVE",,"county","520400000000","安顺市","520402000000","西秀区","520000000000","贵州省","西秀区","1","rt_dim_area","119235","4/1/2018"
"119236",,"ACTIVE",,"county","520400000000","安顺市","520403000000","平坝区","520000000000","贵州省","平坝区","1","rt_dim_area","119236","4/1/2018"
"119237",,"ACTIVE",,"county","520400000000","安顺市","520422000000","普定县","520000000000","贵州省","普定县","1","rt_dim_area","119237","4/1/2018"
"119238",,"ACTIVE",,"county","520400000000","安顺市","520423000000","镇宁布依族苗族自治县","520000000000","贵州省","镇宁布依族苗族自治县","1","rt_dim_area","119238","4/1/2018"
"119239",,"ACTIVE",,"county","520400000000","安顺市","520424000000","关岭布依族苗族自治县","520000000000","贵州省","关岭布依族苗族自治县","1","rt_dim_area","119239","4/1/2018"
"119240",,"ACTIVE",,"county","520400000000","安顺市","520425000000","紫云苗族布依族自治县","520000000000","贵州省","紫云苗族布依族自治县","1","rt_dim_area","119240","4/1/2018"
"119241",,"ACTIVE",,"city","520500000000","毕节市",,,"520000000000","贵州省","毕节市","1","rt_dim_area","119241","4/1/2018"
"119242",,"DEL",,"county","520500000000","毕节市","520501000000","市辖区","520000000000","贵州省","市辖区","1","rt_dim_area","119242","4/1/2018"
"119243",,"ACTIVE",,"county","520500000000","毕节市","520502000000","七星关区","520000000000","贵州省","七星关区","1","rt_dim_area","119243","4/1/2018"
"119244",,"ACTIVE",,"county","520500000000","毕节市","520521000000","大方县","520000000000","贵州省","大方县","1","rt_dim_area","119244","4/1/2018"
"119245",,"ACTIVE",,"county","520500000000","毕节市","520522000000","黔西县","520000000000","贵州省","黔西县","1","rt_dim_area","119245","4/1/2018"
"119246",,"ACTIVE",,"county","520500000000","毕节市","520523000000","金沙县","520000000000","贵州省","金沙县","1","rt_dim_area","119246","4/1/2018"
"119247",,"ACTIVE",,"county","520500000000","毕节市","520524000000","织金县","520000000000","贵州省","织金县","1","rt_dim_area","119247","4/1/2018"
"119248",,"ACTIVE",,"county","520500000000","毕节市","520525000000","纳雍县","520000000000","贵州省","纳雍县","1","rt_dim_area","119248","4/1/2018"
"119249",,"ACTIVE",,"city","520526000000","威宁彝族回族苗族自治县",,,"520000000000","贵州省","威宁彝族回族苗族自治县","1","rt_dim_area","119249","4/1/2018"
"119250",,"ACTIVE",,"county","520526000000","威宁彝族回族苗族自治县","520526100000","威宁彝族回族苗族自治县","520000000000","贵州省","威宁彝族回族苗族自治县","1","rt_dim_area","119250","4/1/2018"
"119251",,"ACTIVE",,"county","520500000000","毕节市","520527000000","赫章县","520000000000","贵州省","赫章县","1","rt_dim_area","119251","4/1/2018"
"119252",,"ACTIVE",,"city","520600000000","铜仁市",,,"520000000000","贵州省","铜仁市","1","rt_dim_area","119252","4/1/2018"
"119253",,"DEL",,"county","520600000000","铜仁市","520601000000","市辖区","520000000000","贵州省","市辖区","1","rt_dim_area","119253","4/1/2018"
"119254",,"ACTIVE",,"county","520600000000","铜仁市","520602000000","碧江区","520000000000","贵州省","碧江区","1","rt_dim_area","119254","4/1/2018"
"119255",,"ACTIVE",,"county","520600000000","铜仁市","520603000000","万山区","520000000000","贵州省","万山区","1","rt_dim_area","119255","4/1/2018"
"119256",,"ACTIVE",,"county","520600000000","铜仁市","520621000000","江口县","520000000000","贵州省","江口县","1","rt_dim_area","119256","4/1/2018"
"119257",,"ACTIVE",,"county","520600000000","铜仁市","520622000000","玉屏侗族自治县","520000000000","贵州省","玉屏侗族自治县","1","rt_dim_area","119257","4/1/2018"
"119258",,"ACTIVE",,"county","520600000000","铜仁市","520623000000","石阡县","520000000000","贵州省","石阡县","1","rt_dim_area","119258","4/1/2018"
"119259",,"ACTIVE",,"county","520600000000","铜仁市","520624000000","思南县","520000000000","贵州省","思南县","1","rt_dim_area","119259","4/1/2018"
"119260",,"ACTIVE",,"county","520600000000","铜仁市","520625000000","印江土家族苗族自治县","520000000000","贵州省","印江土家族苗族自治县","1","rt_dim_area","119260","4/1/2018"
"119261",,"ACTIVE",,"county","520600000000","铜仁市","520626000000","德江县","520000000000","贵州省","德江县","1","rt_dim_area","119261","4/1/2018"
"119262",,"ACTIVE",,"county","520600000000","铜仁市","520627000000","沿河土家族自治县","520000000000","贵州省","沿河土家族自治县","1","rt_dim_area","119262","4/1/2018"
"119263",,"ACTIVE",,"county","520600000000","铜仁市","520628000000","松桃苗族自治县","520000000000","贵州省","松桃苗族自治县","1","rt_dim_area","119263","4/1/2018"
"119264",,"ACTIVE",,"city","522300000000","黔西南布依族苗族自治州",,,"520000000000","贵州省","黔西南布依族苗族自治州","1","rt_dim_area","119264","4/1/2018"
"119265",,"ACTIVE",,"county","522300000000","黔西南布依族苗族自治州","522301000000","兴义市","520000000000","贵州省","兴义市","1","rt_dim_area","119265","4/1/2018"
"119266",,"ACTIVE",,"county","522300000000","黔西南布依族苗族自治州","522322000000","兴仁县","520000000000","贵州省","兴仁县","1","rt_dim_area","119266","4/1/2018"
"119267",,"ACTIVE",,"county","522300000000","黔西南布依族苗族自治州","522323000000","普安县","520000000000","贵州省","普安县","1","rt_dim_area","119267","4/1/2018"
"119268",,"ACTIVE",,"county","522300000000","黔西南布依族苗族自治州","522324000000","晴隆县","520000000000","贵州省","晴隆县","1","rt_dim_area","119268","4/1/2018"
"119269",,"ACTIVE",,"county","522300000000","黔西南布依族苗族自治州","522325000000","贞丰县","520000000000","贵州省","贞丰县","1","rt_dim_area","119269","4/1/2018"
"119270",,"ACTIVE",,"county","522300000000","黔西南布依族苗族自治州","522326000000","望谟县","520000000000","贵州省","望谟县","1","rt_dim_area","119270","4/1/2018"
"119271",,"ACTIVE",,"county","522300000000","黔西南布依族苗族自治州","522327000000","册亨县","520000000000","贵州省","册亨县","1","rt_dim_area","119271","4/1/2018"
"119272",,"ACTIVE",,"county","522300000000","黔西南布依族苗族自治州","522328000000","安龙县","520000000000","贵州省","安龙县","1","rt_dim_area","119272","4/1/2018"
"119273",,"ACTIVE",,"city","522600000000","黔东南苗族侗族自治州",,,"520000000000","贵州省","黔东南苗族侗族自治州","1","rt_dim_area","119273","4/1/2018"
"119274",,"ACTIVE",,"county","522600000000","黔东南苗族侗族自治州","522601000000","凯里市","520000000000","贵州省","凯里市","1","rt_dim_area","119274","4/1/2018"
"119275",,"ACTIVE",,"county","522600000000","黔东南苗族侗族自治州","522622000000","黄平县","520000000000","贵州省","黄平县","1","rt_dim_area","119275","4/1/2018"
"119276",,"ACTIVE",,"county","522600000000","黔东南苗族侗族自治州","522623000000","施秉县","520000000000","贵州省","施秉县","1","rt_dim_area","119276","4/1/2018"
"119277",,"ACTIVE",,"county","522600000000","黔东南苗族侗族自治州","522624000000","三穗县","520000000000","贵州省","三穗县","1","rt_dim_area","119277","4/1/2018"
"119278",,"ACTIVE",,"county","522600000000","黔东南苗族侗族自治州","522625000000","镇远县","520000000000","贵州省","镇远县","1","rt_dim_area","119278","4/1/2018"
"119279",,"ACTIVE",,"county","522600000000","黔东南苗族侗族自治州","522626000000","岑巩县","520000000000","贵州省","岑巩县","1","rt_dim_area","119279","4/1/2018"
"119280",,"ACTIVE",,"county","522600000000","黔东南苗族侗族自治州","522627000000","天柱县","520000000000","贵州省","天柱县","1","rt_dim_area","119280","4/1/2018"
"119281",,"ACTIVE",,"county","522600000000","黔东南苗族侗族自治州","522628000000","锦屏县","520000000000","贵州省","锦屏县","1","rt_dim_area","119281","4/1/2018"
"119282",,"ACTIVE",,"county","522600000000","黔东南苗族侗族自治州","522629000000","剑河县","520000000000","贵州省","剑河县","1","rt_dim_area","119282","4/1/2018"
"119283",,"ACTIVE",,"county","522600000000","黔东南苗族侗族自治州","522630000000","台江县","520000000000","贵州省","台江县","1","rt_dim_area","119283","4/1/2018"
"119284",,"ACTIVE",,"county","522600000000","黔东南苗族侗族自治州","522631000000","黎平县","520000000000","贵州省","黎平县","1","rt_dim_area","119284","4/1/2018"
"119285",,"ACTIVE",,"county","522600000000","黔东南苗族侗族自治州","522632000000","榕江县","520000000000","贵州省","榕江县","1","rt_dim_area","119285","4/1/2018"
"119286",,"ACTIVE",,"county","522600000000","黔东南苗族侗族自治州","522633000000","从江县","520000000000","贵州省","从江县","1","rt_dim_area","119286","4/1/2018"
"119287",,"ACTIVE",,"county","522600000000","黔东南苗族侗族自治州","522634000000","雷山县","520000000000","贵州省","雷山县","1","rt_dim_area","119287","4/1/2018"
"119288",,"ACTIVE",,"county","522600000000","黔东南苗族侗族自治州","522635000000","麻江县","520000000000","贵州省","麻江县","1","rt_dim_area","119288","4/1/2018"
"119289",,"ACTIVE",,"county","522600000000","黔东南苗族侗族自治州","522636000000","丹寨县","520000000000","贵州省","丹寨县","1","rt_dim_area","119289","4/1/2018"
"119290",,"ACTIVE",,"city","522700000000","黔南布依族苗族自治州",,,"520000000000","贵州省","黔南布依族苗族自治州","1","rt_dim_area","119290","4/1/2018"
"119291",,"ACTIVE",,"county","522700000000","黔南布依族苗族自治州","522701000000","都匀市","520000000000","贵州省","都匀市","1","rt_dim_area","119291","4/1/2018"
"119292",,"ACTIVE",,"county","522700000000","黔南布依族苗族自治州","522702000000","福泉市","520000000000","贵州省","福泉市","1","rt_dim_area","119292","4/1/2018"
"119293",,"ACTIVE",,"county","522700000000","黔南布依族苗族自治州","522722000000","荔波县","520000000000","贵州省","荔波县","1","rt_dim_area","119293","4/1/2018"
"119294",,"ACTIVE",,"county","522700000000","黔南布依族苗族自治州","522723000000","贵定县","520000000000","贵州省","贵定县","1","rt_dim_area","119294","4/1/2018"
"119295",,"ACTIVE",,"county","522700000000","黔南布依族苗族自治州","522725000000","瓮安县","520000000000","贵州省","瓮安县","1","rt_dim_area","119295","4/1/2018"
"119296",,"ACTIVE",,"county","522700000000","黔南布依族苗族自治州","522726000000","独山县","520000000000","贵州省","独山县","1","rt_dim_area","119296","4/1/2018"
"119297",,"ACTIVE",,"county","522700000000","黔南布依族苗族自治州","522727000000","平塘县","520000000000","贵州省","平塘县","1","rt_dim_area","119297","4/1/2018"
"119298",,"ACTIVE",,"county","522700000000","黔南布依族苗族自治州","522728000000","罗甸县","520000000000","贵州省","罗甸县","1","rt_dim_area","119298","4/1/2018"
"119299",,"ACTIVE",,"county","522700000000","黔南布依族苗族自治州","522729000000","长顺县","520000000000","贵州省","长顺县","1","rt_dim_area","119299","4/1/2018"
"119300",,"ACTIVE",,"county","522700000000","黔南布依族苗族自治州","522730000000","龙里县","520000000000","贵州省","龙里县","1","rt_dim_area","119300","4/1/2018"
"119301",,"ACTIVE",,"county","522700000000","黔南布依族苗族自治州","522731000000","惠水县","520000000000","贵州省","惠水县","1","rt_dim_area","119301","4/1/2018"
"119302",,"ACTIVE",,"county","522700000000","黔南布依族苗族自治州","522732000000","三都水族自治县","520000000000","贵州省","三都水族自治县","1","rt_dim_area","119302","4/1/2018"
"119303",,"ACTIVE",,"city","528000000000","贵安新区",,,"520000000000","贵州省","贵安新区","1","rt_dim_area","119303","4/1/2018"
"119304",,"ACTIVE",,"county","528000000000","贵安新区","528000100000","贵安新区","520000000000","贵州省","贵安新区","1","rt_dim_area","119304","4/1/2018"
"119305",,"ACTIVE",,"province",,,,,"530000000000","云南省","云南省","1","rt_dim_area","119305","4/1/2018"
"119306",,"ACTIVE",,"city","530100000000","昆明市",,,"530000000000","云南省","昆明市","1","rt_dim_area","119306","4/1/2018"
"119307",,"DEL",,"county","530100000000","昆明市","530101000000","市辖区","530000000000","云南省","市辖区","1","rt_dim_area","119307","4/1/2018"
"119308",,"ACTIVE",,"county","530100000000","昆明市","530102000000","五华区","530000000000","云南省","五华区","1","rt_dim_area","119308","4/1/2018"
"119309",,"ACTIVE",,"county","530100000000","昆明市","530103000000","盘龙区","530000000000","云南省","盘龙区","1","rt_dim_area","119309","4/1/2018"
"119310",,"ACTIVE",,"county","530100000000","昆明市","530111000000","官渡区","530000000000","云南省","官渡区","1","rt_dim_area","119310","4/1/2018"
"119311",,"ACTIVE",,"county","530100000000","昆明市","530112000000","西山区","530000000000","云南省","西山区","1","rt_dim_area","119311","4/1/2018"
"119312",,"ACTIVE",,"county","530100000000","昆明市","530113000000","东川区","530000000000","云南省","东川区","1","rt_dim_area","119312","4/1/2018"
"119313",,"ACTIVE",,"county","530100000000","昆明市","530114000000","呈贡区","530000000000","云南省","呈贡区","1","rt_dim_area","119313","4/1/2018"
"119314",,"ACTIVE",,"county","530100000000","昆明市","530122000000","晋宁县","530000000000","云南省","晋宁县","1","rt_dim_area","119314","4/1/2018"
"119315",,"ACTIVE",,"county","530100000000","昆明市","530124000000","富民县","530000000000","云南省","富民县","1","rt_dim_area","119315","4/1/2018"
"119316",,"ACTIVE",,"county","530100000000","昆明市","530125000000","宜良县","530000000000","云南省","宜良县","1","rt_dim_area","119316","4/1/2018"
"119317",,"ACTIVE",,"county","530100000000","昆明市","530126000000","石林彝族自治县","530000000000","云南省","石林彝族自治县","1","rt_dim_area","119317","4/1/2018"
"119318",,"ACTIVE",,"county","530100000000","昆明市","530127000000","嵩明县","530000000000","云南省","嵩明县","1","rt_dim_area","119318","4/1/2018"
"119319",,"ACTIVE",,"county","530100000000","昆明市","530128000000","禄劝彝族苗族自治县","530000000000","云南省","禄劝彝族苗族自治县","1","rt_dim_area","119319","4/1/2018"
"119320",,"ACTIVE",,"county","530100000000","昆明市","530129000000","寻甸回族彝族自治县","530000000000","云南省","寻甸回族彝族自治县","1","rt_dim_area","119320","4/1/2018"
"119321",,"ACTIVE",,"county","530100000000","昆明市","530181000000","安宁市","530000000000","云南省","安宁市","1","rt_dim_area","119321","4/1/2018"
"119322",,"ACTIVE",,"city","530300000000","曲靖市",,,"530000000000","云南省","曲靖市","1","rt_dim_area","119322","4/1/2018"
"119323",,"DEL",,"county","530300000000","曲靖市","530301000000","市辖区","530000000000","云南省","市辖区","1","rt_dim_area","119323","4/1/2018"
"119324",,"ACTIVE",,"county","530300000000","曲靖市","530302000000","麒麟区","530000000000","云南省","麒麟区","1","rt_dim_area","119324","4/1/2018"
"119325",,"ACTIVE",,"county","530300000000","曲靖市","530321000000","马龙县","530000000000","云南省","马龙县","1","rt_dim_area","119325","4/1/2018"
"119326",,"ACTIVE",,"county","530300000000","曲靖市","530322000000","陆良县","530000000000","云南省","陆良县","1","rt_dim_area","119326","4/1/2018"
"119327",,"ACTIVE",,"county","530300000000","曲靖市","530323000000","师宗县","530000000000","云南省","师宗县","1","rt_dim_area","119327","4/1/2018"
"119328",,"ACTIVE",,"county","530300000000","曲靖市","530324000000","罗平县","530000000000","云南省","罗平县","1","rt_dim_area","119328","4/1/2018"
"119329",,"ACTIVE",,"county","530300000000","曲靖市","530325000000","富源县","530000000000","云南省","富源县","1","rt_dim_area","119329","4/1/2018"
"119330",,"ACTIVE",,"county","530300000000","曲靖市","530326000000","会泽县","530000000000","云南省","会泽县","1","rt_dim_area","119330","4/1/2018"
"119331",,"ACTIVE",,"county","530300000000","曲靖市","530328000000","沾益县","530000000000","云南省","沾益县","1","rt_dim_area","119331","4/1/2018"
"119332",,"ACTIVE",,"county","530300000000","曲靖市","530381000000","宣威市","530000000000","云南省","宣威市","1","rt_dim_area","119332","4/1/2018"
"119333",,"ACTIVE",,"city","530400000000","玉溪市",,,"530000000000","云南省","玉溪市","1","rt_dim_area","119333","4/1/2018"
"119334",,"DEL",,"county","530400000000","玉溪市","530401000000","市辖区","530000000000","云南省","市辖区","1","rt_dim_area","119334","4/1/2018"
"119335",,"ACTIVE",,"county","530400000000","玉溪市","530402000000","红塔区","530000000000","云南省","红塔区","1","rt_dim_area","119335","4/1/2018"
"119336",,"ACTIVE",,"county","530400000000","玉溪市","530421000000","江川县","530000000000","云南省","江川县","1","rt_dim_area","119336","4/1/2018"
"119337",,"ACTIVE",,"county","530400000000","玉溪市","530422000000","澄江县","530000000000","云南省","澄江县","1","rt_dim_area","119337","4/1/2018"
"119338",,"ACTIVE",,"county","530400000000","玉溪市","530423000000","通海县","530000000000","云南省","通海县","1","rt_dim_area","119338","4/1/2018"
"119339",,"ACTIVE",,"county","530400000000","玉溪市","530424000000","华宁县","530000000000","云南省","华宁县","1","rt_dim_area","119339","4/1/2018"
"119340",,"ACTIVE",,"county","530400000000","玉溪市","530425000000","易门县","530000000000","云南省","易门县","1","rt_dim_area","119340","4/1/2018"
"119341",,"ACTIVE",,"county","530400000000","玉溪市","530426000000","峨山彝族自治县","530000000000","云南省","峨山彝族自治县","1","rt_dim_area","119341","4/1/2018"
"119342",,"ACTIVE",,"county","530400000000","玉溪市","530427000000","新平彝族傣族自治县","530000000000","云南省","新平彝族傣族自治县","1","rt_dim_area","119342","4/1/2018"
"119343",,"ACTIVE",,"county","530400000000","玉溪市","530428000000","元江哈尼族彝族傣族自治县","530000000000","云南省","元江哈尼族彝族傣族自治县","1","rt_dim_area","119343","4/1/2018"
"119344",,"ACTIVE",,"city","530500000000","保山市",,,"530000000000","云南省","保山市","1","rt_dim_area","119344","4/1/2018"
"119345",,"DEL",,"county","530500000000","保山市","530501000000","市辖区","530000000000","云南省","市辖区","1","rt_dim_area","119345","4/1/2018"
"119346",,"ACTIVE",,"county","530500000000","保山市","530502000000","隆阳区","530000000000","云南省","隆阳区","1","rt_dim_area","119346","4/1/2018"
"119347",,"ACTIVE",,"county","530500000000","保山市","530521000000","施甸县","530000000000","云南省","施甸县","1","rt_dim_area","119347","4/1/2018"
"119348",,"ACTIVE",,"county","530500000000","保山市","530523000000","龙陵县","530000000000","云南省","龙陵县","1","rt_dim_area","119348","4/1/2018"
"119349",,"ACTIVE",,"county","530500000000","保山市","530524000000","昌宁县","530000000000","云南省","昌宁县","1","rt_dim_area","119349","4/1/2018"
"119350",,"ACTIVE",,"county","530500000000","保山市","530581000000","腾冲市","530000000000","云南省","腾冲市","1","rt_dim_area","119350","4/1/2018"
"119351",,"ACTIVE",,"city","530600000000","昭通市",,,"530000000000","云南省","昭通市","1","rt_dim_area","119351","4/1/2018"
"119352",,"DEL",,"county","530600000000","昭通市","530601000000","市辖区","530000000000","云南省","市辖区","1","rt_dim_area","119352","4/1/2018"
"119353",,"ACTIVE",,"county","530600000000","昭通市","530602000000","昭阳区","530000000000","云南省","昭阳区","1","rt_dim_area","119353","4/1/2018"
"119354",,"ACTIVE",,"county","530600000000","昭通市","530621000000","鲁甸县","530000000000","云南省","鲁甸县","1","rt_dim_area","119354","4/1/2018"
"119355",,"ACTIVE",,"county","530600000000","昭通市","530622000000","巧家县","530000000000","云南省","巧家县","1","rt_dim_area","119355","4/1/2018"
"119356",,"ACTIVE",,"county","530600000000","昭通市","530623000000","盐津县","530000000000","云南省","盐津县","1","rt_dim_area","119356","4/1/2018"
"119357",,"ACTIVE",,"county","530600000000","昭通市","530624000000","大关县","530000000000","云南省","大关县","1","rt_dim_area","119357","4/1/2018"
"119358",,"ACTIVE",,"county","530600000000","昭通市","530625000000","永善县","530000000000","云南省","永善县","1","rt_dim_area","119358","4/1/2018"
"119359",,"ACTIVE",,"county","530600000000","昭通市","530626000000","绥江县","530000000000","云南省","绥江县","1","rt_dim_area","119359","4/1/2018"
"119360",,"ACTIVE",,"county","530600000000","昭通市","530627000000","镇雄县","530000000000","云南省","镇雄县","1","rt_dim_area","119360","4/1/2018"
"119361",,"ACTIVE",,"county","530600000000","昭通市","530628000000","彝良县","530000000000","云南省","彝良县","1","rt_dim_area","119361","4/1/2018"
"119362",,"ACTIVE",,"county","530600000000","昭通市","530629000000","威信县","530000000000","云南省","威信县","1","rt_dim_area","119362","4/1/2018"
"119363",,"ACTIVE",,"county","530600000000","昭通市","530630000000","水富县","530000000000","云南省","水富县","1","rt_dim_area","119363","4/1/2018"
"119364",,"ACTIVE",,"city","530700000000","丽江市",,,"530000000000","云南省","丽江市","1","rt_dim_area","119364","4/1/2018"
"119365",,"DEL",,"county","530700000000","丽江市","530701000000","市辖区","530000000000","云南省","市辖区","1","rt_dim_area","119365","4/1/2018"
"119366",,"ACTIVE",,"county","530700000000","丽江市","530702000000","古城区","530000000000","云南省","古城区","1","rt_dim_area","119366","4/1/2018"
"119367",,"ACTIVE",,"county","530700000000","丽江市","530721000000","玉龙纳西族自治县","530000000000","云南省","玉龙纳西族自治县","1","rt_dim_area","119367","4/1/2018"
"119368",,"ACTIVE",,"county","530700000000","丽江市","530722000000","永胜县","530000000000","云南省","永胜县","1","rt_dim_area","119368","4/1/2018"
"119369",,"ACTIVE",,"county","530700000000","丽江市","530723000000","华坪县","530000000000","云南省","华坪县","1","rt_dim_area","119369","4/1/2018"
"119370",,"ACTIVE",,"county","530700000000","丽江市","530724000000","宁蒗彝族自治县","530000000000","云南省","宁蒗彝族自治县","1","rt_dim_area","119370","4/1/2018"
"119371",,"ACTIVE",,"city","530800000000","普洱市",,,"530000000000","云南省","普洱市","1","rt_dim_area","119371","4/1/2018"
"119372",,"DEL",,"county","530800000000","普洱市","530801000000","市辖区","530000000000","云南省","市辖区","1","rt_dim_area","119372","4/1/2018"
"119373",,"ACTIVE",,"county","530800000000","普洱市","530802000000","思茅区","530000000000","云南省","思茅区","1","rt_dim_area","119373","4/1/2018"
"119374",,"ACTIVE",,"county","530800000000","普洱市","530821000000","宁洱哈尼族彝族自治县","530000000000","云南省","宁洱哈尼族彝族自治县","1","rt_dim_area","119374","4/1/2018"
"119375",,"ACTIVE",,"county","530800000000","普洱市","530822000000","墨江哈尼族自治县","530000000000","云南省","墨江哈尼族自治县","1","rt_dim_area","119375","4/1/2018"
"119376",,"ACTIVE",,"county","530800000000","普洱市","530823000000","景东彝族自治县","530000000000","云南省","景东彝族自治县","1","rt_dim_area","119376","4/1/2018"
"119377",,"ACTIVE",,"county","530800000000","普洱市","530824000000","景谷傣族彝族自治县","530000000000","云南省","景谷傣族彝族自治县","1","rt_dim_area","119377","4/1/2018"
"119378",,"ACTIVE",,"county","530800000000","普洱市","530825000000","镇沅彝族哈尼族拉祜族自治县","530000000000","云南省","镇沅彝族哈尼族拉祜族自治县","1","rt_dim_area","119378","4/1/2018"
"119379",,"ACTIVE",,"county","530800000000","普洱市","530826000000","江城哈尼族彝族自治县","530000000000","云南省","江城哈尼族彝族自治县","1","rt_dim_area","119379","4/1/2018"
"119380",,"ACTIVE",,"county","530800000000","普洱市","530827000000","孟连傣族拉祜族佤族自治县","530000000000","云南省","孟连傣族拉祜族佤族自治县","1","rt_dim_area","119380","4/1/2018"
"119381",,"ACTIVE",,"county","530800000000","普洱市","530828000000","澜沧拉祜族自治县","530000000000","云南省","澜沧拉祜族自治县","1","rt_dim_area","119381","4/1/2018"
"119382",,"ACTIVE",,"county","530800000000","普洱市","530829000000","西盟佤族自治县","530000000000","云南省","西盟佤族自治县","1","rt_dim_area","119382","4/1/2018"
"119383",,"ACTIVE",,"city","530900000000","临沧市",,,"530000000000","云南省","临沧市","1","rt_dim_area","119383","4/1/2018"
"119384",,"DEL",,"county","530900000000","临沧市","530901000000","市辖区","530000000000","云南省","市辖区","1","rt_dim_area","119384","4/1/2018"
"119385",,"ACTIVE",,"county","530900000000","临沧市","530902000000","临翔区","530000000000","云南省","临翔区","1","rt_dim_area","119385","4/1/2018"
"119386",,"ACTIVE",,"county","530900000000","临沧市","530921000000","凤庆县","530000000000","云南省","凤庆县","1","rt_dim_area","119386","4/1/2018"
"119387",,"ACTIVE",,"county","530900000000","临沧市","530922000000","云县","530000000000","云南省","云县","1","rt_dim_area","119387","4/1/2018"
"119388",,"ACTIVE",,"county","530900000000","临沧市","530923000000","永德县","530000000000","云南省","永德县","1","rt_dim_area","119388","4/1/2018"
"119389",,"ACTIVE",,"county","530900000000","临沧市","530924000000","镇康县","530000000000","云南省","镇康县","1","rt_dim_area","119389","4/1/2018"
"119390",,"ACTIVE",,"county","530900000000","临沧市","530925000000","双江拉祜族佤族布朗族傣族自治县","530000000000","云南省","双江拉祜族佤族布朗族傣族自治县","1","rt_dim_area","119390","4/1/2018"
"119391",,"ACTIVE",,"county","530900000000","临沧市","530926000000","耿马傣族佤族自治县","530000000000","云南省","耿马傣族佤族自治县","1","rt_dim_area","119391","4/1/2018"
"119392",,"ACTIVE",,"county","530900000000","临沧市","530927000000","沧源佤族自治县","530000000000","云南省","沧源佤族自治县","1","rt_dim_area","119392","4/1/2018"
"119393",,"ACTIVE",,"city","532300000000","楚雄彝族自治州",,,"530000000000","云南省","楚雄彝族自治州","1","rt_dim_area","119393","4/1/2018"
"119394",,"ACTIVE",,"county","532300000000","楚雄彝族自治州","532301000000","楚雄市","530000000000","云南省","楚雄市","1","rt_dim_area","119394","4/1/2018"
"119395",,"ACTIVE",,"county","532300000000","楚雄彝族自治州","532322000000","双柏县","530000000000","云南省","双柏县","1","rt_dim_area","119395","4/1/2018"
"119396",,"ACTIVE",,"county","532300000000","楚雄彝族自治州","532323000000","牟定县","530000000000","云南省","牟定县","1","rt_dim_area","119396","4/1/2018"
"119397",,"ACTIVE",,"county","532300000000","楚雄彝族自治州","532324000000","南华县","530000000000","云南省","南华县","1","rt_dim_area","119397","4/1/2018"
"119398",,"ACTIVE",,"county","532300000000","楚雄彝族自治州","532325000000","姚安县","530000000000","云南省","姚安县","1","rt_dim_area","119398","4/1/2018"
"119399",,"ACTIVE",,"county","532300000000","楚雄彝族自治州","532326000000","大姚县","530000000000","云南省","大姚县","1","rt_dim_area","119399","4/1/2018"
"119400",,"ACTIVE",,"county","532300000000","楚雄彝族自治州","532327000000","永仁县","530000000000","云南省","永仁县","1","rt_dim_area","119400","4/1/2018"
"119401",,"ACTIVE",,"county","532300000000","楚雄彝族自治州","532328000000","元谋县","530000000000","云南省","元谋县","1","rt_dim_area","119401","4/1/2018"
"119402",,"ACTIVE",,"county","532300000000","楚雄彝族自治州","532329000000","武定县","530000000000","云南省","武定县","1","rt_dim_area","119402","4/1/2018"
"119403",,"ACTIVE",,"county","532300000000","楚雄彝族自治州","532331000000","禄丰县","530000000000","云南省","禄丰县","1","rt_dim_area","119403","4/1/2018"
"119404",,"ACTIVE",,"city","532500000000","红河哈尼族彝族自治州",,,"530000000000","云南省","红河哈尼族彝族自治州","1","rt_dim_area","119404","4/1/2018"
"119405",,"ACTIVE",,"county","532500000000","红河哈尼族彝族自治州","532501000000","个旧市","530000000000","云南省","个旧市","1","rt_dim_area","119405","4/1/2018"
"119406",,"ACTIVE",,"county","532500000000","红河哈尼族彝族自治州","532502000000","开远市","530000000000","云南省","开远市","1","rt_dim_area","119406","4/1/2018"
"119407",,"ACTIVE",,"county","532500000000","红河哈尼族彝族自治州","532503000000","蒙自市","530000000000","云南省","蒙自市","1","rt_dim_area","119407","4/1/2018"
"119408",,"ACTIVE",,"county","532500000000","红河哈尼族彝族自治州","532504000000","弥勒市","530000000000","云南省","弥勒市","1","rt_dim_area","119408","4/1/2018"
"119409",,"ACTIVE",,"county","532500000000","红河哈尼族彝族自治州","532523000000","屏边苗族自治县","530000000000","云南省","屏边苗族自治县","1","rt_dim_area","119409","4/1/2018"
"119410",,"ACTIVE",,"county","532500000000","红河哈尼族彝族自治州","532524000000","建水县","530000000000","云南省","建水县","1","rt_dim_area","119410","4/1/2018"
"119411",,"ACTIVE",,"county","532500000000","红河哈尼族彝族自治州","532525000000","石屏县","530000000000","云南省","石屏县","1","rt_dim_area","119411","4/1/2018"
"119412",,"ACTIVE",,"county","532500000000","红河哈尼族彝族自治州","532527000000","泸西县","530000000000","云南省","泸西县","1","rt_dim_area","119412","4/1/2018"
"119413",,"ACTIVE",,"county","532500000000","红河哈尼族彝族自治州","532528000000","元阳县","530000000000","云南省","元阳县","1","rt_dim_area","119413","4/1/2018"
"119414",,"ACTIVE",,"county","532500000000","红河哈尼族彝族自治州","532529000000","红河县","530000000000","云南省","红河县","1","rt_dim_area","119414","4/1/2018"
"119415",,"ACTIVE",,"county","532500000000","红河哈尼族彝族自治州","532530000000","金平苗族瑶族傣族自治县","530000000000","云南省","金平苗族瑶族傣族自治县","1","rt_dim_area","119415","4/1/2018"
"119416",,"ACTIVE",,"county","532500000000","红河哈尼族彝族自治州","532531000000","绿春县","530000000000","云南省","绿春县","1","rt_dim_area","119416","4/1/2018"
"119417",,"ACTIVE",,"county","532500000000","红河哈尼族彝族自治州","532532000000","河口瑶族自治县","530000000000","云南省","河口瑶族自治县","1","rt_dim_area","119417","4/1/2018"
"119418",,"ACTIVE",,"city","532600000000","文山壮族苗族自治州",,,"530000000000","云南省","文山壮族苗族自治州","1","rt_dim_area","119418","4/1/2018"
"119419",,"ACTIVE",,"county","532600000000","文山壮族苗族自治州","532601000000","文山市","530000000000","云南省","文山市","1","rt_dim_area","119419","4/1/2018"
"119420",,"ACTIVE",,"county","532600000000","文山壮族苗族自治州","532622000000","砚山县","530000000000","云南省","砚山县","1","rt_dim_area","119420","4/1/2018"
"119421",,"ACTIVE",,"county","532600000000","文山壮族苗族自治州","532623000000","西畴县","530000000000","云南省","西畴县","1","rt_dim_area","119421","4/1/2018"
"119422",,"ACTIVE",,"county","532600000000","文山壮族苗族自治州","532624000000","麻栗坡县","530000000000","云南省","麻栗坡县","1","rt_dim_area","119422","4/1/2018"
"119423",,"ACTIVE",,"county","532600000000","文山壮族苗族自治州","532625000000","马关县","530000000000","云南省","马关县","1","rt_dim_area","119423","4/1/2018"
"119424",,"ACTIVE",,"county","532600000000","文山壮族苗族自治州","532626000000","丘北县","530000000000","云南省","丘北县","1","rt_dim_area","119424","4/1/2018"
"119425",,"ACTIVE",,"county","532600000000","文山壮族苗族自治州","532627000000","广南县","530000000000","云南省","广南县","1","rt_dim_area","119425","4/1/2018"
"119426",,"ACTIVE",,"county","532600000000","文山壮族苗族自治州","532628000000","富宁县","530000000000","云南省","富宁县","1","rt_dim_area","119426","4/1/2018"
"119427",,"ACTIVE",,"city","532800000000","西双版纳傣族自治州",,,"530000000000","云南省","西双版纳傣族自治州","1","rt_dim_area","119427","4/1/2018"
"119428",,"ACTIVE",,"county","532800000000","西双版纳傣族自治州","532801000000","景洪市","530000000000","云南省","景洪市","1","rt_dim_area","119428","4/1/2018"
"119429",,"ACTIVE",,"county","532800000000","西双版纳傣族自治州","532822000000","勐海县","530000000000","云南省","勐海县","1","rt_dim_area","119429","4/1/2018"
"119430",,"ACTIVE",,"county","532800000000","西双版纳傣族自治州","532823000000","勐腊县","530000000000","云南省","勐腊县","1","rt_dim_area","119430","4/1/2018"
"119431",,"ACTIVE",,"city","532900000000","大理白族自治州",,,"530000000000","云南省","大理白族自治州","1","rt_dim_area","119431","4/1/2018"
"119432",,"ACTIVE",,"county","532900000000","大理白族自治州","532901000000","大理市","530000000000","云南省","大理市","1","rt_dim_area","119432","4/1/2018"
"119433",,"ACTIVE",,"county","532900000000","大理白族自治州","532922000000","漾濞彝族自治县","530000000000","云南省","漾濞彝族自治县","1","rt_dim_area","119433","4/1/2018"
"119434",,"ACTIVE",,"county","532900000000","大理白族自治州","532923000000","祥云县","530000000000","云南省","祥云县","1","rt_dim_area","119434","4/1/2018"
"119435",,"ACTIVE",,"county","532900000000","大理白族自治州","532924000000","宾川县","530000000000","云南省","宾川县","1","rt_dim_area","119435","4/1/2018"
"119436",,"ACTIVE",,"county","532900000000","大理白族自治州","532925000000","弥渡县","530000000000","云南省","弥渡县","1","rt_dim_area","119436","4/1/2018"
"119437",,"ACTIVE",,"county","532900000000","大理白族自治州","532926000000","南涧彝族自治县","530000000000","云南省","南涧彝族自治县","1","rt_dim_area","119437","4/1/2018"
"119438",,"ACTIVE",,"county","532900000000","大理白族自治州","532927000000","巍山彝族回族自治县","530000000000","云南省","巍山彝族回族自治县","1","rt_dim_area","119438","4/1/2018"
"119439",,"ACTIVE",,"county","532900000000","大理白族自治州","532928000000","永平县","530000000000","云南省","永平县","1","rt_dim_area","119439","4/1/2018"
"119440",,"ACTIVE",,"county","532900000000","大理白族自治州","532929000000","云龙县","530000000000","云南省","云龙县","1","rt_dim_area","119440","4/1/2018"
"119441",,"ACTIVE",,"county","532900000000","大理白族自治州","532930000000","洱源县","530000000000","云南省","洱源县","1","rt_dim_area","119441","4/1/2018"
"119442",,"ACTIVE",,"county","532900000000","大理白族自治州","532931000000","剑川县","530000000000","云南省","剑川县","1","rt_dim_area","119442","4/1/2018"
"119443",,"ACTIVE",,"county","532900000000","大理白族自治州","532932000000","鹤庆县","530000000000","云南省","鹤庆县","1","rt_dim_area","119443","4/1/2018"
"119444",,"ACTIVE",,"city","533100000000","德宏傣族景颇族自治州",,,"530000000000","云南省","德宏傣族景颇族自治州","1","rt_dim_area","119444","4/1/2018"
"119445",,"ACTIVE",,"county","533100000000","德宏傣族景颇族自治州","533102000000","瑞丽市","530000000000","云南省","瑞丽市","1","rt_dim_area","119445","4/1/2018"
"119446",,"ACTIVE",,"county","533100000000","德宏傣族景颇族自治州","533103000000","芒市","530000000000","云南省","芒市","1","rt_dim_area","119446","4/1/2018"
"119447",,"ACTIVE",,"county","533100000000","德宏傣族景颇族自治州","533122000000","梁河县","530000000000","云南省","梁河县","1","rt_dim_area","119447","4/1/2018"
"119448",,"ACTIVE",,"county","533100000000","德宏傣族景颇族自治州","533123000000","盈江县","530000000000","云南省","盈江县","1","rt_dim_area","119448","4/1/2018"
"119449",,"ACTIVE",,"county","533100000000","德宏傣族景颇族自治州","533124000000","陇川县","530000000000","云南省","陇川县","1","rt_dim_area","119449","4/1/2018"
"119450",,"ACTIVE",,"city","533300000000","怒江傈僳族自治州",,,"530000000000","云南省","怒江傈僳族自治州","1","rt_dim_area","119450","4/1/2018"
"119451",,"ACTIVE",,"county","533300000000","怒江傈僳族自治州","533321000000","泸水县","530000000000","云南省","泸水县","1","rt_dim_area","119451","4/1/2018"
"119452",,"ACTIVE",,"county","533300000000","怒江傈僳族自治州","533323000000","福贡县","530000000000","云南省","福贡县","1","rt_dim_area","119452","4/1/2018"
"119453",,"ACTIVE",,"county","533300000000","怒江傈僳族自治州","533324000000","贡山独龙族怒族自治县","530000000000","云南省","贡山独龙族怒族自治县","1","rt_dim_area","119453","4/1/2018"
"119454",,"ACTIVE",,"county","533300000000","怒江傈僳族自治州","533325000000","兰坪白族普米族自治县","530000000000","云南省","兰坪白族普米族自治县","1","rt_dim_area","119454","4/1/2018"
"119455",,"ACTIVE",,"city","533400000000","迪庆藏族自治州",,,"530000000000","云南省","迪庆藏族自治州","1","rt_dim_area","119455","4/1/2018"
"119456",,"ACTIVE",,"county","533400000000","迪庆藏族自治州","533401000000","香格里拉市","530000000000","云南省","香格里拉市","1","rt_dim_area","119456","4/1/2018"
"119457",,"ACTIVE",,"county","533400000000","迪庆藏族自治州","533422000000","德钦县","530000000000","云南省","德钦县","1","rt_dim_area","119457","4/1/2018"
"119458",,"ACTIVE",,"county","533400000000","迪庆藏族自治州","533423000000","维西傈僳族自治县","530000000000","云南省","维西傈僳族自治县","1","rt_dim_area","119458","4/1/2018"
"119459",,"ACTIVE",,"province",,,,,"540000000000","西藏自治区","西藏自治区","1","rt_dim_area","119459","4/1/2018"
"119460",,"ACTIVE",,"city","540100000000","拉萨市",,,"540000000000","西藏自治区","拉萨市","1","rt_dim_area","119460","4/1/2018"
"119461",,"ACTIVE",,"county","540100000000","拉萨市","540101000000","市辖区","540000000000","西藏自治区","市辖区","1","rt_dim_area","119461","4/1/2018"
"119462",,"ACTIVE",,"county","540100000000","拉萨市","540102000000","城关区","540000000000","西藏自治区","城关区","1","rt_dim_area","119462","4/1/2018"
"119463",,"ACTIVE",,"county","540100000000","拉萨市","540121000000","林周县","540000000000","西藏自治区","林周县","1","rt_dim_area","119463","4/1/2018"
"119464",,"ACTIVE",,"county","540100000000","拉萨市","540122000000","当雄县","540000000000","西藏自治区","当雄县","1","rt_dim_area","119464","4/1/2018"
"119465",,"ACTIVE",,"county","540100000000","拉萨市","540123000000","尼木县","540000000000","西藏自治区","尼木县","1","rt_dim_area","119465","4/1/2018"
"119466",,"ACTIVE",,"county","540100000000","拉萨市","540124000000","曲水县","540000000000","西藏自治区","曲水县","1","rt_dim_area","119466","4/1/2018"
"119467",,"ACTIVE",,"county","540100000000","拉萨市","540125000000","堆龙德庆县","540000000000","西藏自治区","堆龙德庆县","1","rt_dim_area","119467","4/1/2018"
"119468",,"ACTIVE",,"county","540100000000","拉萨市","540126000000","达孜县","540000000000","西藏自治区","达孜县","1","rt_dim_area","119468","4/1/2018"
"119469",,"ACTIVE",,"county","540100000000","拉萨市","540127000000","墨竹工卡县","540000000000","西藏自治区","墨竹工卡县","1","rt_dim_area","119469","4/1/2018"
"119470",,"ACTIVE",,"city","540200000000","日喀则市",,,"540000000000","西藏自治区","日喀则市","1","rt_dim_area","119470","4/1/2018"
"119471",,"ACTIVE",,"county","540200000000","日喀则市","540202000000","桑珠孜区","540000000000","西藏自治区","桑珠孜区","1","rt_dim_area","119471","4/1/2018"
"119472",,"ACTIVE",,"county","540200000000","日喀则市","540221000000","南木林县","540000000000","西藏自治区","南木林县","1","rt_dim_area","119472","4/1/2018"
"119473",,"ACTIVE",,"county","540200000000","日喀则市","540222000000","江孜县","540000000000","西藏自治区","江孜县","1","rt_dim_area","119473","4/1/2018"
"119474",,"ACTIVE",,"county","540200000000","日喀则市","540223000000","定日县","540000000000","西藏自治区","定日县","1","rt_dim_area","119474","4/1/2018"
"119475",,"ACTIVE",,"county","540200000000","日喀则市","540224000000","萨迦县","540000000000","西藏自治区","萨迦县","1","rt_dim_area","119475","4/1/2018"
"119476",,"ACTIVE",,"county","540200000000","日喀则市","540225000000","拉孜县","540000000000","西藏自治区","拉孜县","1","rt_dim_area","119476","4/1/2018"
"119477",,"ACTIVE",,"county","540200000000","日喀则市","540226000000","昂仁县","540000000000","西藏自治区","昂仁县","1","rt_dim_area","119477","4/1/2018"
"119478",,"ACTIVE",,"county","540200000000","日喀则市","540227000000","谢通门县","540000000000","西藏自治区","谢通门县","1","rt_dim_area","119478","4/1/2018"
"119479",,"ACTIVE",,"county","540200000000","日喀则市","540228000000","白朗县","540000000000","西藏自治区","白朗县","1","rt_dim_area","119479","4/1/2018"
"119480",,"ACTIVE",,"county","540200000000","日喀则市","540229000000","仁布县","540000000000","西藏自治区","仁布县","1","rt_dim_area","119480","4/1/2018"
"119481",,"ACTIVE",,"county","540200000000","日喀则市","540230000000","康马县","540000000000","西藏自治区","康马县","1","rt_dim_area","119481","4/1/2018"
"119482",,"ACTIVE",,"county","540200000000","日喀则市","540231000000","定结县","540000000000","西藏自治区","定结县","1","rt_dim_area","119482","4/1/2018"
"119483",,"ACTIVE",,"county","540200000000","日喀则市","540232000000","仲巴县","540000000000","西藏自治区","仲巴县","1","rt_dim_area","119483","4/1/2018"
"119484",,"ACTIVE",,"county","540200000000","日喀则市","540233000000","亚东县","540000000000","西藏自治区","亚东县","1","rt_dim_area","119484","4/1/2018"
"119485",,"ACTIVE",,"county","540200000000","日喀则市","540234000000","吉隆县","540000000000","西藏自治区","吉隆县","1","rt_dim_area","119485","4/1/2018"
"119486",,"ACTIVE",,"county","540200000000","日喀则市","540235000000","聂拉木县","540000000000","西藏自治区","聂拉木县","1","rt_dim_area","119486","4/1/2018"
"119487",,"ACTIVE",,"county","540200000000","日喀则市","540236000000","萨嘎县","540000000000","西藏自治区","萨嘎县","1","rt_dim_area","119487","4/1/2018"
"119488",,"ACTIVE",,"county","540200000000","日喀则市","540237000000","岗巴县","540000000000","西藏自治区","岗巴县","1","rt_dim_area","119488","4/1/2018"
"119489",,"ACTIVE",,"city","540300000000","昌都市",,,"540000000000","西藏自治区","昌都市","1","rt_dim_area","119489","4/1/2018"
"119490",,"ACTIVE",,"county","540300000000","昌都市","540302000000","卡若区","540000000000","西藏自治区","卡若区","1","rt_dim_area","119490","4/1/2018"
"119491",,"ACTIVE",,"county","540300000000","昌都市","540321000000","江达县","540000000000","西藏自治区","江达县","1","rt_dim_area","119491","4/1/2018"
"119492",,"ACTIVE",,"county","540300000000","昌都市","540322000000","贡觉县","540000000000","西藏自治区","贡觉县","1","rt_dim_area","119492","4/1/2018"
"119493",,"ACTIVE",,"county","540300000000","昌都市","540323000000","类乌齐县","540000000000","西藏自治区","类乌齐县","1","rt_dim_area","119493","4/1/2018"
"119494",,"ACTIVE",,"county","540300000000","昌都市","540324000000","丁青县","540000000000","西藏自治区","丁青县","1","rt_dim_area","119494","4/1/2018"
"119495",,"ACTIVE",,"county","540300000000","昌都市","540325000000","察雅县","540000000000","西藏自治区","察雅县","1","rt_dim_area","119495","4/1/2018"
"119496",,"ACTIVE",,"county","540300000000","昌都市","540326000000","八宿县","540000000000","西藏自治区","八宿县","1","rt_dim_area","119496","4/1/2018"
"119497",,"ACTIVE",,"county","540300000000","昌都市","540327000000","左贡县","540000000000","西藏自治区","左贡县","1","rt_dim_area","119497","4/1/2018"
"119498",,"ACTIVE",,"county","540300000000","昌都市","540328000000","芒康县","540000000000","西藏自治区","芒康县","1","rt_dim_area","119498","4/1/2018"
"119499",,"ACTIVE",,"county","540300000000","昌都市","540329000000","洛隆县","540000000000","西藏自治区","洛隆县","1","rt_dim_area","119499","4/1/2018"
"119500",,"ACTIVE",,"county","540300000000","昌都市","540330000000","边坝县","540000000000","西藏自治区","边坝县","1","rt_dim_area","119500","4/1/2018"
"119501",,"ACTIVE",,"city","540400000000","林芝市",,,"540000000000","西藏自治区","林芝市","1","rt_dim_area","119501","4/1/2018"
"119502",,"ACTIVE",,"county","540400000000","林芝市","540402000000","巴宜区","540000000000","西藏自治区","巴宜区","1","rt_dim_area","119502","4/1/2018"
"119503",,"ACTIVE",,"county","540400000000","林芝市","540421000000","工布江达县","540000000000","西藏自治区","工布江达县","1","rt_dim_area","119503","4/1/2018"
"119504",,"ACTIVE",,"county","540400000000","林芝市","540422000000","米林县","540000000000","西藏自治区","米林县","1","rt_dim_area","119504","4/1/2018"
"119505",,"ACTIVE",,"county","540400000000","林芝市","540423000000","墨脱县","540000000000","西藏自治区","墨脱县","1","rt_dim_area","119505","4/1/2018"
"119506",,"ACTIVE",,"county","540400000000","林芝市","540424000000","波密县","540000000000","西藏自治区","波密县","1","rt_dim_area","119506","4/1/2018"
"119507",,"ACTIVE",,"county","540400000000","林芝市","540425000000","察隅县","540000000000","西藏自治区","察隅县","1","rt_dim_area","119507","4/1/2018"
"119508",,"ACTIVE",,"county","540400000000","林芝市","540426000000","朗县","540000000000","西藏自治区","朗县","1","rt_dim_area","119508","4/1/2018"
"119509",,"ACTIVE",,"city","542200000000","山南地区",,,"540000000000","西藏自治区","山南地区","1","rt_dim_area","119509","4/1/2018"
"119510",,"ACTIVE",,"county","542200000000","山南地区","542221000000","乃东县","540000000000","西藏自治区","乃东县","1","rt_dim_area","119510","4/1/2018"
"119511",,"ACTIVE",,"county","542200000000","山南地区","542222000000","扎囊县","540000000000","西藏自治区","扎囊县","1","rt_dim_area","119511","4/1/2018"
"119512",,"ACTIVE",,"county","542200000000","山南地区","542223000000","贡嘎县","540000000000","西藏自治区","贡嘎县","1","rt_dim_area","119512","4/1/2018"
"119513",,"ACTIVE",,"county","542200000000","山南地区","542224000000","桑日县","540000000000","西藏自治区","桑日县","1","rt_dim_area","119513","4/1/2018"
"119514",,"ACTIVE",,"county","542200000000","山南地区","542225000000","琼结县","540000000000","西藏自治区","琼结县","1","rt_dim_area","119514","4/1/2018"
"119515",,"ACTIVE",,"county","542200000000","山南地区","542226000000","曲松县","540000000000","西藏自治区","曲松县","1","rt_dim_area","119515","4/1/2018"
"119516",,"ACTIVE",,"county","542200000000","山南地区","542227000000","措美县","540000000000","西藏自治区","措美县","1","rt_dim_area","119516","4/1/2018"
"119517",,"ACTIVE",,"county","542200000000","山南地区","542228000000","洛扎县","540000000000","西藏自治区","洛扎县","1","rt_dim_area","119517","4/1/2018"
"119518",,"ACTIVE",,"county","542200000000","山南地区","542229000000","加查县","540000000000","西藏自治区","加查县","1","rt_dim_area","119518","4/1/2018"
"119519",,"ACTIVE",,"county","542200000000","山南地区","542231000000","隆子县","540000000000","西藏自治区","隆子县","1","rt_dim_area","119519","4/1/2018"
"119520",,"ACTIVE",,"county","542200000000","山南地区","542232000000","错那县","540000000000","西藏自治区","错那县","1","rt_dim_area","119520","4/1/2018"
"119521",,"ACTIVE",,"county","542200000000","山南地区","542233000000","浪卡子县","540000000000","西藏自治区","浪卡子县","1","rt_dim_area","119521","4/1/2018"
"119522",,"ACTIVE",,"city","542400000000","那曲地区",,,"540000000000","西藏自治区","那曲地区","1","rt_dim_area","119522","4/1/2018"
"119523",,"ACTIVE",,"county","542400000000","那曲地区","542421000000","那曲县","540000000000","西藏自治区","那曲县","1","rt_dim_area","119523","4/1/2018"
"119524",,"ACTIVE",,"county","542400000000","那曲地区","542422000000","嘉黎县","540000000000","西藏自治区","嘉黎县","1","rt_dim_area","119524","4/1/2018"
"119525",,"ACTIVE",,"county","542400000000","那曲地区","542423000000","比如县","540000000000","西藏自治区","比如县","1","rt_dim_area","119525","4/1/2018"
"119526",,"ACTIVE",,"county","542400000000","那曲地区","542424000000","聂荣县","540000000000","西藏自治区","聂荣县","1","rt_dim_area","119526","4/1/2018"
"119527",,"ACTIVE",,"county","542400000000","那曲地区","542425000000","安多县","540000000000","西藏自治区","安多县","1","rt_dim_area","119527","4/1/2018"
"119528",,"ACTIVE",,"county","542400000000","那曲地区","542426000000","申扎县","540000000000","西藏自治区","申扎县","1","rt_dim_area","119528","4/1/2018"
"119529",,"ACTIVE",,"county","542400000000","那曲地区","542427000000","索县","540000000000","西藏自治区","索县","1","rt_dim_area","119529","4/1/2018"
"119530",,"ACTIVE",,"county","542400000000","那曲地区","542428000000","班戈县","540000000000","西藏自治区","班戈县","1","rt_dim_area","119530","4/1/2018"
"119531",,"ACTIVE",,"county","542400000000","那曲地区","542429000000","巴青县","540000000000","西藏自治区","巴青县","1","rt_dim_area","119531","4/1/2018"
"119532",,"ACTIVE",,"county","542400000000","那曲地区","542430000000","尼玛县","540000000000","西藏自治区","尼玛县","1","rt_dim_area","119532","4/1/2018"
"119533",,"ACTIVE",,"county","542400000000","那曲地区","542431000000","双湖县","540000000000","西藏自治区","双湖县","1","rt_dim_area","119533","4/1/2018"
"119534",,"ACTIVE",,"city","542500000000","阿里地区",,,"540000000000","西藏自治区","阿里地区","1","rt_dim_area","119534","4/1/2018"
"119535",,"ACTIVE",,"county","542500000000","阿里地区","542521000000","普兰县","540000000000","西藏自治区","普兰县","1","rt_dim_area","119535","4/1/2018"
"119536",,"ACTIVE",,"county","542500000000","阿里地区","542522000000","札达县","540000000000","西藏自治区","札达县","1","rt_dim_area","119536","4/1/2018"
"119537",,"ACTIVE",,"county","542500000000","阿里地区","542523000000","噶尔县","540000000000","西藏自治区","噶尔县","1","rt_dim_area","119537","4/1/2018"
"119538",,"ACTIVE",,"county","542500000000","阿里地区","542524000000","日土县","540000000000","西藏自治区","日土县","1","rt_dim_area","119538","4/1/2018"
"119539",,"ACTIVE",,"county","542500000000","阿里地区","542525000000","革吉县","540000000000","西藏自治区","革吉县","1","rt_dim_area","119539","4/1/2018"
"119540",,"ACTIVE",,"county","542500000000","阿里地区","542526000000","改则县","540000000000","西藏自治区","改则县","1","rt_dim_area","119540","4/1/2018"
"119541",,"ACTIVE",,"county","542500000000","阿里地区","542527000000","措勤县","540000000000","西藏自治区","措勤县","1","rt_dim_area","119541","4/1/2018"
"119542",,"ACTIVE",,"province",,,,,"610000000000","陕西省","陕西省","1","rt_dim_area","119542","4/1/2018"
"119543",,"ACTIVE",,"city","610100000000","西安市",,,"610000000000","陕西省","西安市","1","rt_dim_area","119543","4/1/2018"
"119544",,"DEL",,"county","610100000000","西安市","610101000000","市辖区","610000000000","陕西省","市辖区","1","rt_dim_area","119544","4/1/2018"
"119545",,"ACTIVE",,"county","610100000000","西安市","610102000000","新城区","610000000000","陕西省","新城区","1","rt_dim_area","119545","4/1/2018"
"119546",,"ACTIVE",,"county","610100000000","西安市","610103000000","碑林区","610000000000","陕西省","碑林区","1","rt_dim_area","119546","4/1/2018"
"119547",,"ACTIVE",,"county","610100000000","西安市","610104000000","莲湖区","610000000000","陕西省","莲湖区","1","rt_dim_area","119547","4/1/2018"
"119548",,"ACTIVE",,"county","610100000000","西安市","610111000000","灞桥区","610000000000","陕西省","灞桥区","1","rt_dim_area","119548","4/1/2018"
"119549",,"ACTIVE",,"county","610100000000","西安市","610112000000","未央区","610000000000","陕西省","未央区","1","rt_dim_area","119549","4/1/2018"
"119550",,"ACTIVE",,"county","610100000000","西安市","610113000000","雁塔区","610000000000","陕西省","雁塔区","1","rt_dim_area","119550","4/1/2018"
"119551",,"ACTIVE",,"county","610100000000","西安市","610114000000","阎良区","610000000000","陕西省","阎良区","1","rt_dim_area","119551","4/1/2018"
"119552",,"ACTIVE",,"county","610100000000","西安市","610115000000","临潼区","610000000000","陕西省","临潼区","1","rt_dim_area","119552","4/1/2018"
"119553",,"ACTIVE",,"county","610100000000","西安市","610116000000","长安区","610000000000","陕西省","长安区","1","rt_dim_area","119553","4/1/2018"
"119554",,"ACTIVE",,"county","610100000000","西安市","610117000000","高陵区","610000000000","陕西省","高陵区","1","rt_dim_area","119554","4/1/2018"
"119555",,"ACTIVE",,"county","610100000000","西安市","610122000000","蓝田县","610000000000","陕西省","蓝田县","1","rt_dim_area","119555","4/1/2018"
"119556",,"ACTIVE",,"county","610100000000","西安市","610124000000","周至县","610000000000","陕西省","周至县","1","rt_dim_area","119556","4/1/2018"
"119557",,"ACTIVE",,"county","610100000000","西安市","610125000000","户县","610000000000","陕西省","户县","1","rt_dim_area","119557","4/1/2018"
"119558",,"ACTIVE",,"city","610200000000","铜川市",,,"610000000000","陕西省","铜川市","1","rt_dim_area","119558","4/1/2018"
"119559",,"DEL",,"county","610200000000","铜川市","610201000000","市辖区","610000000000","陕西省","市辖区","1","rt_dim_area","119559","4/1/2018"
"119560",,"ACTIVE",,"county","610200000000","铜川市","610202000000","王益区","610000000000","陕西省","王益区","1","rt_dim_area","119560","4/1/2018"
"119561",,"ACTIVE",,"county","610200000000","铜川市","610203000000","印台区","610000000000","陕西省","印台区","1","rt_dim_area","119561","4/1/2018"
"119562",,"ACTIVE",,"county","610200000000","铜川市","610204000000","耀州区","610000000000","陕西省","耀州区","1","rt_dim_area","119562","4/1/2018"
"119563",,"ACTIVE",,"county","610200000000","铜川市","610222000000","宜君县","610000000000","陕西省","宜君县","1","rt_dim_area","119563","4/1/2018"
"119564",,"ACTIVE",,"city","610300000000","宝鸡市",,,"610000000000","陕西省","宝鸡市","1","rt_dim_area","119564","4/1/2018"
"119565",,"DEL",,"county","610300000000","宝鸡市","610301000000","市辖区","610000000000","陕西省","市辖区","1","rt_dim_area","119565","4/1/2018"
"119566",,"ACTIVE",,"county","610300000000","宝鸡市","610302000000","渭滨区","610000000000","陕西省","渭滨区","1","rt_dim_area","119566","4/1/2018"
"119567",,"ACTIVE",,"county","610300000000","宝鸡市","610303000000","金台区","610000000000","陕西省","金台区","1","rt_dim_area","119567","4/1/2018"
"119568",,"ACTIVE",,"county","610300000000","宝鸡市","610304000000","陈仓区","610000000000","陕西省","陈仓区","1","rt_dim_area","119568","4/1/2018"
"119569",,"ACTIVE",,"county","610300000000","宝鸡市","610322000000","凤翔县","610000000000","陕西省","凤翔县","1","rt_dim_area","119569","4/1/2018"
"119570",,"ACTIVE",,"county","610300000000","宝鸡市","610323000000","岐山县","610000000000","陕西省","岐山县","1","rt_dim_area","119570","4/1/2018"
"119571",,"ACTIVE",,"county","610300000000","宝鸡市","610324000000","扶风县","610000000000","陕西省","扶风县","1","rt_dim_area","119571","4/1/2018"
"119572",,"ACTIVE",,"county","610300000000","宝鸡市","610326000000","眉县","610000000000","陕西省","眉县","1","rt_dim_area","119572","4/1/2018"
"119573",,"ACTIVE",,"county","610300000000","宝鸡市","610327000000","陇县","610000000000","陕西省","陇县","1","rt_dim_area","119573","4/1/2018"
"119574",,"ACTIVE",,"county","610300000000","宝鸡市","610328000000","千阳县","610000000000","陕西省","千阳县","1","rt_dim_area","119574","4/1/2018"
"119575",,"ACTIVE",,"county","610300000000","宝鸡市","610329000000","麟游县","610000000000","陕西省","麟游县","1","rt_dim_area","119575","4/1/2018"
"119576",,"ACTIVE",,"county","610300000000","宝鸡市","610330000000","凤县","610000000000","陕西省","凤县","1","rt_dim_area","119576","4/1/2018"
"119577",,"ACTIVE",,"county","610300000000","宝鸡市","610331000000","太白县","610000000000","陕西省","太白县","1","rt_dim_area","119577","4/1/2018"
"119578",,"ACTIVE",,"city","610400000000","咸阳市",,,"610000000000","陕西省","咸阳市","1","rt_dim_area","119578","4/1/2018"
"119579",,"DEL",,"county","610400000000","咸阳市","610401000000","市辖区","610000000000","陕西省","市辖区","1","rt_dim_area","119579","4/1/2018"
"119580",,"ACTIVE",,"county","610400000000","咸阳市","610402000000","秦都区","610000000000","陕西省","秦都区","1","rt_dim_area","119580","4/1/2018"
"119581",,"ACTIVE",,"city","610403000000","杨陵区",,,"610000000000","陕西省","杨陵区","1","rt_dim_area","119581","4/1/2018"
"119582",,"ACTIVE",,"county","610403000000","杨陵区","610403010000","杨陵区","610000000000","陕西省","杨陵区","1","rt_dim_area","119582","4/1/2018"
"119583",,"ACTIVE",,"county","610400000000","咸阳市","610404000000","渭城区","610000000000","陕西省","渭城区","1","rt_dim_area","119583","4/1/2018"
"119584",,"ACTIVE",,"county","610400000000","咸阳市","610422000000","三原县","610000000000","陕西省","三原县","1","rt_dim_area","119584","4/1/2018"
"119585",,"ACTIVE",,"county","610400000000","咸阳市","610423000000","泾阳县","610000000000","陕西省","泾阳县","1","rt_dim_area","119585","4/1/2018"
"119586",,"ACTIVE",,"county","610400000000","咸阳市","610424000000","乾县","610000000000","陕西省","乾县","1","rt_dim_area","119586","4/1/2018"
"119587",,"ACTIVE",,"county","610400000000","咸阳市","610425000000","礼泉县","610000000000","陕西省","礼泉县","1","rt_dim_area","119587","4/1/2018"
"119588",,"ACTIVE",,"county","610400000000","咸阳市","610426000000","永寿县","610000000000","陕西省","永寿县","1","rt_dim_area","119588","4/1/2018"
"119589",,"ACTIVE",,"county","610400000000","咸阳市","610427000000","彬县","610000000000","陕西省","彬县","1","rt_dim_area","119589","4/1/2018"
"119590",,"ACTIVE",,"county","610400000000","咸阳市","610428000000","长武县","610000000000","陕西省","长武县","1","rt_dim_area","119590","4/1/2018"
"119591",,"ACTIVE",,"county","610400000000","咸阳市","610429000000","旬邑县","610000000000","陕西省","旬邑县","1","rt_dim_area","119591","4/1/2018"
"119592",,"ACTIVE",,"county","610400000000","咸阳市","610430000000","淳化县","610000000000","陕西省","淳化县","1","rt_dim_area","119592","4/1/2018"
"119593",,"ACTIVE",,"county","610400000000","咸阳市","610431000000","武功县","610000000000","陕西省","武功县","1","rt_dim_area","119593","4/1/2018"
"119594",,"ACTIVE",,"county","610400000000","咸阳市","610481000000","兴平市","610000000000","陕西省","兴平市","1","rt_dim_area","119594","4/1/2018"
"119595",,"ACTIVE",,"city","610500000000","渭南市",,,"610000000000","陕西省","渭南市","1","rt_dim_area","119595","4/1/2018"
"119596",,"DEL",,"county","610500000000","渭南市","610501000000","市辖区","610000000000","陕西省","市辖区","1","rt_dim_area","119596","4/1/2018"
"119597",,"ACTIVE",,"county","610500000000","渭南市","610502000000","临渭区","610000000000","陕西省","临渭区","1","rt_dim_area","119597","4/1/2018"
"119598",,"ACTIVE",,"county","610500000000","渭南市","610521000000","华县","610000000000","陕西省","华县","1","rt_dim_area","119598","4/1/2018"
"119599",,"ACTIVE",,"county","610500000000","渭南市","610522000000","潼关县","610000000000","陕西省","潼关县","1","rt_dim_area","119599","4/1/2018"
"119600",,"ACTIVE",,"county","610500000000","渭南市","610523000000","大荔县","610000000000","陕西省","大荔县","1","rt_dim_area","119600","4/1/2018"
"119601",,"ACTIVE",,"county","610500000000","渭南市","610524000000","合阳县","610000000000","陕西省","合阳县","1","rt_dim_area","119601","4/1/2018"
"119602",,"ACTIVE",,"county","610500000000","渭南市","610525000000","澄城县","610000000000","陕西省","澄城县","1","rt_dim_area","119602","4/1/2018"
"119603",,"ACTIVE",,"county","610500000000","渭南市","610526000000","蒲城县","610000000000","陕西省","蒲城县","1","rt_dim_area","119603","4/1/2018"
"119604",,"ACTIVE",,"county","610500000000","渭南市","610527000000","白水县","610000000000","陕西省","白水县","1","rt_dim_area","119604","4/1/2018"
"119605",,"ACTIVE",,"county","610500000000","渭南市","610528000000","富平县","610000000000","陕西省","富平县","1","rt_dim_area","119605","4/1/2018"
"119606",,"ACTIVE",,"city","610581000000","韩城市",,,"610000000000","陕西省","韩城市","1","rt_dim_area","119606","4/1/2018"
"119607",,"ACTIVE",,"county","610581000000","韩城市","610581010000","韩城市","610000000000","陕西省","韩城市","1","rt_dim_area","119607","4/1/2018"
"119608",,"ACTIVE",,"county","610500000000","渭南市","610582000000","华阴市","610000000000","陕西省","华阴市","1","rt_dim_area","119608","4/1/2018"
"119609",,"ACTIVE",,"city","610600000000","延安市",,,"610000000000","陕西省","延安市","1","rt_dim_area","119609","4/1/2018"
"119610",,"DEL",,"county","610600000000","延安市","610601000000","市辖区","610000000000","陕西省","市辖区","1","rt_dim_area","119610","4/1/2018"
"119611",,"ACTIVE",,"county","610600000000","延安市","610602000000","宝塔区","610000000000","陕西省","宝塔区","1","rt_dim_area","119611","4/1/2018"
"119612",,"ACTIVE",,"county","610600000000","延安市","610621000000","延长县","610000000000","陕西省","延长县","1","rt_dim_area","119612","4/1/2018"
"119613",,"ACTIVE",,"county","610600000000","延安市","610622000000","延川县","610000000000","陕西省","延川县","1","rt_dim_area","119613","4/1/2018"
"119614",,"ACTIVE",,"county","610600000000","延安市","610623000000","子长县","610000000000","陕西省","子长县","1","rt_dim_area","119614","4/1/2018"
"119615",,"ACTIVE",,"county","610600000000","延安市","610624000000","安塞县","610000000000","陕西省","安塞县","1","rt_dim_area","119615","4/1/2018"
"119616",,"ACTIVE",,"county","610600000000","延安市","610625000000","志丹县","610000000000","陕西省","志丹县","1","rt_dim_area","119616","4/1/2018"
"119617",,"ACTIVE",,"county","610600000000","延安市","610626000000","吴起县","610000000000","陕西省","吴起县","1","rt_dim_area","119617","4/1/2018"
"119618",,"ACTIVE",,"county","610600000000","延安市","610627000000","甘泉县","610000000000","陕西省","甘泉县","1","rt_dim_area","119618","4/1/2018"
"119619",,"ACTIVE",,"county","610600000000","延安市","610628000000","富县","610000000000","陕西省","富县","1","rt_dim_area","119619","4/1/2018"
"119620",,"ACTIVE",,"county","610600000000","延安市","610629000000","洛川县","610000000000","陕西省","洛川县","1","rt_dim_area","119620","4/1/2018"
"119621",,"ACTIVE",,"county","610600000000","延安市","610630000000","宜川县","610000000000","陕西省","宜川县","1","rt_dim_area","119621","4/1/2018"
"119622",,"ACTIVE",,"county","610600000000","延安市","610631000000","黄龙县","610000000000","陕西省","黄龙县","1","rt_dim_area","119622","4/1/2018"
"119623",,"ACTIVE",,"county","610600000000","延安市","610632000000","黄陵县","610000000000","陕西省","黄陵县","1","rt_dim_area","119623","4/1/2018"
"119624",,"ACTIVE",,"city","610700000000","汉中市",,,"610000000000","陕西省","汉中市","1","rt_dim_area","119624","4/1/2018"
"119625",,"DEL",,"county","610700000000","汉中市","610701000000","市辖区","610000000000","陕西省","市辖区","1","rt_dim_area","119625","4/1/2018"
"119626",,"ACTIVE",,"county","610700000000","汉中市","610702000000","汉台区","610000000000","陕西省","汉台区","1","rt_dim_area","119626","4/1/2018"
"119627",,"ACTIVE",,"county","610700000000","汉中市","610721000000","南郑县","610000000000","陕西省","南郑县","1","rt_dim_area","119627","4/1/2018"
"119628",,"ACTIVE",,"county","610700000000","汉中市","610722000000","城固县","610000000000","陕西省","城固县","1","rt_dim_area","119628","4/1/2018"
"119629",,"ACTIVE",,"county","610700000000","汉中市","610723000000","洋县","610000000000","陕西省","洋县","1","rt_dim_area","119629","4/1/2018"
"119630",,"ACTIVE",,"county","610700000000","汉中市","610724000000","西乡县","610000000000","陕西省","西乡县","1","rt_dim_area","119630","4/1/2018"
"119631",,"ACTIVE",,"county","610700000000","汉中市","610725000000","勉县","610000000000","陕西省","勉县","1","rt_dim_area","119631","4/1/2018"
"119632",,"ACTIVE",,"county","610700000000","汉中市","610726000000","宁强县","610000000000","陕西省","宁强县","1","rt_dim_area","119632","4/1/2018"
"119633",,"ACTIVE",,"county","610700000000","汉中市","610727000000","略阳县","610000000000","陕西省","略阳县","1","rt_dim_area","119633","4/1/2018"
"119634",,"ACTIVE",,"county","610700000000","汉中市","610728000000","镇巴县","610000000000","陕西省","镇巴县","1","rt_dim_area","119634","4/1/2018"
"119635",,"ACTIVE",,"county","610700000000","汉中市","610729000000","留坝县","610000000000","陕西省","留坝县","1","rt_dim_area","119635","4/1/2018"
"119636",,"ACTIVE",,"county","610700000000","汉中市","610730000000","佛坪县","610000000000","陕西省","佛坪县","1","rt_dim_area","119636","4/1/2018"
"119637",,"ACTIVE",,"city","610800000000","榆林市",,,"610000000000","陕西省","榆林市","1","rt_dim_area","119637","4/1/2018"
"119638",,"DEL",,"county","610800000000","榆林市","610801000000","市辖区","610000000000","陕西省","市辖区","1","rt_dim_area","119638","4/1/2018"
"119639",,"ACTIVE",,"county","610800000000","榆林市","610802000000","榆阳区","610000000000","陕西省","榆阳区","1","rt_dim_area","119639","4/1/2018"
"119640",,"ACTIVE",,"county","610800000000","榆林市","610821000000","神木县","610000000000","陕西省","神木县","1","rt_dim_area","119640","4/1/2018"
"119641",,"ACTIVE",,"county","610800000000","榆林市","610822000000","府谷县","610000000000","陕西省","府谷县","1","rt_dim_area","119641","4/1/2018"
"119642",,"ACTIVE",,"county","610800000000","榆林市","610823000000","横山县","610000000000","陕西省","横山县","1","rt_dim_area","119642","4/1/2018"
"119643",,"ACTIVE",,"county","610800000000","榆林市","610824000000","靖边县","610000000000","陕西省","靖边县","1","rt_dim_area","119643","4/1/2018"
"119644",,"ACTIVE",,"county","610800000000","榆林市","610825000000","定边县","610000000000","陕西省","定边县","1","rt_dim_area","119644","4/1/2018"
"119645",,"ACTIVE",,"county","610800000000","榆林市","610826000000","绥德县","610000000000","陕西省","绥德县","1","rt_dim_area","119645","4/1/2018"
"119646",,"ACTIVE",,"county","610800000000","榆林市","610827000000","米脂县","610000000000","陕西省","米脂县","1","rt_dim_area","119646","4/1/2018"
"119647",,"ACTIVE",,"county","610800000000","榆林市","610828000000","佳县","610000000000","陕西省","佳县","1","rt_dim_area","119647","4/1/2018"
"119648",,"ACTIVE",,"county","610800000000","榆林市","610829000000","吴堡县","610000000000","陕西省","吴堡县","1","rt_dim_area","119648","4/1/2018"
"119649",,"ACTIVE",,"county","610800000000","榆林市","610830000000","清涧县","610000000000","陕西省","清涧县","1","rt_dim_area","119649","4/1/2018"
"119650",,"ACTIVE",,"county","610800000000","榆林市","610831000000","子洲县","610000000000","陕西省","子洲县","1","rt_dim_area","119650","4/1/2018"
"119651",,"ACTIVE",,"city","610900000000","安康市",,,"610000000000","陕西省","安康市","1","rt_dim_area","119651","4/1/2018"
"119652",,"DEL",,"county","610900000000","安康市","610901000000","市辖区","610000000000","陕西省","市辖区","1","rt_dim_area","119652","4/1/2018"
"119653",,"ACTIVE",,"county","610900000000","安康市","610902000000","汉滨区","610000000000","陕西省","汉滨区","1","rt_dim_area","119653","4/1/2018"
"119654",,"ACTIVE",,"county","610900000000","安康市","610921000000","汉阴县","610000000000","陕西省","汉阴县","1","rt_dim_area","119654","4/1/2018"
"119655",,"ACTIVE",,"county","610900000000","安康市","610922000000","石泉县","610000000000","陕西省","石泉县","1","rt_dim_area","119655","4/1/2018"
"119656",,"ACTIVE",,"county","610900000000","安康市","610923000000","宁陕县","610000000000","陕西省","宁陕县","1","rt_dim_area","119656","4/1/2018"
"119657",,"ACTIVE",,"county","610900000000","安康市","610924000000","紫阳县","610000000000","陕西省","紫阳县","1","rt_dim_area","119657","4/1/2018"
"119658",,"ACTIVE",,"county","610900000000","安康市","610925000000","岚皋县","610000000000","陕西省","岚皋县","1","rt_dim_area","119658","4/1/2018"
"119659",,"ACTIVE",,"county","610900000000","安康市","610926000000","平利县","610000000000","陕西省","平利县","1","rt_dim_area","119659","4/1/2018"
"119660",,"ACTIVE",,"county","610900000000","安康市","610927000000","镇坪县","610000000000","陕西省","镇坪县","1","rt_dim_area","119660","4/1/2018"
"119661",,"ACTIVE",,"county","610900000000","安康市","610928000000","旬阳县","610000000000","陕西省","旬阳县","1","rt_dim_area","119661","4/1/2018"
"119662",,"ACTIVE",,"county","610900000000","安康市","610929000000","白河县","610000000000","陕西省","白河县","1","rt_dim_area","119662","4/1/2018"
"119663",,"ACTIVE",,"city","611000000000","商洛市",,,"610000000000","陕西省","商洛市","1","rt_dim_area","119663","4/1/2018"
"119664",,"DEL",,"county","611000000000","商洛市","611001000000","市辖区","610000000000","陕西省","市辖区","1","rt_dim_area","119664","4/1/2018"
"119665",,"ACTIVE",,"county","611000000000","商洛市","611002000000","商州区","610000000000","陕西省","商州区","1","rt_dim_area","119665","4/1/2018"
"119666",,"ACTIVE",,"county","611000000000","商洛市","611021000000","洛南县","610000000000","陕西省","洛南县","1","rt_dim_area","119666","4/1/2018"
"119667",,"ACTIVE",,"county","611000000000","商洛市","611022000000","丹凤县","610000000000","陕西省","丹凤县","1","rt_dim_area","119667","4/1/2018"
"119668",,"ACTIVE",,"county","611000000000","商洛市","611023000000","商南县","610000000000","陕西省","商南县","1","rt_dim_area","119668","4/1/2018"
"119669",,"ACTIVE",,"county","611000000000","商洛市","611024000000","山阳县","610000000000","陕西省","山阳县","1","rt_dim_area","119669","4/1/2018"
"119670",,"ACTIVE",,"county","611000000000","商洛市","611025000000","镇安县","610000000000","陕西省","镇安县","1","rt_dim_area","119670","4/1/2018"
"119671",,"ACTIVE",,"county","611000000000","商洛市","611026000000","柞水县","610000000000","陕西省","柞水县","1","rt_dim_area","119671","4/1/2018"
"119672",,"ACTIVE",,"city","618000000000","陕西省西咸新区",,,"610000000000","陕西省","陕西省西咸新区","1","rt_dim_area","119672","4/1/2018"
"119673",,"ACTIVE",,"county","618000000000","陕西省西咸新区","618000010000","空港新城","610000000000","陕西省","空港新城","1","rt_dim_area","119673","4/1/2018"
"119674",,"ACTIVE",,"county","618000000000","陕西省西咸新区","618000020000","沣东新城","610000000000","陕西省","沣东新城","1","rt_dim_area","119674","4/1/2018"
"119675",,"ACTIVE",,"county","618000000000","陕西省西咸新区","618000030000","秦汉新城","610000000000","陕西省","秦汉新城","1","rt_dim_area","119675","4/1/2018"
"119676",,"ACTIVE",,"county","618000000000","陕西省西咸新区","618000040000","沣西新城","610000000000","陕西省","沣西新城","1","rt_dim_area","119676","4/1/2018"
"119677",,"ACTIVE",,"county","618000000000","陕西省西咸新区","618000050000","泾河新城","610000000000","陕西省","泾河新城","1","rt_dim_area","119677","4/1/2018"
"119678",,"ACTIVE",,"county","618000000000","陕西省西咸新区","618000060000","能源金融贸易园","610000000000","陕西省","能源金融贸易园","1","rt_dim_area","119678","4/1/2018"
"119679",,"ACTIVE",,"county","618000000000","陕西省西咸新区","618000070000","国际文化教育园","610000000000","陕西省","国际文化教育园","1","rt_dim_area","119679","4/1/2018"
"119680",,"ACTIVE",,"province",,,,,"620000000000","甘肃省","甘肃省","1","rt_dim_area","119680","4/1/2018"
"119681",,"ACTIVE",,"city","620100000000","兰州市",,,"620000000000","甘肃省","兰州市","1","rt_dim_area","119681","4/1/2018"
"119682",,"ACTIVE",,"county","620100000000","兰州市","620100010000","兰州高新技术产业开发区-雁滩园区","620000000000","甘肃省","兰州高新技术产业开发区-雁滩园区","1","rt_dim_area","119682","4/1/2018"
"119683",,"ACTIVE",,"county","620100000000","兰州市","620100020000","兰州高薪技术产业开发区-榆中园区","620000000000","甘肃省","兰州高薪技术产业开发区-榆中园区","1","rt_dim_area","119683","4/1/2018"
"119684",,"DEL",,"county","620100000000","兰州市","620101000000","市辖区","620000000000","甘肃省","市辖区","1","rt_dim_area","119684","4/1/2018"
"119685",,"ACTIVE",,"county","620100000000","兰州市","620102000000","城关区","620000000000","甘肃省","城关区","1","rt_dim_area","119685","4/1/2018"
"119686",,"ACTIVE",,"county","620100000000","兰州市","620103000000","七里河区","620000000000","甘肃省","七里河区","1","rt_dim_area","119686","4/1/2018"
"119687",,"ACTIVE",,"county","620100000000","兰州市","620104000000","西固区","620000000000","甘肃省","西固区","1","rt_dim_area","119687","4/1/2018"
"119688",,"ACTIVE",,"county","620100000000","兰州市","620105000000","安宁区","620000000000","甘肃省","安宁区","1","rt_dim_area","119688","4/1/2018"
"119689",,"ACTIVE",,"county","620100000000","兰州市","620111000000","红古区","620000000000","甘肃省","红古区","1","rt_dim_area","119689","4/1/2018"
"119690",,"ACTIVE",,"county","620100000000","兰州市","620121000000","永登县","620000000000","甘肃省","永登县","1","rt_dim_area","119690","4/1/2018"
"119691",,"ACTIVE",,"county","620100000000","兰州市","620122000000","皋兰县","620000000000","甘肃省","皋兰县","1","rt_dim_area","119691","4/1/2018"
"119692",,"ACTIVE",,"county","620100000000","兰州市","620123000000","榆中县","620000000000","甘肃省","榆中县","1","rt_dim_area","119692","4/1/2018"
"119693",,"ACTIVE",,"city","620124000000","兰州新区",,,"620000000000","甘肃省","兰州新区","1","rt_dim_area","119693","4/1/2018"
"119694",,"ACTIVE",,"county","620124000000","兰州新区","620124100000","兰州新区","620000000000","甘肃省","兰州新区","1","rt_dim_area","119694","4/1/2018"
"119695",,"ACTIVE",,"city","620200000000","嘉峪关市",,,"620000000000","甘肃省","嘉峪关市","1","rt_dim_area","119695","4/1/2018"
"119696",,"DEL",,"county","620200000000","嘉峪关市","620201000000","市辖区","620000000000","甘肃省","市辖区","1","rt_dim_area","119696","4/1/2018"
"119697",,"ACTIVE",,"city","620300000000","金昌市",,,"620000000000","甘肃省","金昌市","1","rt_dim_area","119697","4/1/2018"
"119698",,"ACTIVE",,"county","620300000000","金昌市","620300010000","金昌经济技术开发区","620000000000","甘肃省","金昌经济技术开发区","1","rt_dim_area","119698","4/1/2018"
"119699",,"DEL",,"county","620300000000","金昌市","620301000000","市辖区","620000000000","甘肃省","市辖区","1","rt_dim_area","119699","4/1/2018"
"119700",,"ACTIVE",,"county","620300000000","金昌市","620302000000","金川区","620000000000","甘肃省","金川区","1","rt_dim_area","119700","4/1/2018"
"119701",,"ACTIVE",,"county","620300000000","金昌市","620321000000","永昌县","620000000000","甘肃省","永昌县","1","rt_dim_area","119701","4/1/2018"
"119702",,"ACTIVE",,"city","620400000000","白银市",,,"620000000000","甘肃省","白银市","1","rt_dim_area","119702","4/1/2018"
"119703",,"DEL",,"county","620400000000","白银市","620401000000","市辖区","620000000000","甘肃省","市辖区","1","rt_dim_area","119703","4/1/2018"
"119704",,"ACTIVE",,"county","620400000000","白银市","620402000000","白银区","620000000000","甘肃省","白银区","1","rt_dim_area","119704","4/1/2018"
"119705",,"ACTIVE",,"county","620400000000","白银市","620403000000","平川区","620000000000","甘肃省","平川区","1","rt_dim_area","119705","4/1/2018"
"119706",,"ACTIVE",,"county","620400000000","白银市","620421000000","靖远县","620000000000","甘肃省","靖远县","1","rt_dim_area","119706","4/1/2018"
"119707",,"ACTIVE",,"county","620400000000","白银市","620422000000","会宁县","620000000000","甘肃省","会宁县","1","rt_dim_area","119707","4/1/2018"
"119708",,"ACTIVE",,"county","620400000000","白银市","620423000000","景泰县","620000000000","甘肃省","景泰县","1","rt_dim_area","119708","4/1/2018"
"119709",,"ACTIVE",,"city","620500000000","天水市",,,"620000000000","甘肃省","天水市","1","rt_dim_area","119709","4/1/2018"
"119710",,"ACTIVE",,"county","620500000000","天水市","620500010000","天水经济技术开发区","620000000000","甘肃省","天水经济技术开发区","1","rt_dim_area","119710","4/1/2018"
"119711",,"DEL",,"county","620500000000","天水市","620501000000","市辖区","620000000000","甘肃省","市辖区","1","rt_dim_area","119711","4/1/2018"
"119712",,"ACTIVE",,"county","620500000000","天水市","620502000000","秦州区","620000000000","甘肃省","秦州区","1","rt_dim_area","119712","4/1/2018"
"119713",,"ACTIVE",,"county","620500000000","天水市","620503000000","麦积区","620000000000","甘肃省","麦积区","1","rt_dim_area","119713","4/1/2018"
"119714",,"ACTIVE",,"county","620500000000","天水市","620521000000","清水县","620000000000","甘肃省","清水县","1","rt_dim_area","119714","4/1/2018"
"119715",,"ACTIVE",,"county","620500000000","天水市","620522000000","秦安县","620000000000","甘肃省","秦安县","1","rt_dim_area","119715","4/1/2018"
"119716",,"ACTIVE",,"county","620500000000","天水市","620523000000","甘谷县","620000000000","甘肃省","甘谷县","1","rt_dim_area","119716","4/1/2018"
"119717",,"ACTIVE",,"county","620500000000","天水市","620524000000","武山县","620000000000","甘肃省","武山县","1","rt_dim_area","119717","4/1/2018"
"119718",,"ACTIVE",,"county","620500000000","天水市","620525000000","张家川回族自治县","620000000000","甘肃省","张家川回族自治县","1","rt_dim_area","119718","4/1/2018"
"119719",,"ACTIVE",,"city","620600000000","武威市",,,"620000000000","甘肃省","武威市","1","rt_dim_area","119719","4/1/2018"
"119720",,"DEL",,"county","620600000000","武威市","620601000000","市辖区","620000000000","甘肃省","市辖区","1","rt_dim_area","119720","4/1/2018"
"119721",,"ACTIVE",,"county","620600000000","武威市","620602000000","凉州区","620000000000","甘肃省","凉州区","1","rt_dim_area","119721","4/1/2018"
"119722",,"ACTIVE",,"county","620600000000","武威市","620621000000","民勤县","620000000000","甘肃省","民勤县","1","rt_dim_area","119722","4/1/2018"
"119723",,"ACTIVE",,"county","620600000000","武威市","620622000000","古浪县","620000000000","甘肃省","古浪县","1","rt_dim_area","119723","4/1/2018"
"119724",,"ACTIVE",,"county","620600000000","武威市","620623000000","天祝藏族自治县","620000000000","甘肃省","天祝藏族自治县","1","rt_dim_area","119724","4/1/2018"
"119725",,"ACTIVE",,"city","620700000000","张掖市",,,"620000000000","甘肃省","张掖市","1","rt_dim_area","119725","4/1/2018"
"119726",,"DEL",,"county","620700000000","张掖市","620701000000","市辖区","620000000000","甘肃省","市辖区","1","rt_dim_area","119726","4/1/2018"
"119727",,"ACTIVE",,"county","620700000000","张掖市","620702000000","甘州区","620000000000","甘肃省","甘州区","1","rt_dim_area","119727","4/1/2018"
"119728",,"ACTIVE",,"county","620700000000","张掖市","620721000000","肃南裕固族自治县","620000000000","甘肃省","肃南裕固族自治县","1","rt_dim_area","119728","4/1/2018"
"119729",,"ACTIVE",,"county","620700000000","张掖市","620722000000","民乐县","620000000000","甘肃省","民乐县","1","rt_dim_area","119729","4/1/2018"
"119730",,"ACTIVE",,"county","620700000000","张掖市","620723000000","临泽县","620000000000","甘肃省","临泽县","1","rt_dim_area","119730","4/1/2018"
"119731",,"ACTIVE",,"county","620700000000","张掖市","620724000000","高台县","620000000000","甘肃省","高台县","1","rt_dim_area","119731","4/1/2018"
"119732",,"ACTIVE",,"county","620700000000","张掖市","620725000000","山丹县","620000000000","甘肃省","山丹县","1","rt_dim_area","119732","4/1/2018"
"119733",,"ACTIVE",,"city","620800000000","平凉市",,,"620000000000","甘肃省","平凉市","1","rt_dim_area","119733","4/1/2018"
"119734",,"ACTIVE",,"county","620800000000","平凉市","620800010000","平凉工业园区","620000000000","甘肃省","平凉工业园区","1","rt_dim_area","119734","4/1/2018"
"119735",,"DEL",,"county","620800000000","平凉市","620801000000","市辖区","620000000000","甘肃省","市辖区","1","rt_dim_area","119735","4/1/2018"
"119736",,"ACTIVE",,"county","620800000000","平凉市","620802000000","崆峒区","620000000000","甘肃省","崆峒区","1","rt_dim_area","119736","4/1/2018"
"119737",,"ACTIVE",,"county","620800000000","平凉市","620821000000","泾川县","620000000000","甘肃省","泾川县","1","rt_dim_area","119737","4/1/2018"
"119738",,"ACTIVE",,"county","620800000000","平凉市","620822000000","灵台县","620000000000","甘肃省","灵台县","1","rt_dim_area","119738","4/1/2018"
"119739",,"ACTIVE",,"county","620800000000","平凉市","620823000000","崇信县","620000000000","甘肃省","崇信县","1","rt_dim_area","119739","4/1/2018"
"119740",,"ACTIVE",,"county","620800000000","平凉市","620824000000","华亭县","620000000000","甘肃省","华亭县","1","rt_dim_area","119740","4/1/2018"
"119741",,"ACTIVE",,"county","620800000000","平凉市","620825000000","庄浪县","620000000000","甘肃省","庄浪县","1","rt_dim_area","119741","4/1/2018"
"119742",,"ACTIVE",,"county","620800000000","平凉市","620826000000","静宁县","620000000000","甘肃省","静宁县","1","rt_dim_area","119742","4/1/2018"
"119743",,"ACTIVE",,"city","620900000000","酒泉市",,,"620000000000","甘肃省","酒泉市","1","rt_dim_area","119743","4/1/2018"
"119744",,"DEL",,"county","620900000000","酒泉市","620901000000","市辖区","620000000000","甘肃省","市辖区","1","rt_dim_area","119744","4/1/2018"
"119745",,"ACTIVE",,"county","620900000000","酒泉市","620902000000","肃州区","620000000000","甘肃省","肃州区","1","rt_dim_area","119745","4/1/2018"
"119746",,"ACTIVE",,"county","620900000000","酒泉市","620921000000","金塔县","620000000000","甘肃省","金塔县","1","rt_dim_area","119746","4/1/2018"
"119747",,"ACTIVE",,"county","620900000000","酒泉市","620922000000","瓜州县","620000000000","甘肃省","瓜州县","1","rt_dim_area","119747","4/1/2018"
"119748",,"ACTIVE",,"county","620900000000","酒泉市","620923000000","肃北蒙古族自治县","620000000000","甘肃省","肃北蒙古族自治县","1","rt_dim_area","119748","4/1/2018"
"119749",,"ACTIVE",,"county","620900000000","酒泉市","620924000000","阿克塞哈萨克族自治县","620000000000","甘肃省","阿克塞哈萨克族自治县","1","rt_dim_area","119749","4/1/2018"
"119750",,"ACTIVE",,"city","620925000000","甘肃矿区",,,"620000000000","甘肃省","甘肃矿区","1","rt_dim_area","119750","4/1/2018"
"119751",,"ACTIVE",,"county","620925000000","甘肃矿区","620925100000","甘肃矿区","620000000000","甘肃省","甘肃矿区","1","rt_dim_area","119751","4/1/2018"
"119752",,"ACTIVE",,"county","620900000000","酒泉市","620981000000","玉门市","620000000000","甘肃省","玉门市","1","rt_dim_area","119752","4/1/2018"
"119753",,"ACTIVE",,"county","620900000000","酒泉市","620982000000","敦煌市","620000000000","甘肃省","敦煌市","1","rt_dim_area","119753","4/1/2018"
"119754",,"ACTIVE",,"city","621000000000","庆阳市",,,"620000000000","甘肃省","庆阳市","1","rt_dim_area","119754","4/1/2018"
"119755",,"DEL",,"county","621000000000","庆阳市","621001000000","市辖区","620000000000","甘肃省","市辖区","1","rt_dim_area","119755","4/1/2018"
"119756",,"ACTIVE",,"county","621000000000","庆阳市","621002000000","西峰区","620000000000","甘肃省","西峰区","1","rt_dim_area","119756","4/1/2018"
"119757",,"ACTIVE",,"county","621000000000","庆阳市","621021000000","庆城县","620000000000","甘肃省","庆城县","1","rt_dim_area","119757","4/1/2018"
"119758",,"ACTIVE",,"county","621000000000","庆阳市","621022000000","环县","620000000000","甘肃省","环县","1","rt_dim_area","119758","4/1/2018"
"119759",,"ACTIVE",,"county","621000000000","庆阳市","621023000000","华池县","620000000000","甘肃省","华池县","1","rt_dim_area","119759","4/1/2018"
"119760",,"ACTIVE",,"county","621000000000","庆阳市","621024000000","合水县","620000000000","甘肃省","合水县","1","rt_dim_area","119760","4/1/2018"
"119761",,"ACTIVE",,"county","621000000000","庆阳市","621025000000","正宁县","620000000000","甘肃省","正宁县","1","rt_dim_area","119761","4/1/2018"
"119762",,"ACTIVE",,"county","621000000000","庆阳市","621026000000","宁县","620000000000","甘肃省","宁县","1","rt_dim_area","119762","4/1/2018"
"119763",,"ACTIVE",,"county","621000000000","庆阳市","621027000000","镇原县","620000000000","甘肃省","镇原县","1","rt_dim_area","119763","4/1/2018"
"119764",,"ACTIVE",,"city","621100000000","定西市",,,"620000000000","甘肃省","定西市","1","rt_dim_area","119764","4/1/2018"
"119765",,"ACTIVE",,"county","621100000000","定西市","621100010000","定西经济开发区","620000000000","甘肃省","定西经济开发区","1","rt_dim_area","119765","4/1/2018"
"119766",,"DEL",,"county","621100000000","定西市","621101000000","市辖区","620000000000","甘肃省","市辖区","1","rt_dim_area","119766","4/1/2018"
"119767",,"ACTIVE",,"county","621100000000","定西市","621102000000","安定区","620000000000","甘肃省","安定区","1","rt_dim_area","119767","4/1/2018"
"119768",,"ACTIVE",,"county","621100000000","定西市","621121000000","通渭县","620000000000","甘肃省","通渭县","1","rt_dim_area","119768","4/1/2018"
"119769",,"ACTIVE",,"county","621100000000","定西市","621122000000","陇西县","620000000000","甘肃省","陇西县","1","rt_dim_area","119769","4/1/2018"
"119770",,"ACTIVE",,"county","621100000000","定西市","621123000000","渭源县","620000000000","甘肃省","渭源县","1","rt_dim_area","119770","4/1/2018"
"119771",,"ACTIVE",,"county","621100000000","定西市","621124000000","临洮县","620000000000","甘肃省","临洮县","1","rt_dim_area","119771","4/1/2018"
"119772",,"ACTIVE",,"county","621100000000","定西市","621125000000","漳县","620000000000","甘肃省","漳县","1","rt_dim_area","119772","4/1/2018"
"119773",,"ACTIVE",,"county","621100000000","定西市","621126000000","岷县","620000000000","甘肃省","岷县","1","rt_dim_area","119773","4/1/2018"
"119774",,"ACTIVE",,"city","621200000000","陇南市",,,"620000000000","甘肃省","陇南市","1","rt_dim_area","119774","4/1/2018"
"119775",,"DEL",,"county","621200000000","陇南市","621201000000","市辖区","620000000000","甘肃省","市辖区","1","rt_dim_area","119775","4/1/2018"
"119776",,"ACTIVE",,"county","621200000000","陇南市","621202000000","武都区","620000000000","甘肃省","武都区","1","rt_dim_area","119776","4/1/2018"
"119777",,"ACTIVE",,"county","621200000000","陇南市","621221000000","成县","620000000000","甘肃省","成县","1","rt_dim_area","119777","4/1/2018"
"119778",,"ACTIVE",,"county","621200000000","陇南市","621222000000","文县","620000000000","甘肃省","文县","1","rt_dim_area","119778","4/1/2018"
"119779",,"ACTIVE",,"county","621200000000","陇南市","621223000000","宕昌县","620000000000","甘肃省","宕昌县","1","rt_dim_area","119779","4/1/2018"
"119780",,"ACTIVE",,"county","621200000000","陇南市","621224000000","康县","620000000000","甘肃省","康县","1","rt_dim_area","119780","4/1/2018"
"119781",,"ACTIVE",,"county","621200000000","陇南市","621225000000","西和县","620000000000","甘肃省","西和县","1","rt_dim_area","119781","4/1/2018"
"119782",,"ACTIVE",,"county","621200000000","陇南市","621226000000","礼县","620000000000","甘肃省","礼县","1","rt_dim_area","119782","4/1/2018"
"119783",,"ACTIVE",,"county","621200000000","陇南市","621227000000","徽县","620000000000","甘肃省","徽县","1","rt_dim_area","119783","4/1/2018"
"119784",,"ACTIVE",,"county","621200000000","陇南市","621228000000","两当县","620000000000","甘肃省","两当县","1","rt_dim_area","119784","4/1/2018"
"119785",,"ACTIVE",,"city","622900000000","临夏回族自治州",,,"620000000000","甘肃省","临夏回族自治州","1","rt_dim_area","119785","4/1/2018"
"119786",,"ACTIVE",,"county","622900000000","临夏回族自治州","622901000000","临夏市","620000000000","甘肃省","临夏市","1","rt_dim_area","119786","4/1/2018"
"119787",,"ACTIVE",,"county","622900000000","临夏回族自治州","622921000000","临夏县","620000000000","甘肃省","临夏县","1","rt_dim_area","119787","4/1/2018"
"119788",,"ACTIVE",,"county","622900000000","临夏回族自治州","622922000000","康乐县","620000000000","甘肃省","康乐县","1","rt_dim_area","119788","4/1/2018"
"119789",,"ACTIVE",,"county","622900000000","临夏回族自治州","622923000000","永靖县","620000000000","甘肃省","永靖县","1","rt_dim_area","119789","4/1/2018"
"119790",,"ACTIVE",,"county","622900000000","临夏回族自治州","622924000000","广河县","620000000000","甘肃省","广河县","1","rt_dim_area","119790","4/1/2018"
"119791",,"ACTIVE",,"county","622900000000","临夏回族自治州","622925000000","和政县","620000000000","甘肃省","和政县","1","rt_dim_area","119791","4/1/2018"
"119792",,"ACTIVE",,"county","622900000000","临夏回族自治州","622926000000","东乡族自治县","620000000000","甘肃省","东乡族自治县","1","rt_dim_area","119792","4/1/2018"
"119793",,"ACTIVE",,"county","622900000000","临夏回族自治州","622927000000","积石山保安族东乡族撒拉族自治县","620000000000","甘肃省","积石山保安族东乡族撒拉族自治县","1","rt_dim_area","119793","4/1/2018"
"119794",,"ACTIVE",,"city","623000000000","甘南藏族自治州",,,"620000000000","甘肃省","甘南藏族自治州","1","rt_dim_area","119794","4/1/2018"
"119795",,"ACTIVE",,"county","623000000000","甘南藏族自治州","623001000000","合作市","620000000000","甘肃省","合作市","1","rt_dim_area","119795","4/1/2018"
"119796",,"ACTIVE",,"county","623000000000","甘南藏族自治州","623021000000","临潭县","620000000000","甘肃省","临潭县","1","rt_dim_area","119796","4/1/2018"
"119797",,"ACTIVE",,"county","623000000000","甘南藏族自治州","623022000000","卓尼县","620000000000","甘肃省","卓尼县","1","rt_dim_area","119797","4/1/2018"
"119798",,"ACTIVE",,"county","623000000000","甘南藏族自治州","623023000000","舟曲县","620000000000","甘肃省","舟曲县","1","rt_dim_area","119798","4/1/2018"
"119799",,"ACTIVE",,"county","623000000000","甘南藏族自治州","623024000000","迭部县","620000000000","甘肃省","迭部县","1","rt_dim_area","119799","4/1/2018"
"119800",,"ACTIVE",,"county","623000000000","甘南藏族自治州","623025000000","玛曲县","620000000000","甘肃省","玛曲县","1","rt_dim_area","119800","4/1/2018"
"119801",,"ACTIVE",,"county","623000000000","甘南藏族自治州","623026000000","碌曲县","620000000000","甘肃省","碌曲县","1","rt_dim_area","119801","4/1/2018"
"119802",,"ACTIVE",,"county","623000000000","甘南藏族自治州","623027000000","夏河县","620000000000","甘肃省","夏河县","1","rt_dim_area","119802","4/1/2018"
"119803",,"ACTIVE",,"province",,,,,"630000000000","青海省","青海省","1","rt_dim_area","119803","4/1/2018"
"119804",,"ACTIVE",,"city","630100000000","西宁市",,,"630000000000","青海省","西宁市","1","rt_dim_area","119804","4/1/2018"
"119805",,"DEL",,"county","630100000000","西宁市","630101000000","市辖区","630000000000","青海省","市辖区","1","rt_dim_area","119805","4/1/2018"
"119806",,"ACTIVE",,"county","630100000000","西宁市","630102000000","城东区","630000000000","青海省","城东区","1","rt_dim_area","119806","4/1/2018"
"119807",,"ACTIVE",,"county","630100000000","西宁市","630103000000","城中区","630000000000","青海省","城中区","1","rt_dim_area","119807","4/1/2018"
"119808",,"ACTIVE",,"county","630100000000","西宁市","630104000000","城西区","630000000000","青海省","城西区","1","rt_dim_area","119808","4/1/2018"
"119809",,"ACTIVE",,"county","630100000000","西宁市","630105000000","城北区","630000000000","青海省","城北区","1","rt_dim_area","119809","4/1/2018"
"119810",,"ACTIVE",,"county","630100000000","西宁市","630121000000","大通回族土族自治县","630000000000","青海省","大通回族土族自治县","1","rt_dim_area","119810","4/1/2018"
"119811",,"ACTIVE",,"county","630100000000","西宁市","630122000000","湟中县","630000000000","青海省","湟中县","1","rt_dim_area","119811","4/1/2018"
"119812",,"ACTIVE",,"county","630100000000","西宁市","630123000000","湟源县","630000000000","青海省","湟源县","1","rt_dim_area","119812","4/1/2018"
"119813",,"ACTIVE",,"city","630200000000","海东市",,,"630000000000","青海省","海东市","1","rt_dim_area","119813","4/1/2018"
"119814",,"ACTIVE",,"county","630200000000","海东市","630202000000","乐都区","630000000000","青海省","乐都区","1","rt_dim_area","119814","4/1/2018"
"119815",,"ACTIVE",,"county","630200000000","海东市","630203000000","平安区","630000000000","青海省","平安区","1","rt_dim_area","119815","4/1/2018"
"119816",,"ACTIVE",,"county","630200000000","海东市","630222000000","民和回族土族自治县","630000000000","青海省","民和回族土族自治县","1","rt_dim_area","119816","4/1/2018"
"119817",,"ACTIVE",,"county","630200000000","海东市","630223000000","互助土族自治县","630000000000","青海省","互助土族自治县","1","rt_dim_area","119817","4/1/2018"
"119818",,"ACTIVE",,"county","630200000000","海东市","630224000000","化隆回族自治县","630000000000","青海省","化隆回族自治县","1","rt_dim_area","119818","4/1/2018"
"119819",,"ACTIVE",,"county","630200000000","海东市","630225000000","循化撒拉族自治县","630000000000","青海省","循化撒拉族自治县","1","rt_dim_area","119819","4/1/2018"
"119820",,"ACTIVE",,"city","632200000000","海北藏族自治州",,,"630000000000","青海省","海北藏族自治州","1","rt_dim_area","119820","4/1/2018"
"119821",,"ACTIVE",,"county","632200000000","海北藏族自治州","632221000000","门源回族自治县","630000000000","青海省","门源回族自治县","1","rt_dim_area","119821","4/1/2018"
"119822",,"ACTIVE",,"county","632200000000","海北藏族自治州","632222000000","祁连县","630000000000","青海省","祁连县","1","rt_dim_area","119822","4/1/2018"
"119823",,"ACTIVE",,"county","632200000000","海北藏族自治州","632223000000","海晏县","630000000000","青海省","海晏县","1","rt_dim_area","119823","4/1/2018"
"119824",,"ACTIVE",,"county","632200000000","海北藏族自治州","632224000000","刚察县","630000000000","青海省","刚察县","1","rt_dim_area","119824","4/1/2018"
"119825",,"ACTIVE",,"city","632300000000","黄南藏族自治州",,,"630000000000","青海省","黄南藏族自治州","1","rt_dim_area","119825","4/1/2018"
"119826",,"ACTIVE",,"county","632300000000","黄南藏族自治州","632321000000","同仁县","630000000000","青海省","同仁县","1","rt_dim_area","119826","4/1/2018"
"119827",,"ACTIVE",,"county","632300000000","黄南藏族自治州","632322000000","尖扎县","630000000000","青海省","尖扎县","1","rt_dim_area","119827","4/1/2018"
"119828",,"ACTIVE",,"county","632300000000","黄南藏族自治州","632323000000","泽库县","630000000000","青海省","泽库县","1","rt_dim_area","119828","4/1/2018"
"119829",,"ACTIVE",,"county","632300000000","黄南藏族自治州","632324000000","河南蒙古族自治县","630000000000","青海省","河南蒙古族自治县","1","rt_dim_area","119829","4/1/2018"
"119830",,"ACTIVE",,"city","632500000000","海南藏族自治州",,,"630000000000","青海省","海南藏族自治州","1","rt_dim_area","119830","4/1/2018"
"119831",,"ACTIVE",,"county","632500000000","海南藏族自治州","632521000000","共和县","630000000000","青海省","共和县","1","rt_dim_area","119831","4/1/2018"
"119832",,"ACTIVE",,"county","632500000000","海南藏族自治州","632522000000","同德县","630000000000","青海省","同德县","1","rt_dim_area","119832","4/1/2018"
"119833",,"ACTIVE",,"county","632500000000","海南藏族自治州","632523000000","贵德县","630000000000","青海省","贵德县","1","rt_dim_area","119833","4/1/2018"
"119834",,"ACTIVE",,"county","632500000000","海南藏族自治州","632524000000","兴海县","630000000000","青海省","兴海县","1","rt_dim_area","119834","4/1/2018"
"119835",,"ACTIVE",,"county","632500000000","海南藏族自治州","632525000000","贵南县","630000000000","青海省","贵南县","1","rt_dim_area","119835","4/1/2018"
"119836",,"ACTIVE",,"city","632600000000","果洛藏族自治州",,,"630000000000","青海省","果洛藏族自治州","1","rt_dim_area","119836","4/1/2018"
"119837",,"ACTIVE",,"county","632600000000","果洛藏族自治州","632621000000","玛沁县","630000000000","青海省","玛沁县","1","rt_dim_area","119837","4/1/2018"
"119838",,"ACTIVE",,"county","632600000000","果洛藏族自治州","632622000000","班玛县","630000000000","青海省","班玛县","1","rt_dim_area","119838","4/1/2018"
"119839",,"ACTIVE",,"county","632600000000","果洛藏族自治州","632623000000","甘德县","630000000000","青海省","甘德县","1","rt_dim_area","119839","4/1/2018"
"119840",,"ACTIVE",,"county","632600000000","果洛藏族自治州","632624000000","达日县","630000000000","青海省","达日县","1","rt_dim_area","119840","4/1/2018"
"119841",,"ACTIVE",,"county","632600000000","果洛藏族自治州","632625000000","久治县","630000000000","青海省","久治县","1","rt_dim_area","119841","4/1/2018"
"119842",,"ACTIVE",,"county","632600000000","果洛藏族自治州","632626000000","玛多县","630000000000","青海省","玛多县","1","rt_dim_area","119842","4/1/2018"
"119843",,"ACTIVE",,"city","632700000000","玉树藏族自治州",,,"630000000000","青海省","玉树藏族自治州","1","rt_dim_area","119843","4/1/2018"
"119844",,"ACTIVE",,"county","632700000000","玉树藏族自治州","632721000000","玉树市","630000000000","青海省","玉树市","1","rt_dim_area","119844","4/1/2018"
"119845",,"ACTIVE",,"county","632700000000","玉树藏族自治州","632722000000","杂多县","630000000000","青海省","杂多县","1","rt_dim_area","119845","4/1/2018"
"119846",,"ACTIVE",,"county","632700000000","玉树藏族自治州","632723000000","称多县","630000000000","青海省","称多县","1","rt_dim_area","119846","4/1/2018"
"119847",,"ACTIVE",,"county","632700000000","玉树藏族自治州","632724000000","治多县","630000000000","青海省","治多县","1","rt_dim_area","119847","4/1/2018"
"119848",,"ACTIVE",,"county","632700000000","玉树藏族自治州","632725000000","囊谦县","630000000000","青海省","囊谦县","1","rt_dim_area","119848","4/1/2018"
"119849",,"ACTIVE",,"county","632700000000","玉树藏族自治州","632726000000","曲麻莱县","630000000000","青海省","曲麻莱县","1","rt_dim_area","119849","4/1/2018"
"119850",,"ACTIVE",,"city","632800000000","海西蒙古族藏族自治州",,,"630000000000","青海省","海西蒙古族藏族自治州","1","rt_dim_area","119850","4/1/2018"
"119851",,"ACTIVE",,"county","632800000000","海西蒙古族藏族自治州","632800010000","大柴旦行委","630000000000","青海省","大柴旦行委","1","rt_dim_area","119851","4/1/2018"
"119852",,"ACTIVE",,"county","632800000000","海西蒙古族藏族自治州","632800020000","茫崖行委","630000000000","青海省","茫崖行委","1","rt_dim_area","119852","4/1/2018"
"119853",,"ACTIVE",,"county","632800000000","海西蒙古族藏族自治州","632800030000","冷湖行委","630000000000","青海省","冷湖行委","1","rt_dim_area","119853","4/1/2018"
"119854",,"ACTIVE",,"county","632800000000","海西蒙古族藏族自治州","632801000000","格尔木市","630000000000","青海省","格尔木市","1","rt_dim_area","119854","4/1/2018"
"119855",,"ACTIVE",,"county","632800000000","海西蒙古族藏族自治州","632802000000","德令哈市","630000000000","青海省","德令哈市","1","rt_dim_area","119855","4/1/2018"
"119856",,"ACTIVE",,"county","632800000000","海西蒙古族藏族自治州","632821000000","乌兰县","630000000000","青海省","乌兰县","1","rt_dim_area","119856","4/1/2018"
"119857",,"ACTIVE",,"county","632800000000","海西蒙古族藏族自治州","632822000000","都兰县","630000000000","青海省","都兰县","1","rt_dim_area","119857","4/1/2018"
"119858",,"ACTIVE",,"county","632800000000","海西蒙古族藏族自治州","632823000000","天峻县","630000000000","青海省","天峻县","1","rt_dim_area","119858","4/1/2018"
"119859",,"ACTIVE",,"province",,,,,"640000000000","宁夏回族自治区","宁夏回族自治区","1","rt_dim_area","119859","4/1/2018"
"119860",,"ACTIVE",,"city","640100000000","银川市",,,"640000000000","宁夏回族自治区","银川市","1","rt_dim_area","119860","4/1/2018"
"119861",,"ACTIVE",,"county","640100000000","银川市","640101000000","市辖区","640000000000","宁夏回族自治区","市辖区","1","rt_dim_area","119861","4/1/2018"
"119862",,"ACTIVE",,"county","640100000000","银川市","640104000000","兴庆区","640000000000","宁夏回族自治区","兴庆区","1","rt_dim_area","119862","4/1/2018"
"119863",,"ACTIVE",,"county","640100000000","银川市","640105000000","西夏区","640000000000","宁夏回族自治区","西夏区","1","rt_dim_area","119863","4/1/2018"
"119864",,"ACTIVE",,"county","640100000000","银川市","640106000000","金凤区","640000000000","宁夏回族自治区","金凤区","1","rt_dim_area","119864","4/1/2018"
"119865",,"ACTIVE",,"county","640100000000","银川市","640121000000","永宁县","640000000000","宁夏回族自治区","永宁县","1","rt_dim_area","119865","4/1/2018"
"119866",,"ACTIVE",,"county","640100000000","银川市","640122000000","贺兰县","640000000000","宁夏回族自治区","贺兰县","1","rt_dim_area","119866","4/1/2018"
"119867",,"ACTIVE",,"county","640100000000","银川市","640181000000","灵武市","640000000000","宁夏回族自治区","灵武市","1","rt_dim_area","119867","4/1/2018"
"119868",,"ACTIVE",,"city","640200000000","石嘴山市",,,"640000000000","宁夏回族自治区","石嘴山市","1","rt_dim_area","119868","4/1/2018"
"119869",,"ACTIVE",,"county","640200000000","石嘴山市","640201000000","市辖区","640000000000","宁夏回族自治区","市辖区","1","rt_dim_area","119869","4/1/2018"
"119870",,"ACTIVE",,"county","640200000000","石嘴山市","640202000000","大武口区","640000000000","宁夏回族自治区","大武口区","1","rt_dim_area","119870","4/1/2018"
"119871",,"ACTIVE",,"county","640200000000","石嘴山市","640205000000","惠农区","640000000000","宁夏回族自治区","惠农区","1","rt_dim_area","119871","4/1/2018"
"119872",,"ACTIVE",,"county","640200000000","石嘴山市","640221000000","平罗县","640000000000","宁夏回族自治区","平罗县","1","rt_dim_area","119872","4/1/2018"
"119873",,"ACTIVE",,"city","640300000000","吴忠市",,,"640000000000","宁夏回族自治区","吴忠市","1","rt_dim_area","119873","4/1/2018"
"119874",,"ACTIVE",,"county","640300000000","吴忠市","640301000000","市辖区","640000000000","宁夏回族自治区","市辖区","1","rt_dim_area","119874","4/1/2018"
"119875",,"ACTIVE",,"county","640300000000","吴忠市","640302000000","利通区","640000000000","宁夏回族自治区","利通区","1","rt_dim_area","119875","4/1/2018"
"119876",,"ACTIVE",,"county","640300000000","吴忠市","640303000000","红寺堡区","640000000000","宁夏回族自治区","红寺堡区","1","rt_dim_area","119876","4/1/2018"
"119877",,"ACTIVE",,"county","640300000000","吴忠市","640323000000","盐池县","640000000000","宁夏回族自治区","盐池县","1","rt_dim_area","119877","4/1/2018"
"119878",,"ACTIVE",,"county","640300000000","吴忠市","640324000000","同心县","640000000000","宁夏回族自治区","同心县","1","rt_dim_area","119878","4/1/2018"
"119879",,"ACTIVE",,"county","640300000000","吴忠市","640381000000","青铜峡市","640000000000","宁夏回族自治区","青铜峡市","1","rt_dim_area","119879","4/1/2018"
"119880",,"ACTIVE",,"city","640400000000","固原市",,,"640000000000","宁夏回族自治区","固原市","1","rt_dim_area","119880","4/1/2018"
"119881",,"ACTIVE",,"county","640400000000","固原市","640401000000","市辖区","640000000000","宁夏回族自治区","市辖区","1","rt_dim_area","119881","4/1/2018"
"119882",,"ACTIVE",,"county","640400000000","固原市","640402000000","原州区","640000000000","宁夏回族自治区","原州区","1","rt_dim_area","119882","4/1/2018"
"119883",,"ACTIVE",,"county","640400000000","固原市","640422000000","西吉县","640000000000","宁夏回族自治区","西吉县","1","rt_dim_area","119883","4/1/2018"
"119884",,"ACTIVE",,"county","640400000000","固原市","640423000000","隆德县","640000000000","宁夏回族自治区","隆德县","1","rt_dim_area","119884","4/1/2018"
"119885",,"ACTIVE",,"county","640400000000","固原市","640424000000","泾源县","640000000000","宁夏回族自治区","泾源县","1","rt_dim_area","119885","4/1/2018"
"119886",,"ACTIVE",,"county","640400000000","固原市","640425000000","彭阳县","640000000000","宁夏回族自治区","彭阳县","1","rt_dim_area","119886","4/1/2018"
"119887",,"ACTIVE",,"city","640500000000","中卫市",,,"640000000000","宁夏回族自治区","中卫市","1","rt_dim_area","119887","4/1/2018"
"119888",,"ACTIVE",,"county","640500000000","中卫市","640501000000","市辖区","640000000000","宁夏回族自治区","市辖区","1","rt_dim_area","119888","4/1/2018"
"119889",,"ACTIVE",,"county","640500000000","中卫市","640502000000","沙坡头区","640000000000","宁夏回族自治区","沙坡头区","1","rt_dim_area","119889","4/1/2018"
"119890",,"ACTIVE",,"county","640500000000","中卫市","640521000000","中宁县","640000000000","宁夏回族自治区","中宁县","1","rt_dim_area","119890","4/1/2018"
"119891",,"ACTIVE",,"county","640500000000","中卫市","640522000000","海原县","640000000000","宁夏回族自治区","海原县","1","rt_dim_area","119891","4/1/2018"
"119892",,"ACTIVE",,"city","648000000000","宁东化工基地",,,"640000000000","宁夏回族自治区","宁东化工基地","1","rt_dim_area","119892","4/1/2018"
"119893",,"ACTIVE",,"county","648000000000","宁东化工基地","648000100000","宁东化工基地","640000000000","宁夏回族自治区","宁东化工基地","1","rt_dim_area","119893","4/1/2018"
"119894",,"ACTIVE",,"province",,,,,"650000000000","新疆维吾尔自治区","新疆维吾尔自治区","1","rt_dim_area","119894","4/1/2018"
"119895",,"ACTIVE",,"city","650100000000","乌鲁木齐市",,,"650000000000","新疆维吾尔自治区","乌鲁木齐市","1","rt_dim_area","119895","4/1/2018"
"119896",,"ACTIVE",,"county","650100000000","乌鲁木齐市","650101000000","市辖区","650000000000","新疆维吾尔自治区","市辖区","1","rt_dim_area","119896","4/1/2018"
"119897",,"ACTIVE",,"county","650100000000","乌鲁木齐市","650102000000","天山区","650000000000","新疆维吾尔自治区","天山区","1","rt_dim_area","119897","4/1/2018"
"119898",,"ACTIVE",,"county","650100000000","乌鲁木齐市","650103000000","沙依巴克区","650000000000","新疆维吾尔自治区","沙依巴克区","1","rt_dim_area","119898","4/1/2018"
"119899",,"ACTIVE",,"county","650100000000","乌鲁木齐市","650104000000","新市区","650000000000","新疆维吾尔自治区","新市区","1","rt_dim_area","119899","4/1/2018"
"119900",,"ACTIVE",,"county","650100000000","乌鲁木齐市","650105000000","水磨沟区","650000000000","新疆维吾尔自治区","水磨沟区","1","rt_dim_area","119900","4/1/2018"
"119901",,"ACTIVE",,"county","650100000000","乌鲁木齐市","650106000000","头屯河区","650000000000","新疆维吾尔自治区","头屯河区","1","rt_dim_area","119901","4/1/2018"
"119902",,"ACTIVE",,"county","650100000000","乌鲁木齐市","650107000000","达坂城区","650000000000","新疆维吾尔自治区","达坂城区","1","rt_dim_area","119902","4/1/2018"
"119903",,"ACTIVE",,"county","650100000000","乌鲁木齐市","650109000000","米东区","650000000000","新疆维吾尔自治区","米东区","1","rt_dim_area","119903","4/1/2018"
"119904",,"ACTIVE",,"county","650100000000","乌鲁木齐市","650121000000","乌鲁木齐县","650000000000","新疆维吾尔自治区","乌鲁木齐县","1","rt_dim_area","119904","4/1/2018"
"119905",,"ACTIVE",,"city","650200000000","克拉玛依市",,,"650000000000","新疆维吾尔自治区","克拉玛依市","1","rt_dim_area","119905","4/1/2018"
"119906",,"ACTIVE",,"county","650200000000","克拉玛依市","650201000000","市辖区","650000000000","新疆维吾尔自治区","市辖区","1","rt_dim_area","119906","4/1/2018"
"119907",,"ACTIVE",,"county","650200000000","克拉玛依市","650202000000","独山子区","650000000000","新疆维吾尔自治区","独山子区","1","rt_dim_area","119907","4/1/2018"
"119908",,"ACTIVE",,"county","650200000000","克拉玛依市","650203000000","克拉玛依区","650000000000","新疆维吾尔自治区","克拉玛依区","1","rt_dim_area","119908","4/1/2018"
"119909",,"ACTIVE",,"county","650200000000","克拉玛依市","650204000000","白碱滩区","650000000000","新疆维吾尔自治区","白碱滩区","1","rt_dim_area","119909","4/1/2018"
"119910",,"ACTIVE",,"county","650200000000","克拉玛依市","650205000000","乌尔禾区","650000000000","新疆维吾尔自治区","乌尔禾区","1","rt_dim_area","119910","4/1/2018"
"119911",,"ACTIVE",,"city","650400000000","吐鲁番市",,,"650000000000","新疆维吾尔自治区","吐鲁番市","1","rt_dim_area","119911","4/1/2018"
"119912",,"ACTIVE",,"county","650400000000","吐鲁番市","650402000000","高昌区","650000000000","新疆维吾尔自治区","高昌区","1","rt_dim_area","119912","4/1/2018"
"119913",,"ACTIVE",,"county","650400000000","吐鲁番市","650421000000","鄯善县","650000000000","新疆维吾尔自治区","鄯善县","1","rt_dim_area","119913","4/1/2018"
"119914",,"ACTIVE",,"county","650400000000","吐鲁番市","650422000000","托克逊县","650000000000","新疆维吾尔自治区","托克逊县","1","rt_dim_area","119914","4/1/2018"
"119915",,"ACTIVE",,"city","652200000000","哈密市",,,"650000000000","新疆维吾尔自治区","哈密市","1","rt_dim_area","119915","4/1/2018"
"119916",,"ACTIVE",,"county","652200000000","哈密市","652201000000","伊州区","650000000000","新疆维吾尔自治区","伊州区","1","rt_dim_area","119916","4/1/2018"
"119917",,"ACTIVE",,"county","652200000000","哈密市","652222000000","巴里坤哈萨克自治县","650000000000","新疆维吾尔自治区","巴里坤哈萨克自治县","1","rt_dim_area","119917","4/1/2018"
"119918",,"ACTIVE",,"county","652200000000","哈密市","652223000000","伊吾县","650000000000","新疆维吾尔自治区","伊吾县","1","rt_dim_area","119918","4/1/2018"
"119919",,"ACTIVE",,"city","652300000000","昌吉回族自治州",,,"650000000000","新疆维吾尔自治区","昌吉回族自治州","1","rt_dim_area","119919","4/1/2018"
"119920",,"ACTIVE",,"county","652300000000","昌吉回族自治州","652301000000","昌吉市","650000000000","新疆维吾尔自治区","昌吉市","1","rt_dim_area","119920","4/1/2018"
"119921",,"ACTIVE",,"county","652300000000","昌吉回族自治州","652302000000","阜康市","650000000000","新疆维吾尔自治区","阜康市","1","rt_dim_area","119921","4/1/2018"
"119922",,"ACTIVE",,"county","652300000000","昌吉回族自治州","652323000000","呼图壁县","650000000000","新疆维吾尔自治区","呼图壁县","1","rt_dim_area","119922","4/1/2018"
"119923",,"ACTIVE",,"county","652300000000","昌吉回族自治州","652324000000","玛纳斯县","650000000000","新疆维吾尔自治区","玛纳斯县","1","rt_dim_area","119923","4/1/2018"
"119924",,"ACTIVE",,"county","652300000000","昌吉回族自治州","652325000000","奇台县","650000000000","新疆维吾尔自治区","奇台县","1","rt_dim_area","119924","4/1/2018"
"119925",,"ACTIVE",,"county","652300000000","昌吉回族自治州","652327000000","吉木萨尔县","650000000000","新疆维吾尔自治区","吉木萨尔县","1","rt_dim_area","119925","4/1/2018"
"119926",,"ACTIVE",,"county","652300000000","昌吉回族自治州","652328000000","木垒哈萨克自治县","650000000000","新疆维吾尔自治区","木垒哈萨克自治县","1","rt_dim_area","119926","4/1/2018"
"119927",,"ACTIVE",,"city","652700000000","博尔塔拉蒙古自治州",,,"650000000000","新疆维吾尔自治区","博尔塔拉蒙古自治州","1","rt_dim_area","119927","4/1/2018"
"119928",,"ACTIVE",,"county","652700000000","博尔塔拉蒙古自治州","652701000000","博乐市","650000000000","新疆维吾尔自治区","博乐市","1","rt_dim_area","119928","4/1/2018"
"119929",,"ACTIVE",,"county","652700000000","博尔塔拉蒙古自治州","652702000000","阿拉山口市","650000000000","新疆维吾尔自治区","阿拉山口市","1","rt_dim_area","119929","4/1/2018"
"119930",,"ACTIVE",,"county","652700000000","博尔塔拉蒙古自治州","652722000000","精河县","650000000000","新疆维吾尔自治区","精河县","1","rt_dim_area","119930","4/1/2018"
"119931",,"ACTIVE",,"county","652700000000","博尔塔拉蒙古自治州","652723000000","温泉县","650000000000","新疆维吾尔自治区","温泉县","1","rt_dim_area","119931","4/1/2018"
"119932",,"ACTIVE",,"city","652800000000","巴音郭楞蒙古自治州",,,"650000000000","新疆维吾尔自治区","巴音郭楞蒙古自治州","1","rt_dim_area","119932","4/1/2018"
"119933",,"ACTIVE",,"county","652800000000","巴音郭楞蒙古自治州","652801000000","库尔勒市","650000000000","新疆维吾尔自治区","库尔勒市","1","rt_dim_area","119933","4/1/2018"
"119934",,"ACTIVE",,"county","652800000000","巴音郭楞蒙古自治州","652822000000","轮台县","650000000000","新疆维吾尔自治区","轮台县","1","rt_dim_area","119934","4/1/2018"
"119935",,"ACTIVE",,"county","652800000000","巴音郭楞蒙古自治州","652823000000","尉犁县","650000000000","新疆维吾尔自治区","尉犁县","1","rt_dim_area","119935","4/1/2018"
"119936",,"ACTIVE",,"county","652800000000","巴音郭楞蒙古自治州","652824000000","若羌县","650000000000","新疆维吾尔自治区","若羌县","1","rt_dim_area","119936","4/1/2018"
"119937",,"ACTIVE",,"county","652800000000","巴音郭楞蒙古自治州","652825000000","且末县","650000000000","新疆维吾尔自治区","且末县","1","rt_dim_area","119937","4/1/2018"
"119938",,"ACTIVE",,"county","652800000000","巴音郭楞蒙古自治州","652826000000","焉耆回族自治县","650000000000","新疆维吾尔自治区","焉耆回族自治县","1","rt_dim_area","119938","4/1/2018"
"119939",,"ACTIVE",,"county","652800000000","巴音郭楞蒙古自治州","652827000000","和静县","650000000000","新疆维吾尔自治区","和静县","1","rt_dim_area","119939","4/1/2018"
"119940",,"ACTIVE",,"county","652800000000","巴音郭楞蒙古自治州","652828000000","和硕县","650000000000","新疆维吾尔自治区","和硕县","1","rt_dim_area","119940","4/1/2018"
"119941",,"ACTIVE",,"county","652800000000","巴音郭楞蒙古自治州","652829000000","博湖县","650000000000","新疆维吾尔自治区","博湖县","1","rt_dim_area","119941","4/1/2018"
"119942",,"ACTIVE",,"city","652900000000","阿克苏地区",,,"650000000000","新疆维吾尔自治区","阿克苏地区","1","rt_dim_area","119942","4/1/2018"
"119943",,"ACTIVE",,"county","652900000000","阿克苏地区","652901000000","阿克苏市","650000000000","新疆维吾尔自治区","阿克苏市","1","rt_dim_area","119943","4/1/2018"
"119944",,"ACTIVE",,"county","652900000000","阿克苏地区","652922000000","温宿县","650000000000","新疆维吾尔自治区","温宿县","1","rt_dim_area","119944","4/1/2018"
"119945",,"ACTIVE",,"county","652900000000","阿克苏地区","652923000000","库车县","650000000000","新疆维吾尔自治区","库车县","1","rt_dim_area","119945","4/1/2018"
"119946",,"ACTIVE",,"county","652900000000","阿克苏地区","652924000000","沙雅县","650000000000","新疆维吾尔自治区","沙雅县","1","rt_dim_area","119946","4/1/2018"
"119947",,"ACTIVE",,"county","652900000000","阿克苏地区","652925000000","新和县","650000000000","新疆维吾尔自治区","新和县","1","rt_dim_area","119947","4/1/2018"
"119948",,"ACTIVE",,"county","652900000000","阿克苏地区","652926000000","拜城县","650000000000","新疆维吾尔自治区","拜城县","1","rt_dim_area","119948","4/1/2018"
"119949",,"ACTIVE",,"county","652900000000","阿克苏地区","652927000000","乌什县","650000000000","新疆维吾尔自治区","乌什县","1","rt_dim_area","119949","4/1/2018"
"119950",,"ACTIVE",,"county","652900000000","阿克苏地区","652928000000","阿瓦提县","650000000000","新疆维吾尔自治区","阿瓦提县","1","rt_dim_area","119950","4/1/2018"
"119951",,"ACTIVE",,"county","652900000000","阿克苏地区","652929000000","柯坪县","650000000000","新疆维吾尔自治区","柯坪县","1","rt_dim_area","119951","4/1/2018"
"119952",,"ACTIVE",,"city","653000000000","克孜勒苏柯尔克孜自治州",,,"650000000000","新疆维吾尔自治区","克孜勒苏柯尔克孜自治州","1","rt_dim_area","119952","4/1/2018"
"119953",,"ACTIVE",,"county","653000000000","克孜勒苏柯尔克孜自治州","653001000000","阿图什市","650000000000","新疆维吾尔自治区","阿图什市","1","rt_dim_area","119953","4/1/2018"
"119954",,"ACTIVE",,"county","653000000000","克孜勒苏柯尔克孜自治州","653022000000","阿克陶县","650000000000","新疆维吾尔自治区","阿克陶县","1","rt_dim_area","119954","4/1/2018"
"119955",,"ACTIVE",,"county","653000000000","克孜勒苏柯尔克孜自治州","653023000000","阿合奇县","650000000000","新疆维吾尔自治区","阿合奇县","1","rt_dim_area","119955","4/1/2018"
"119956",,"ACTIVE",,"county","653000000000","克孜勒苏柯尔克孜自治州","653024000000","乌恰县","650000000000","新疆维吾尔自治区","乌恰县","1","rt_dim_area","119956","4/1/2018"
"119957",,"ACTIVE",,"city","653100000000","喀什地区",,,"650000000000","新疆维吾尔自治区","喀什地区","1","rt_dim_area","119957","4/1/2018"
"119958",,"ACTIVE",,"county","653100000000","喀什地区","653101000000","喀什市","650000000000","新疆维吾尔自治区","喀什市","1","rt_dim_area","119958","4/1/2018"
"119959",,"ACTIVE",,"county","653100000000","喀什地区","653121000000","疏附县","650000000000","新疆维吾尔自治区","疏附县","1","rt_dim_area","119959","4/1/2018"
"119960",,"ACTIVE",,"county","653100000000","喀什地区","653122000000","疏勒县","650000000000","新疆维吾尔自治区","疏勒县","1","rt_dim_area","119960","4/1/2018"
"119961",,"ACTIVE",,"county","653100000000","喀什地区","653123000000","英吉沙县","650000000000","新疆维吾尔自治区","英吉沙县","1","rt_dim_area","119961","4/1/2018"
"119962",,"ACTIVE",,"county","653100000000","喀什地区","653124000000","泽普县","650000000000","新疆维吾尔自治区","泽普县","1","rt_dim_area","119962","4/1/2018"
"119963",,"ACTIVE",,"county","653100000000","喀什地区","653125000000","莎车县","650000000000","新疆维吾尔自治区","莎车县","1","rt_dim_area","119963","4/1/2018"
"119964",,"ACTIVE",,"county","653100000000","喀什地区","653126000000","叶城县","650000000000","新疆维吾尔自治区","叶城县","1","rt_dim_area","119964","4/1/2018"
"119965",,"ACTIVE",,"county","653100000000","喀什地区","653127000000","麦盖提县","650000000000","新疆维吾尔自治区","麦盖提县","1","rt_dim_area","119965","4/1/2018"
"119966",,"ACTIVE",,"county","653100000000","喀什地区","653128000000","岳普湖县","650000000000","新疆维吾尔自治区","岳普湖县","1","rt_dim_area","119966","4/1/2018"
"119967",,"ACTIVE",,"county","653100000000","喀什地区","653129000000","伽师县","650000000000","新疆维吾尔自治区","伽师县","1","rt_dim_area","119967","4/1/2018"
"119968",,"ACTIVE",,"county","653100000000","喀什地区","653130000000","巴楚县","650000000000","新疆维吾尔自治区","巴楚县","1","rt_dim_area","119968","4/1/2018"
"119969",,"ACTIVE",,"county","653100000000","喀什地区","653131000000","塔什库尔干塔吉克自治县","650000000000","新疆维吾尔自治区","塔什库尔干塔吉克自治县","1","rt_dim_area","119969","4/1/2018"
"119970",,"ACTIVE",,"city","653200000000","和田地区",,,"650000000000","新疆维吾尔自治区","和田地区","1","rt_dim_area","119970","4/1/2018"
"119971",,"ACTIVE",,"county","653200000000","和田地区","653201000000","和田市","650000000000","新疆维吾尔自治区","和田市","1","rt_dim_area","119971","4/1/2018"
"119972",,"ACTIVE",,"county","653200000000","和田地区","653221000000","和田县","650000000000","新疆维吾尔自治区","和田县","1","rt_dim_area","119972","4/1/2018"
"119973",,"ACTIVE",,"county","653200000000","和田地区","653222000000","墨玉县","650000000000","新疆维吾尔自治区","墨玉县","1","rt_dim_area","119973","4/1/2018"
"119974",,"ACTIVE",,"county","653200000000","和田地区","653223000000","皮山县","650000000000","新疆维吾尔自治区","皮山县","1","rt_dim_area","119974","4/1/2018"
"119975",,"ACTIVE",,"county","653200000000","和田地区","653224000000","洛浦县","650000000000","新疆维吾尔自治区","洛浦县","1","rt_dim_area","119975","4/1/2018"
"119976",,"ACTIVE",,"county","653200000000","和田地区","653225000000","策勒县","650000000000","新疆维吾尔自治区","策勒县","1","rt_dim_area","119976","4/1/2018"
"119977",,"ACTIVE",,"county","653200000000","和田地区","653226000000","于田县","650000000000","新疆维吾尔自治区","于田县","1","rt_dim_area","119977","4/1/2018"
"119978",,"ACTIVE",,"county","653200000000","和田地区","653227000000","民丰县","650000000000","新疆维吾尔自治区","民丰县","1","rt_dim_area","119978","4/1/2018"
"119979",,"ACTIVE",,"city","654000000000","伊犁哈萨克自治州",,,"650000000000","新疆维吾尔自治区","伊犁哈萨克自治州","1","rt_dim_area","119979","4/1/2018"
"119980",,"ACTIVE",,"county","654000000000","伊犁哈萨克自治州","654002000000","伊宁市","650000000000","新疆维吾尔自治区","伊宁市","1","rt_dim_area","119980","4/1/2018"
"119981",,"ACTIVE",,"county","654000000000","伊犁哈萨克自治州","654003000000","奎屯市","650000000000","新疆维吾尔自治区","奎屯市","1","rt_dim_area","119981","4/1/2018"
"119982",,"ACTIVE",,"county","654000000000","伊犁哈萨克自治州","654004000000","霍尔果斯市","650000000000","新疆维吾尔自治区","霍尔果斯市","1","rt_dim_area","119982","4/1/2018"
"119983",,"ACTIVE",,"county","654000000000","伊犁哈萨克自治州","654021000000","伊宁县","650000000000","新疆维吾尔自治区","伊宁县","1","rt_dim_area","119983","4/1/2018"
"119984",,"ACTIVE",,"county","654000000000","伊犁哈萨克自治州","654022000000","察布查尔锡伯自治县","650000000000","新疆维吾尔自治区","察布查尔锡伯自治县","1","rt_dim_area","119984","4/1/2018"
"119985",,"ACTIVE",,"county","654000000000","伊犁哈萨克自治州","654023000000","霍城县","650000000000","新疆维吾尔自治区","霍城县","1","rt_dim_area","119985","4/1/2018"
"119986",,"ACTIVE",,"county","654000000000","伊犁哈萨克自治州","654024000000","巩留县","650000000000","新疆维吾尔自治区","巩留县","1","rt_dim_area","119986","4/1/2018"
"119987",,"ACTIVE",,"county","654000000000","伊犁哈萨克自治州","654025000000","新源县","650000000000","新疆维吾尔自治区","新源县","1","rt_dim_area","119987","4/1/2018"
"119988",,"ACTIVE",,"county","654000000000","伊犁哈萨克自治州","654026000000","昭苏县","650000000000","新疆维吾尔自治区","昭苏县","1","rt_dim_area","119988","4/1/2018"
"119989",,"ACTIVE",,"county","654000000000","伊犁哈萨克自治州","654027000000","特克斯县","650000000000","新疆维吾尔自治区","特克斯县","1","rt_dim_area","119989","4/1/2018"
"119990",,"ACTIVE",,"county","654000000000","伊犁哈萨克自治州","654028000000","尼勒克县","650000000000","新疆维吾尔自治区","尼勒克县","1","rt_dim_area","119990","4/1/2018"
"119991",,"ACTIVE",,"city","654200000000","塔城地区",,,"650000000000","新疆维吾尔自治区","塔城地区","1","rt_dim_area","119991","4/1/2018"
"119992",,"ACTIVE",,"county","654200000000","塔城地区","654201000000","塔城市","650000000000","新疆维吾尔自治区","塔城市","1","rt_dim_area","119992","4/1/2018"
"119993",,"ACTIVE",,"county","654200000000","塔城地区","654202000000","乌苏市","650000000000","新疆维吾尔自治区","乌苏市","1","rt_dim_area","119993","4/1/2018"
"119994",,"ACTIVE",,"county","654200000000","塔城地区","654221000000","额敏县","650000000000","新疆维吾尔自治区","额敏县","1","rt_dim_area","119994","4/1/2018"
"119995",,"ACTIVE",,"county","654200000000","塔城地区","654223000000","沙湾县","650000000000","新疆维吾尔自治区","沙湾县","1","rt_dim_area","119995","4/1/2018"
"119996",,"ACTIVE",,"county","654200000000","塔城地区","654224000000","托里县","650000000000","新疆维吾尔自治区","托里县","1","rt_dim_area","119996","4/1/2018"
"119997",,"ACTIVE",,"county","654200000000","塔城地区","654225000000","裕民县","650000000000","新疆维吾尔自治区","裕民县","1","rt_dim_area","119997","4/1/2018"
"119998",,"ACTIVE",,"county","654200000000","塔城地区","654226000000","和布克赛尔蒙古自治县","650000000000","新疆维吾尔自治区","和布克赛尔蒙古自治县","1","rt_dim_area","119998","4/1/2018"
"119999",,"ACTIVE",,"city","654300000000","阿勒泰地区",,,"650000000000","新疆维吾尔自治区","阿勒泰地区","1","rt_dim_area","119999","4/1/2018"
"120000",,"ACTIVE",,"county","654300000000","阿勒泰地区","654301000000","阿勒泰市","650000000000","新疆维吾尔自治区","阿勒泰市","1","rt_dim_area","120000","4/1/2018"
"120001",,"ACTIVE",,"county","654300000000","阿勒泰地区","654321000000","布尔津县","650000000000","新疆维吾尔自治区","布尔津县","1","rt_dim_area","120001","4/1/2018"
"120002",,"ACTIVE",,"county","654300000000","阿勒泰地区","654322000000","富蕴县","650000000000","新疆维吾尔自治区","富蕴县","1","rt_dim_area","120002","4/1/2018"
"120003",,"ACTIVE",,"county","654300000000","阿勒泰地区","654323000000","福海县","650000000000","新疆维吾尔自治区","福海县","1","rt_dim_area","120003","4/1/2018"
"120004",,"ACTIVE",,"county","654300000000","阿勒泰地区","654324000000","哈巴河县","650000000000","新疆维吾尔自治区","哈巴河县","1","rt_dim_area","120004","4/1/2018"
"120005",,"ACTIVE",,"county","654300000000","阿勒泰地区","654325000000","青河县","650000000000","新疆维吾尔自治区","青河县","1","rt_dim_area","120005","4/1/2018"
"120006",,"ACTIVE",,"county","654300000000","阿勒泰地区","654326000000","吉木乃县","650000000000","新疆维吾尔自治区","吉木乃县","1","rt_dim_area","120006","4/1/2018"
"120007",,"ACTIVE",,"city","659001000000","石河子市",,,"650000000000","新疆维吾尔自治区","石河子市","1","rt_dim_area","120007","4/1/2018"
"120008",,"ACTIVE",,"county","659001000000","石河子市","659001100000","石河子市","650000000000","新疆维吾尔自治区","石河子市","1","rt_dim_area","120008","4/1/2018"
"120009",,"ACTIVE",,"city","659002000000","阿拉尔市",,,"650000000000","新疆维吾尔自治区","阿拉尔市","1","rt_dim_area","120009","4/1/2018"
"120010",,"ACTIVE",,"county","659002000000","阿拉尔市","659002100000","阿拉尔市","650000000000","新疆维吾尔自治区","阿拉尔市","1","rt_dim_area","120010","4/1/2018"
"120011",,"ACTIVE",,"city","659003000000","图木舒克市",,,"650000000000","新疆维吾尔自治区","图木舒克市","1","rt_dim_area","120011","4/1/2018"
"120012",,"ACTIVE",,"county","659003000000","图木舒克市","659003100000","图木舒克市","650000000000","新疆维吾尔自治区","图木舒克市","1","rt_dim_area","120012","4/1/2018"
"120013",,"ACTIVE",,"city","659004000000","五家渠市",,,"650000000000","新疆维吾尔自治区","五家渠市","1","rt_dim_area","120013","4/1/2018"
"120014",,"ACTIVE",,"county","659004000000","五家渠市","659004100000","五家渠市","650000000000","新疆维吾尔自治区","五家渠市","1","rt_dim_area","120014","4/1/2018"
"120015",,"ACTIVE",,"city","659005000000","北屯市",,,"650000000000","新疆维吾尔自治区","北屯市","1","rt_dim_area","120015","4/1/2018"
"120016",,"ACTIVE",,"county","659005000000","北屯市","659005100000","北屯市","650000000000","新疆维吾尔自治区","北屯市","1","rt_dim_area","120016","4/1/2018"
"120017",,"ACTIVE",,"city","659006000000","铁门关市",,,"650000000000","新疆维吾尔自治区","铁门关市","1","rt_dim_area","120017","4/1/2018"
"120018",,"ACTIVE",,"county","659006000000","铁门关市","659006100000","铁门关市","650000000000","新疆维吾尔自治区","铁门关市","1","rt_dim_area","120018","4/1/2018"
"120019",,"ACTIVE",,"city","659007000000","双河市",,,"650000000000","新疆维吾尔自治区","双河市","1","rt_dim_area","120019","4/1/2018"
"120020",,"ACTIVE",,"county","659007000000","双河市","659007100000","双河市","650000000000","新疆维吾尔自治区","双河市","1","rt_dim_area","120020","4/1/2018"
"120021",,"ACTIVE",,"city","659008000000","可克达拉市",,,"650000000000","新疆维吾尔自治区","可克达拉市","1","rt_dim_area","120021","4/1/2018"
"120022",,"ACTIVE",,"county","659008000000","可克达拉市","659008100000","可克达拉市","650000000000","新疆维吾尔自治区","可克达拉市","1","rt_dim_area","120022","4/1/2018"
"120023",,"ACTIVE",,"city","659009000000","昆玉市",,,"650000000000","新疆维吾尔自治区","昆玉市","1","rt_dim_area","120023","4/1/2018"
"120024",,"ACTIVE",,"county","659009000000","昆玉市","659009100000","昆玉市","650000000000","新疆维吾尔自治区","昆玉市","1","rt_dim_area","120024","4/1/2018"
"120025",,"ACTIVE",,"province",,,,,"660000000000","新疆生产建设兵团","新疆生产建设兵团","1","rt_dim_area","120025","4/1/2018"
"120026",,"ACTIVE",,"city","660100000000","第一师",,,"660000000000","新疆生产建设兵团","第一师","1","rt_dim_area","120026","4/1/2018"
"120027",,"ACTIVE",,"county","660100000000","第一师","660101000000","阿拉尔市","660000000000","新疆生产建设兵团","阿拉尔市","1","rt_dim_area","120027","4/1/2018"
"120028",,"ACTIVE",,"county","660100000000","第一师","660102000000","1团","660000000000","新疆生产建设兵团","1团","1","rt_dim_area","120028","4/1/2018"
"120029",,"ACTIVE",,"county","660100000000","第一师","660103000000","2团","660000000000","新疆生产建设兵团","2团","1","rt_dim_area","120029","4/1/2018"
"120030",,"ACTIVE",,"county","660100000000","第一师","660104000000","3团","660000000000","新疆生产建设兵团","3团","1","rt_dim_area","120030","4/1/2018"
"120031",,"ACTIVE",,"county","660100000000","第一师","660105000000","4团","660000000000","新疆生产建设兵团","4团","1","rt_dim_area","120031","4/1/2018"
"120032",,"ACTIVE",,"county","660100000000","第一师","660106000000","5团","660000000000","新疆生产建设兵团","5团","1","rt_dim_area","120032","4/1/2018"
"120033",,"ACTIVE",,"county","660100000000","第一师","660107000000","6团","660000000000","新疆生产建设兵团","6团","1","rt_dim_area","120033","4/1/2018"
"120034",,"ACTIVE",,"county","660100000000","第一师","660108000000","7团","660000000000","新疆生产建设兵团","7团","1","rt_dim_area","120034","4/1/2018"
"120035",,"ACTIVE",,"county","660100000000","第一师","660109000000","8团","660000000000","新疆生产建设兵团","8团","1","rt_dim_area","120035","4/1/2018"
"120036",,"ACTIVE",,"county","660100000000","第一师","660110000000","10团(含9团)","660000000000","新疆生产建设兵团","10团(含9团)","1","rt_dim_area","120036","4/1/2018"
"120037",,"ACTIVE",,"county","660100000000","第一师","660111000000","11团","660000000000","新疆生产建设兵团","11团","1","rt_dim_area","120037","4/1/2018"
"120038",,"ACTIVE",,"county","660100000000","第一师","660112000000","12团","660000000000","新疆生产建设兵团","12团","1","rt_dim_area","120038","4/1/2018"
"120039",,"ACTIVE",,"county","660100000000","第一师","660113000000","13团(含15团)","660000000000","新疆生产建设兵团","13团(含15团)","1","rt_dim_area","120039","4/1/2018"
"120040",,"ACTIVE",,"county","660100000000","第一师","660114000000","14团","660000000000","新疆生产建设兵团","14团","1","rt_dim_area","120040","4/1/2018"
"120041",,"ACTIVE",,"county","660100000000","第一师","660115000000","16团","660000000000","新疆生产建设兵团","16团","1","rt_dim_area","120041","4/1/2018"
"120042",,"ACTIVE",,"city","660200000000","第二师",,,"660000000000","新疆生产建设兵团","第二师","1","rt_dim_area","120042","4/1/2018"
"120043",,"ACTIVE",,"county","660200000000","第二师","660201000000","21团","660000000000","新疆生产建设兵团","21团","1","rt_dim_area","120043","4/1/2018"
"120044",,"ACTIVE",,"county","660200000000","第二师","660202000000","22团(含23团)","660000000000","新疆生产建设兵团","22团(含23团)","1","rt_dim_area","120044","4/1/2018"
"120045",,"ACTIVE",,"county","660200000000","第二师","660203000000","24团(含26团)","660000000000","新疆生产建设兵团","24团(含26团)","1","rt_dim_area","120045","4/1/2018"
"120046",,"ACTIVE",,"county","660200000000","第二师","660204000000","25团","660000000000","新疆生产建设兵团","25团","1","rt_dim_area","120046","4/1/2018"
"120047",,"ACTIVE",,"county","660200000000","第二师","660205000000","27团","660000000000","新疆生产建设兵团","27团","1","rt_dim_area","120047","4/1/2018"
"120048",,"ACTIVE",,"county","660200000000","第二师","660206000000","29团(含28团)","660000000000","新疆生产建设兵团","29团(含28团)","1","rt_dim_area","120048","4/1/2018"
"120049",,"ACTIVE",,"county","660200000000","第二师","660207000000","30团","660000000000","新疆生产建设兵团","30团","1","rt_dim_area","120049","4/1/2018"
"120050",,"ACTIVE",,"county","660200000000","第二师","660208000000","31团","660000000000","新疆生产建设兵团","31团","1","rt_dim_area","120050","4/1/2018"
"120051",,"ACTIVE",,"county","660200000000","第二师","660209000000","33团(含32团)","660000000000","新疆生产建设兵团","33团(含32团)","1","rt_dim_area","120051","4/1/2018"
"120052",,"ACTIVE",,"county","660200000000","第二师","660210000000","34团(含35团)","660000000000","新疆生产建设兵团","34团(含35团)","1","rt_dim_area","120052","4/1/2018"
"120053",,"ACTIVE",,"county","660200000000","第二师","660211000000","36团","660000000000","新疆生产建设兵团","36团","1","rt_dim_area","120053","4/1/2018"
"120054",,"ACTIVE",,"county","660200000000","第二师","660212000000","223团","660000000000","新疆生产建设兵团","223团","1","rt_dim_area","120054","4/1/2018"
"120055",,"ACTIVE",,"county","660200000000","第二师","660220000000","铁门关市","660000000000","新疆生产建设兵团","铁门关市","1","rt_dim_area","120055","4/1/2018"
"120056",,"ACTIVE",,"city","660300000000","第三师",,,"660000000000","新疆生产建设兵团","第三师","1","rt_dim_area","120056","4/1/2018"
"120057",,"ACTIVE",,"county","660300000000","第三师","660301000000","图木舒克市","660000000000","新疆生产建设兵团","图木舒克市","1","rt_dim_area","120057","4/1/2018"
"120058",,"ACTIVE",,"county","660300000000","第三师","660302000000","41团(含东风农场)","660000000000","新疆生产建设兵团","41团(含东风农场)","1","rt_dim_area","120058","4/1/2018"
"120059",,"ACTIVE",,"county","660300000000","第三师","660303000000","42团","660000000000","新疆生产建设兵团","42团","1","rt_dim_area","120059","4/1/2018"
"120060",,"ACTIVE",,"county","660300000000","第三师","660304000000","44团(含52团)","660000000000","新疆生产建设兵团","44团(含52团)","1","rt_dim_area","120060","4/1/2018"
"120061",,"ACTIVE",,"county","660300000000","第三师","660305000000","45团(含43团)","660000000000","新疆生产建设兵团","45团(含43团)","1","rt_dim_area","120061","4/1/2018"
"120062",,"ACTIVE",,"county","660300000000","第三师","660306000000","46团(含莎车农场)","660000000000","新疆生产建设兵团","46团(含莎车农场)","1","rt_dim_area","120062","4/1/2018"
"120063",,"ACTIVE",,"county","660300000000","第三师","660307000000","48团","660000000000","新疆生产建设兵团","48团","1","rt_dim_area","120063","4/1/2018"
"120064",,"ACTIVE",,"county","660300000000","第三师","660308000000","49团","660000000000","新疆生产建设兵团","49团","1","rt_dim_area","120064","4/1/2018"
"120065",,"ACTIVE",,"county","660300000000","第三师","660309000000","50团","660000000000","新疆生产建设兵团","50团","1","rt_dim_area","120065","4/1/2018"
"120066",,"ACTIVE",,"county","660300000000","第三师","660310000000","51团","660000000000","新疆生产建设兵团","51团","1","rt_dim_area","120066","4/1/2018"
"120067",,"ACTIVE",,"county","660300000000","第三师","660311000000","53团","660000000000","新疆生产建设兵团","53团","1","rt_dim_area","120067","4/1/2018"
"120068",,"ACTIVE",,"county","660300000000","第三师","660312000000","伽师总场(含红旗、托云农场)","660000000000","新疆生产建设兵团","伽师总场(含红旗、托云农场)","1","rt_dim_area","120068","4/1/2018"
"120069",,"ACTIVE",,"county","660300000000","第三师","660313000000","叶城牧场","660000000000","新疆生产建设兵团","叶城牧场","1","rt_dim_area","120069","4/1/2018"
"120070",,"ACTIVE",,"city","660400000000","第四师",,,"660000000000","新疆生产建设兵团","第四师","1","rt_dim_area","120070","4/1/2018"
"120071",,"ACTIVE",,"county","660400000000","第四师","660401000000","61团","660000000000","新疆生产建设兵团","61团","1","rt_dim_area","120071","4/1/2018"
"120072",,"ACTIVE",,"county","660400000000","第四师","660402000000","62团","660000000000","新疆生产建设兵团","62团","1","rt_dim_area","120072","4/1/2018"
"120073",,"ACTIVE",,"county","660400000000","第四师","660403000000","63团","660000000000","新疆生产建设兵团","63团","1","rt_dim_area","120073","4/1/2018"
"120074",,"ACTIVE",,"county","660400000000","第四师","660404000000","64团","660000000000","新疆生产建设兵团","64团","1","rt_dim_area","120074","4/1/2018"
"120075",,"ACTIVE",,"county","660400000000","第四师","660405000000","66团（含65团、良繁场）","660000000000","新疆生产建设兵团","66团（含65团、良繁场）","1","rt_dim_area","120075","4/1/2018"
"120076",,"ACTIVE",,"county","660400000000","第四师","660406000000","67团","660000000000","新疆生产建设兵团","67团","1","rt_dim_area","120076","4/1/2018"
"120077",,"ACTIVE",,"county","660400000000","第四师","660407000000","68团","660000000000","新疆生产建设兵团","68团","1","rt_dim_area","120077","4/1/2018"
"120078",,"ACTIVE",,"county","660400000000","第四师","660408000000","69团","660000000000","新疆生产建设兵团","69团","1","rt_dim_area","120078","4/1/2018"
"120079",,"ACTIVE",,"county","660400000000","第四师","660409000000","70团（含拜么墩农场）","660000000000","新疆生产建设兵团","70团（含拜么墩农场）","1","rt_dim_area","120079","4/1/2018"
"120080",,"ACTIVE",,"county","660400000000","第四师","660410000000","71团","660000000000","新疆生产建设兵团","71团","1","rt_dim_area","120080","4/1/2018"
"120081",,"ACTIVE",,"county","660400000000","第四师","660411000000","72团","660000000000","新疆生产建设兵团","72团","1","rt_dim_area","120081","4/1/2018"
"120082",,"ACTIVE",,"county","660400000000","第四师","660412000000","73团","660000000000","新疆生产建设兵团","73团","1","rt_dim_area","120082","4/1/2018"
"120083",,"ACTIVE",,"county","660400000000","第四师","660413000000","74团","660000000000","新疆生产建设兵团","74团","1","rt_dim_area","120083","4/1/2018"
"120084",,"ACTIVE",,"county","660400000000","第四师","660414000000","75团","660000000000","新疆生产建设兵团","75团","1","rt_dim_area","120084","4/1/2018"
"120085",,"ACTIVE",,"county","660400000000","第四师","660415000000","76团","660000000000","新疆生产建设兵团","76团","1","rt_dim_area","120085","4/1/2018"
"120086",,"ACTIVE",,"county","660400000000","第四师","660416000000","77团","660000000000","新疆生产建设兵团","77团","1","rt_dim_area","120086","4/1/2018"
"120087",,"ACTIVE",,"county","660400000000","第四师","660417000000","78团","660000000000","新疆生产建设兵团","78团","1","rt_dim_area","120087","4/1/2018"
"120088",,"ACTIVE",,"county","660400000000","第四师","660418000000","79团","660000000000","新疆生产建设兵团","79团","1","rt_dim_area","120088","4/1/2018"
"120089",,"ACTIVE",,"county","660400000000","第四师","660420000000","可克达拉市","660000000000","新疆生产建设兵团","可克达拉市","1","rt_dim_area","120089","4/1/2018"
"120090",,"ACTIVE",,"city","660500000000","第五师",,,"660000000000","新疆生产建设兵团","第五师","1","rt_dim_area","120090","4/1/2018"
"120091",,"ACTIVE",,"county","660500000000","第五师","660501000000","81团","660000000000","新疆生产建设兵团","81团","1","rt_dim_area","120091","4/1/2018"
"120092",,"ACTIVE",,"county","660500000000","第五师","660502000000","83团（含82团）","660000000000","新疆生产建设兵团","83团（含82团）","1","rt_dim_area","120092","4/1/2018"
"120093",,"ACTIVE",,"county","660500000000","第五师","660503000000","84团","660000000000","新疆生产建设兵团","84团","1","rt_dim_area","120093","4/1/2018"
"120094",,"ACTIVE",,"county","660500000000","第五师","660504000000","86团（85团）","660000000000","新疆生产建设兵团","86团（85团）","1","rt_dim_area","120094","4/1/2018"
"120095",,"ACTIVE",,"county","660500000000","第五师","660505000000","87团","660000000000","新疆生产建设兵团","87团","1","rt_dim_area","120095","4/1/2018"
"120096",,"ACTIVE",,"county","660500000000","第五师","660506000000","88团","660000000000","新疆生产建设兵团","88团","1","rt_dim_area","120096","4/1/2018"
"120097",,"ACTIVE",,"county","660500000000","第五师","660507000000","89团","660000000000","新疆生产建设兵团","89团","1","rt_dim_area","120097","4/1/2018"
"120098",,"ACTIVE",,"county","660500000000","第五师","660508000000","90团","660000000000","新疆生产建设兵团","90团","1","rt_dim_area","120098","4/1/2018"
"120099",,"ACTIVE",,"county","660500000000","第五师","660509000000","91团","660000000000","新疆生产建设兵团","91团","1","rt_dim_area","120099","4/1/2018"
"120100",,"ACTIVE",,"county","660500000000","第五师","660520000000","双河市","660000000000","新疆生产建设兵团","双河市","1","rt_dim_area","120100","4/1/2018"
"120101",,"ACTIVE",,"city","660600000000","第六师",,,"660000000000","新疆生产建设兵团","第六师","1","rt_dim_area","120101","4/1/2018"
"120102",,"ACTIVE",,"county","660600000000","第六师","660601000000","五家渠市","660000000000","新疆生产建设兵团","五家渠市","1","rt_dim_area","120102","4/1/2018"
"120103",,"ACTIVE",,"county","660600000000","第六师","660602000000","101团","660000000000","新疆生产建设兵团","101团","1","rt_dim_area","120103","4/1/2018"
"120104",,"ACTIVE",,"county","660600000000","第六师","660603000000","102团","660000000000","新疆生产建设兵团","102团","1","rt_dim_area","120104","4/1/2018"
"120105",,"ACTIVE",,"county","660600000000","第六师","660604000000","103团","660000000000","新疆生产建设兵团","103团","1","rt_dim_area","120105","4/1/2018"
"120106",,"ACTIVE",,"county","660600000000","第六师","660605000000","105团（含111团）","660000000000","新疆生产建设兵团","105团（含111团）","1","rt_dim_area","120106","4/1/2018"
"120107",,"ACTIVE",,"county","660600000000","第六师","660606000000","新湖农场","660000000000","新疆生产建设兵团","新湖农场","1","rt_dim_area","120107","4/1/2018"
"120108",,"ACTIVE",,"county","660600000000","第六师","660607000000","芳草湖农场","660000000000","新疆生产建设兵团","芳草湖农场","1","rt_dim_area","120108","4/1/2018"
"120109",,"ACTIVE",,"county","660600000000","第六师","660608000000","军户农场","660000000000","新疆生产建设兵团","军户农场","1","rt_dim_area","120109","4/1/2018"
"120110",,"ACTIVE",,"county","660600000000","第六师","660609000000","共青团农场","660000000000","新疆生产建设兵团","共青团农场","1","rt_dim_area","120110","4/1/2018"
"120111",,"ACTIVE",,"county","660600000000","第六师","660610000000","六运湖农场","660000000000","新疆生产建设兵团","六运湖农场","1","rt_dim_area","120111","4/1/2018"
"120112",,"ACTIVE",,"county","660600000000","第六师","660611000000","土墩子农场","660000000000","新疆生产建设兵团","土墩子农场","1","rt_dim_area","120112","4/1/2018"
"120113",,"ACTIVE",,"county","660600000000","第六师","660612000000","红旗农场（含107团）","660000000000","新疆生产建设兵团","红旗农场（含107团）","1","rt_dim_area","120113","4/1/2018"
"120114",,"ACTIVE",,"county","660600000000","第六师","660613000000","奇台农场（含108、109、110团）","660000000000","新疆生产建设兵团","奇台农场（含108、109、110团）","1","rt_dim_area","120114","4/1/2018"
"120115",,"ACTIVE",,"county","660600000000","第六师","660614000000","106团","660000000000","新疆生产建设兵团","106团","1","rt_dim_area","120115","4/1/2018"
"120116",,"ACTIVE",,"county","660600000000","第六师","660615000000","北塔山牧场","660000000000","新疆生产建设兵团","北塔山牧场","1","rt_dim_area","120116","4/1/2018"
"120117",,"ACTIVE",,"city","660700000000","第七师",,,"660000000000","新疆生产建设兵团","第七师","1","rt_dim_area","120117","4/1/2018"
"120118",,"ACTIVE",,"county","660700000000","第七师","660701000000","123团（含127团）","660000000000","新疆生产建设兵团","123团（含127团）","1","rt_dim_area","120118","4/1/2018"
"120119",,"ACTIVE",,"county","660700000000","第七师","660702000000","124团","660000000000","新疆生产建设兵团","124团","1","rt_dim_area","120119","4/1/2018"
"120120",,"ACTIVE",,"county","660700000000","第七师","660703000000","125团","660000000000","新疆生产建设兵团","125团","1","rt_dim_area","120120","4/1/2018"
"120121",,"ACTIVE",,"county","660700000000","第七师","660704000000","126团","660000000000","新疆生产建设兵团","126团","1","rt_dim_area","120121","4/1/2018"
"120122",,"ACTIVE",,"county","660700000000","第七师","660705000000","128团","660000000000","新疆生产建设兵团","128团","1","rt_dim_area","120122","4/1/2018"
"120123",,"ACTIVE",,"county","660700000000","第七师","660706000000","129团","660000000000","新疆生产建设兵团","129团","1","rt_dim_area","120123","4/1/2018"
"120124",,"ACTIVE",,"county","660700000000","第七师","660707000000","130团","660000000000","新疆生产建设兵团","130团","1","rt_dim_area","120124","4/1/2018"
"120125",,"ACTIVE",,"county","660700000000","第七师","660708000000","131团","660000000000","新疆生产建设兵团","131团","1","rt_dim_area","120125","4/1/2018"
"120126",,"ACTIVE",,"county","660700000000","第七师","660709000000","137团","660000000000","新疆生产建设兵团","137团","1","rt_dim_area","120126","4/1/2018"
"120127",,"ACTIVE",,"city","660800000000","第八师",,,"660000000000","新疆生产建设兵团","第八师","1","rt_dim_area","120127","4/1/2018"
"120128",,"ACTIVE",,"county","660800000000","第八师","660801000000","石河子市","660000000000","新疆生产建设兵团","石河子市","1","rt_dim_area","120128","4/1/2018"
"120129",,"ACTIVE",,"county","660800000000","第八师","660802000000","121团（含122团）","660000000000","新疆生产建设兵团","121团（含122团）","1","rt_dim_area","120129","4/1/2018"
"120130",,"ACTIVE",,"county","660800000000","第八师","660803000000","133团（含132团）","660000000000","新疆生产建设兵团","133团（含132团）","1","rt_dim_area","120130","4/1/2018"
"120131",,"ACTIVE",,"county","660800000000","第八师","660804000000","134团（含135团）","660000000000","新疆生产建设兵团","134团（含135团）","1","rt_dim_area","120131","4/1/2018"
"120132",,"ACTIVE",,"county","660800000000","第八师","660805000000","136团","660000000000","新疆生产建设兵团","136团","1","rt_dim_area","120132","4/1/2018"
"120133",,"ACTIVE",,"county","660800000000","第八师","660806000000","141团","660000000000","新疆生产建设兵团","141团","1","rt_dim_area","120133","4/1/2018"
"120134",,"ACTIVE",,"county","660800000000","第八师","660807000000","142团","660000000000","新疆生产建设兵团","142团","1","rt_dim_area","120134","4/1/2018"
"120135",,"ACTIVE",,"county","660800000000","第八师","660808000000","143团（含151团）","660000000000","新疆生产建设兵团","143团（含151团）","1","rt_dim_area","120135","4/1/2018"
"120136",,"ACTIVE",,"county","660800000000","第八师","660809000000","144团","660000000000","新疆生产建设兵团","144团","1","rt_dim_area","120136","4/1/2018"
"120137",,"ACTIVE",,"county","660800000000","第八师","660810000000","147团","660000000000","新疆生产建设兵团","147团","1","rt_dim_area","120137","4/1/2018"
"120138",,"ACTIVE",,"county","660800000000","第八师","660811000000","148团","660000000000","新疆生产建设兵团","148团","1","rt_dim_area","120138","4/1/2018"
"120139",,"ACTIVE",,"county","660800000000","第八师","660812000000","149团","660000000000","新疆生产建设兵团","149团","1","rt_dim_area","120139","4/1/2018"
"120140",,"ACTIVE",,"county","660800000000","第八师","660813000000","150团","660000000000","新疆生产建设兵团","150团","1","rt_dim_area","120140","4/1/2018"
"120141",,"ACTIVE",,"county","660800000000","第八师","660814000000","152团","660000000000","新疆生产建设兵团","152团","1","rt_dim_area","120141","4/1/2018"
"120142",,"ACTIVE",,"county","660800000000","第八师","660815000000","石河子总场","660000000000","新疆生产建设兵团","石河子总场","1","rt_dim_area","120142","4/1/2018"
"120143",,"ACTIVE",,"city","660900000000","第九师",,,"660000000000","新疆生产建设兵团","第九师","1","rt_dim_area","120143","4/1/2018"
"120144",,"ACTIVE",,"county","660900000000","第九师","660901000000","161团","660000000000","新疆生产建设兵团","161团","1","rt_dim_area","120144","4/1/2018"
"120145",,"ACTIVE",,"county","660900000000","第九师","660902000000","163团（162团）","660000000000","新疆生产建设兵团","163团（162团）","1","rt_dim_area","120145","4/1/2018"
"120146",,"ACTIVE",,"county","660900000000","第九师","660903000000","164团","660000000000","新疆生产建设兵团","164团","1","rt_dim_area","120146","4/1/2018"
"120147",,"ACTIVE",,"county","660900000000","第九师","660904000000","165团","660000000000","新疆生产建设兵团","165团","1","rt_dim_area","120147","4/1/2018"
"120148",,"ACTIVE",,"county","660900000000","第九师","660905000000","166团","660000000000","新疆生产建设兵团","166团","1","rt_dim_area","120148","4/1/2018"
"120149",,"ACTIVE",,"county","660900000000","第九师","660906000000","167团","660000000000","新疆生产建设兵团","167团","1","rt_dim_area","120149","4/1/2018"
"120150",,"ACTIVE",,"county","660900000000","第九师","660907000000","168团（169团）","660000000000","新疆生产建设兵团","168团（169团）","1","rt_dim_area","120150","4/1/2018"
"120151",,"ACTIVE",,"county","660900000000","第九师","660908000000","170团","660000000000","新疆生产建设兵团","170团","1","rt_dim_area","120151","4/1/2018"
"120152",,"ACTIVE",,"county","660900000000","第九师","660909000000","团结农场","660000000000","新疆生产建设兵团","团结农场","1","rt_dim_area","120152","4/1/2018"
"120153",,"ACTIVE",,"city","661000000000","第十师",,,"660000000000","新疆生产建设兵团","第十师","1","rt_dim_area","120153","4/1/2018"
"120154",,"ACTIVE",,"county","661000000000","第十师","661001000000","北屯市","660000000000","新疆生产建设兵团","北屯市","1","rt_dim_area","120154","4/1/2018"
"120155",,"ACTIVE",,"county","661000000000","第十师","661002000000","181团","660000000000","新疆生产建设兵团","181团","1","rt_dim_area","120155","4/1/2018"
"120156",,"ACTIVE",,"county","661000000000","第十师","661003000000","182团","660000000000","新疆生产建设兵团","182团","1","rt_dim_area","120156","4/1/2018"
"120157",,"ACTIVE",,"county","661000000000","第十师","661004000000","183团（含青河农场）","660000000000","新疆生产建设兵团","183团（含青河农场）","1","rt_dim_area","120157","4/1/2018"
"120158",,"ACTIVE",,"county","661000000000","第十师","661005000000","184团","660000000000","新疆生产建设兵团","184团","1","rt_dim_area","120158","4/1/2018"
"120159",,"ACTIVE",,"county","661000000000","第十师","661006000000","185团","660000000000","新疆生产建设兵团","185团","1","rt_dim_area","120159","4/1/2018"
"120160",,"ACTIVE",,"county","661000000000","第十师","661007000000","186团","660000000000","新疆生产建设兵团","186团","1","rt_dim_area","120160","4/1/2018"
"120161",,"ACTIVE",,"county","661000000000","第十师","661008000000","187团（含189团）","660000000000","新疆生产建设兵团","187团（含189团）","1","rt_dim_area","120161","4/1/2018"
"120162",,"ACTIVE",,"county","661000000000","第十师","661009000000","188团（含190团）","660000000000","新疆生产建设兵团","188团（含190团）","1","rt_dim_area","120162","4/1/2018"
"120163",,"ACTIVE",,"city","661100000000","第十一师",,,"660000000000","新疆生产建设兵团","第十一师","1","rt_dim_area","120163","4/1/2018"
"120164",,"ACTIVE",,"county","661100000000","第十一师","661101000000","第十一师","660000000000","新疆生产建设兵团","第十一师","1","rt_dim_area","120164","4/1/2018"
"120165",,"ACTIVE",,"city","661200000000","第十二师",,,"660000000000","新疆生产建设兵团","第十二师","1","rt_dim_area","120165","4/1/2018"
"120166",,"ACTIVE",,"county","661200000000","第十二师","661201000000","104团（含养禽场）","660000000000","新疆生产建设兵团","104团（含养禽场）","1","rt_dim_area","120166","4/1/2018"
"120167",,"ACTIVE",,"county","661200000000","第十二师","661202000000","五一农场","660000000000","新疆生产建设兵团","五一农场","1","rt_dim_area","120167","4/1/2018"
"120168",,"ACTIVE",,"county","661200000000","第十二师","661203000000","三坪农场","660000000000","新疆生产建设兵团","三坪农场","1","rt_dim_area","120168","4/1/2018"
"120169",,"ACTIVE",,"county","661200000000","第十二师","661204000000","头屯河农场","660000000000","新疆生产建设兵团","头屯河农场","1","rt_dim_area","120169","4/1/2018"
"120170",,"ACTIVE",,"county","661200000000","第十二师","661205000000","西山农牧场","660000000000","新疆生产建设兵团","西山农牧场","1","rt_dim_area","120170","4/1/2018"
"120171",,"ACTIVE",,"county","661200000000","第十二师","661206000000","221团","660000000000","新疆生产建设兵团","221团","1","rt_dim_area","120171","4/1/2018"
"120172",,"ACTIVE",,"county","661200000000","第十二师","661207000000","222团","660000000000","新疆生产建设兵团","222团","1","rt_dim_area","120172","4/1/2018"
"120173",,"ACTIVE",,"city","661300000000","第十三师",,,"660000000000","新疆生产建设兵团","第十三师","1","rt_dim_area","120173","4/1/2018"
"120174",,"ACTIVE",,"county","661300000000","第十三师","661301000000","红星一场","660000000000","新疆生产建设兵团","红星一场","1","rt_dim_area","120174","4/1/2018"
"120175",,"ACTIVE",,"county","661300000000","第十三师","661302000000","红星二场","660000000000","新疆生产建设兵团","红星二场","1","rt_dim_area","120175","4/1/2018"
"120176",,"ACTIVE",,"county","661300000000","第十三师","661303000000","红星四场（含红星二牧场）","660000000000","新疆生产建设兵团","红星四场（含红星二牧场）","1","rt_dim_area","120176","4/1/2018"
"120177",,"ACTIVE",,"county","661300000000","第十三师","661304000000","火箭农场（含红星三场）","660000000000","新疆生产建设兵团","火箭农场（含红星三场）","1","rt_dim_area","120177","4/1/2018"
"120178",,"ACTIVE",,"county","661300000000","第十三师","661305000000","黄田农场","660000000000","新疆生产建设兵团","黄田农场","1","rt_dim_area","120178","4/1/2018"
"120179",,"ACTIVE",,"county","661300000000","第十三师","661306000000","红山农场（含红星一牧场）","660000000000","新疆生产建设兵团","红山农场（含红星一牧场）","1","rt_dim_area","120179","4/1/2018"
"120180",,"ACTIVE",,"county","661300000000","第十三师","661307000000","柳树泉农场","660000000000","新疆生产建设兵团","柳树泉农场","1","rt_dim_area","120180","4/1/2018"
"120181",,"ACTIVE",,"county","661300000000","第十三师","661308000000","淖毛湖农场","660000000000","新疆生产建设兵团","淖毛湖农场","1","rt_dim_area","120181","4/1/2018"
"120182",,"ACTIVE",,"city","661400000000","第十四师",,,"660000000000","新疆生产建设兵团","第十四师","1","rt_dim_area","120182","4/1/2018"
"120183",,"ACTIVE",,"county","661400000000","第十四师","661401000000","皮山农场","660000000000","新疆生产建设兵团","皮山农场","1","rt_dim_area","120183","4/1/2018"
"120184",,"ACTIVE",,"county","661400000000","第十四师","661402000000","224团","660000000000","新疆生产建设兵团","224团","1","rt_dim_area","120184","4/1/2018"
"120185",,"ACTIVE",,"county","661400000000","第十四师","661403000000","47团","660000000000","新疆生产建设兵团","47团","1","rt_dim_area","120185","4/1/2018"
"120186",,"ACTIVE",,"county","661400000000","第十四师","661404000000","一牧场","660000000000","新疆生产建设兵团","一牧场","1","rt_dim_area","120186","4/1/2018"
"120187",,"ACTIVE",,"county","661400000000","第十四师","661420000000","昆玉市","660000000000","新疆生产建设兵团","昆玉市","1","rt_dim_area","120187","4/1/2018"
"120188",,"ACTIVE",,"city","661500000000","兵直",,,"660000000000","新疆生产建设兵团","兵直","1","rt_dim_area","120188","4/1/2018"
"120189",,"ACTIVE",,"county","661500000000","兵直","661502000000","驻乌鲁木齐区域","660000000000","新疆生产建设兵团","驻乌鲁木齐区域","1","rt_dim_area","120189","4/1/2018"
"120190",,"ACTIVE",,"county","510100000000","成都市","510100020000","高新区","510000000000","四川省","高新区","1","rt_dim_area","118975","4/1/2018"
"120191",,"ACTIVE",,"county","510100000000","成都市","510100030000","东部新区","510000000000","四川省","东部新区","1","rt_dim_area","118975","4/1/2018"
